date,sku_id,units_sold,revenue,unit_price,promo_flag
2024-01-01,K01,8.0,3192.0,399.0,0
2024-01-02,K01,6.0,2394.0,399.0,0
2024-01-03,K01,5.0,1995.0,399.0,0
2024-01-04,K01,5.0,1995.0,399.0,0
2024-01-05,K01,5.0,1995.0,399.0,0
2024-01-06,K01,4.0,1596.0,399.0,0
2024-01-07,K01,8.0,3192.0,399.0,0
2024-01-08,K01,3.0,1197.0,399.0,0
2024-01-09,K01,7.0,2793.0,399.0,0
2024-01-10,K01,7.0,2793.0,399.0,0
2024-01-11,K01,2.0,798.0,399.0,0
2024-01-12,K01,3.0,1197.0,399.0,0
2024-01-13,K01,8.0,3192.0,399.0,0
2024-01-14,K01,1.0,399.0,399.0,0
2024-01-15,K01,4.0,1596.0,399.0,0
2024-01-16,K01,6.0,2394.0,399.0,0
2024-01-17,K01,8.0,3192.0,399.0,0
2024-01-18,K01,4.0,1596.0,399.0,0
2024-01-19,K01,7.0,2793.0,399.0,0
2024-01-20,K01,4.0,1596.0,399.0,0
2024-01-21,K01,3.0,1197.0,399.0,0
2024-01-22,K01,6.0,2034.0,339.0,1
2024-01-23,K01,9.0,3051.0,339.0,1
2024-01-24,K01,6.0,2034.0,339.0,1
2024-01-25,K01,7.0,2373.0,339.0,1
2024-01-26,K01,7.0,2373.0,339.0,1
2024-01-27,K01,7.0,2373.0,339.0,1
2024-01-28,K01,14.0,4746.0,339.0,1
2024-01-29,K01,3.0,1197.0,399.0,0
2024-01-30,K01,7.0,2793.0,399.0,0
2024-01-31,K01,1.0,399.0,399.0,0
2024-02-01,K01,5.0,1995.0,399.0,0
2024-02-02,K01,5.0,1995.0,399.0,0
2024-02-03,K01,8.0,3192.0,399.0,0
2024-02-04,K01,8.0,3192.0,399.0,0
2024-02-05,K01,3.0,1197.0,399.0,0
2024-02-06,K01,9.0,3591.0,399.0,0
2024-02-07,K01,7.0,2793.0,399.0,0
2024-02-08,K01,4.0,1596.0,399.0,0
2024-02-09,K01,4.0,1596.0,399.0,0
2024-02-10,K01,2.0,798.0,399.0,0
2024-02-11,K01,5.0,1995.0,399.0,0
2024-02-12,K01,5.0,1995.0,399.0,0
2024-02-13,K01,4.0,1596.0,399.0,0
2024-02-14,K01,5.0,1995.0,399.0,0
2024-02-15,K01,12.0,4788.0,399.0,0
2024-02-16,K01,5.0,1995.0,399.0,0
2024-02-17,K01,10.0,3990.0,399.0,0
2024-02-18,K01,11.0,4389.0,399.0,0
2024-02-19,K01,4.0,1596.0,399.0,0
2024-02-20,K01,10.0,3990.0,399.0,0
2024-02-21,K01,10.0,3990.0,399.0,0
2024-02-22,K01,8.0,3192.0,399.0,0
2024-02-23,K01,6.0,2394.0,399.0,0
2024-02-24,K01,13.0,5187.0,399.0,0
2024-02-25,K01,6.0,2394.0,399.0,0
2024-02-26,K01,8.0,3192.0,399.0,0
2024-02-27,K01,6.0,2394.0,399.0,0
2024-02-28,K01,5.0,1995.0,399.0,0
2024-02-29,K01,1.0,399.0,399.0,0
2024-03-01,K01,10.0,3990.0,399.0,0
2024-03-02,K01,8.0,3192.0,399.0,0
2024-03-03,K01,8.0,3192.0,399.0,0
2024-03-04,K01,8.0,3192.0,399.0,0
2024-03-05,K01,10.0,3990.0,399.0,0
2024-03-06,K01,8.0,3192.0,399.0,0
2024-03-07,K01,6.0,2394.0,399.0,0
2024-03-08,K01,15.0,5985.0,399.0,0
2024-03-09,K01,7.0,2793.0,399.0,0
2024-03-10,K01,5.0,1995.0,399.0,0
2024-03-11,K01,11.0,4389.0,399.0,0
2024-03-12,K01,6.0,2394.0,399.0,0
2024-03-13,K01,9.0,3591.0,399.0,0
2024-03-14,K01,7.0,2793.0,399.0,0
2024-03-15,K01,11.0,4389.0,399.0,0
2024-03-16,K01,9.0,3591.0,399.0,0
2024-03-17,K01,9.0,3591.0,399.0,0
2024-03-18,K01,14.0,5586.0,399.0,0
2024-03-19,K01,7.0,2793.0,399.0,0
2024-03-20,K01,19.0,7581.0,399.0,0
2024-03-21,K01,10.0,3990.0,399.0,0
2024-03-22,K01,8.0,3192.0,399.0,0
2024-03-23,K01,6.0,2394.0,399.0,0
2024-03-24,K01,13.0,5187.0,399.0,0
2024-03-25,K01,7.0,2793.0,399.0,0
2024-03-26,K01,10.0,3990.0,399.0,0
2024-03-27,K01,10.0,3990.0,399.0,0
2024-03-28,K01,11.0,4389.0,399.0,0
2024-03-29,K01,9.0,3591.0,399.0,0
2024-03-30,K01,17.0,6783.0,399.0,0
2024-03-31,K01,10.0,3990.0,399.0,0
2024-04-01,K01,10.0,3990.0,399.0,0
2024-04-02,K01,11.0,4389.0,399.0,0
2024-04-03,K01,8.0,3192.0,399.0,0
2024-04-04,K01,9.0,3591.0,399.0,0
2024-04-05,K01,15.0,5985.0,399.0,0
2024-04-06,K01,13.0,5187.0,399.0,0
2024-04-07,K01,15.0,5985.0,399.0,0
2024-04-08,K01,12.0,4788.0,399.0,0
2024-04-09,K01,7.0,2793.0,399.0,0
2024-04-10,K01,6.0,2394.0,399.0,0
2024-04-11,K01,19.0,7581.0,399.0,0
2024-04-12,K01,10.0,3990.0,399.0,0
2024-04-13,K01,22.0,8778.0,399.0,0
2024-04-14,K01,4.0,1596.0,399.0,0
2024-04-15,K01,5.0,1995.0,399.0,0
2024-04-16,K01,11.0,4389.0,399.0,0
2024-04-17,K01,,1596.0,399.0,0
2024-04-18,K01,10.0,3990.0,399.0,0
2024-04-19,K01,14.0,5586.0,399.0,0
2024-04-20,K01,11.0,4389.0,399.0,0
2024-04-21,K01,12.0,4788.0,399.0,0
2024-04-22,K01,7.0,2793.0,399.0,0
2024-04-23,K01,12.0,4788.0,399.0,0
2024-04-24,K01,11.0,4389.0,399.0,0
2024-04-25,K01,16.0,6384.0,399.0,0
2024-04-26,K01,10.0,3990.0,399.0,0
2024-04-27,K01,14.0,5586.0,399.0,0
2024-04-28,K01,11.0,4389.0,399.0,0
2024-04-29,K01,19.0,7581.0,399.0,0
2024-04-30,K01,12.0,4788.0,399.0,0
2024-05-01,K01,8.0,3192.0,399.0,0
2024-05-02,K01,14.0,5586.0,399.0,0
2024-05-03,K01,13.0,5187.0,399.0,0
2024-05-04,K01,19.0,7581.0,399.0,0
2024-05-05,K01,19.0,7581.0,399.0,0
2024-05-06,K01,9.0,3591.0,399.0,0
2024-05-07,K01,17.0,6783.0,399.0,0
2024-05-08,K01,19.0,7581.0,399.0,0
2024-05-09,K01,11.0,4389.0,399.0,0
2024-05-10,K01,16.0,5424.0,339.0,1
2024-05-11,K01,22.0,7458.0,339.0,1
2024-05-12,K01,20.0,6780.0,339.0,1
2024-05-13,K01,11.0,3729.0,339.0,1
2024-05-14,K01,16.0,5424.0,339.0,1
2024-05-15,K01,14.0,4746.0,339.0,1
2024-05-16,K01,21.0,7119.0,339.0,1
2024-05-17,K01,16.0,5424.0,339.0,1
2024-05-18,K01,23.0,7797.0,339.0,1
2024-05-19,K01,16.0,5424.0,339.0,1
2024-05-20,K01,9.0,3591.0,399.0,0
2024-05-21,K01,14.0,5586.0,399.0,0
2024-05-22,K01,14.0,5586.0,399.0,0
2024-05-23,K01,11.0,4389.0,399.0,0
2024-05-24,K01,15.0,5985.0,399.0,0
2024-05-25,K01,13.0,5187.0,399.0,0
2024-05-26,K01,16.0,6384.0,399.0,0
2024-05-27,K01,16.0,6384.0,399.0,0
2024-05-28,K01,14.0,5586.0,399.0,0
2024-05-29,K01,14.0,5586.0,399.0,0
2024-05-30,K01,17.0,6783.0,399.0,0
2024-05-31,K01,13.0,5187.0,399.0,0
2024-06-01,K01,22.0,8778.0,399.0,0
2024-06-02,K01,18.0,7182.0,399.0,0
2024-06-03,K01,23.0,9177.0,399.0,0
2024-06-04,K01,20.0,7980.0,399.0,0
2024-06-05,K01,14.0,5586.0,399.0,0
2024-06-06,K01,19.0,7581.0,399.0,0
2024-06-07,K01,14.0,5586.0,399.0,0
2024-06-08,K01,19.0,7581.0,399.0,0
2024-06-09,K01,17.0,6783.0,399.0,0
2024-06-10,K01,18.0,7182.0,399.0,0
2024-06-11,K01,10.0,3990.0,399.0,0
2024-06-12,K01,13.0,5187.0,399.0,0
2024-06-13,K01,19.0,7581.0,399.0,0
2024-06-14,K01,12.0,4788.0,399.0,0
2024-06-15,K01,17.0,6783.0,399.0,0
2024-06-16,K01,16.0,6384.0,399.0,0
2024-06-17,K01,13.0,5187.0,399.0,0
2024-06-18,K01,9.0,3591.0,399.0,0
2024-06-19,K01,16.0,6384.0,399.0,0
2024-06-20,K01,23.0,9177.0,399.0,0
2024-06-21,K01,19.0,7581.0,399.0,0
2024-06-22,K01,12.0,4788.0,399.0,0
2024-06-23,K01,17.0,6783.0,399.0,0
2024-06-24,K01,11.0,4389.0,399.0,0
2024-06-25,K01,16.0,6384.0,399.0,0
2024-06-26,K01,9.0,3591.0,399.0,0
2024-06-27,K01,12.0,4788.0,399.0,0
2024-06-28,K01,23.0,9177.0,399.0,0
2024-06-29,K01,11.0,4389.0,399.0,0
2024-06-30,K01,17.0,6783.0,399.0,0
2024-07-01,K01,19.0,7581.0,399.0,0
2024-07-02,K01,15.0,5985.0,399.0,0
2024-07-03,K01,11.0,4389.0,399.0,0
2024-07-04,K01,19.0,7581.0,399.0,0
2024-07-05,K01,17.0,6783.0,399.0,0
2024-07-06,K01,15.0,5985.0,399.0,0
2024-07-07,K01,19.0,7581.0,399.0,0
2024-07-08,K01,8.0,3192.0,399.0,0
2024-07-09,K01,18.0,7182.0,399.0,0
2024-07-10,K01,13.0,5187.0,399.0,0
2024-07-11,K01,11.0,4389.0,399.0,0
2024-07-12,K01,12.0,4788.0,399.0,0
2024-07-13,K01,13.0,5187.0,399.0,0
2024-07-14,K01,16.0,6384.0,399.0,0
2024-07-15,K01,14.0,5586.0,399.0,0
2024-07-16,K01,13.0,5187.0,399.0,0
2024-07-17,K01,9.0,3591.0,399.0,0
2024-07-18,K01,10.0,3990.0,399.0,0
2024-07-19,K01,20.0,7980.0,399.0,0
2024-07-20,K01,17.0,6783.0,399.0,0
2024-07-21,K01,14.0,5586.0,399.0,0
2024-07-22,K01,17.0,6783.0,399.0,0
2024-07-23,K01,13.0,5187.0,399.0,0
2024-07-24,K01,20.0,7980.0,399.0,0
2024-07-25,K01,5.0,1995.0,399.0,0
2024-07-26,K01,17.0,6783.0,399.0,0
2024-07-27,K01,18.0,7182.0,399.0,0
2024-07-28,K01,12.0,4788.0,399.0,0
2024-07-29,K01,13.0,5187.0,399.0,0
2024-07-30,K01,11.0,4389.0,399.0,0
2024-07-31,K01,13.0,5187.0,399.0,0
2024-08-01,K01,9.0,3591.0,399.0,0
2024-08-02,K01,12.0,4788.0,399.0,0
2024-08-03,K01,13.0,5187.0,399.0,0
2024-08-04,K01,14.0,5586.0,399.0,0
2024-08-05,K01,14.0,5586.0,399.0,0
2024-08-06,K01,21.0,8379.0,399.0,0
2024-08-07,K01,9.0,3591.0,399.0,0
2024-08-08,K01,17.0,6783.0,399.0,0
2024-08-09,K01,12.0,4788.0,399.0,0
2024-08-10,K01,15.0,5985.0,399.0,0
2024-08-11,K01,13.0,5187.0,399.0,0
2024-08-12,K01,11.0,4389.0,399.0,0
2024-08-13,K01,15.0,5985.0,399.0,0
2024-08-14,K01,18.0,7182.0,399.0,0
2024-08-15,K01,14.0,5586.0,399.0,0
2024-08-16,K01,11.0,4389.0,399.0,0
2024-08-17,K01,9.0,3591.0,399.0,0
2024-08-18,K01,16.0,6384.0,399.0,0
2024-08-19,K01,14.0,5586.0,399.0,0
2024-08-20,K01,10.0,3990.0,399.0,0
2024-08-21,K01,9.0,3591.0,399.0,0
2024-08-22,K01,7.0,2793.0,399.0,0
2024-08-23,K01,7.0,2793.0,399.0,0
2024-08-24,K01,10.0,3990.0,399.0,0
2024-08-25,K01,15.0,5985.0,399.0,0
2024-08-26,K01,13.0,5187.0,399.0,0
2024-08-27,K01,13.0,5187.0,399.0,0
2024-08-28,K01,10.0,3990.0,399.0,0
2024-08-29,K01,12.0,4788.0,399.0,0
2024-08-30,K01,9.0,3591.0,399.0,0
2024-08-31,K01,13.0,5187.0,399.0,0
2024-09-01,K01,11.0,4389.0,399.0,0
2024-09-02,K01,14.0,5586.0,399.0,0
2024-09-03,K01,10.0,3990.0,399.0,0
2024-09-04,K01,12.0,4788.0,399.0,0
2024-09-05,K01,8.0,3192.0,399.0,0
2024-09-06,K01,10.0,3990.0,399.0,0
2024-09-07,K01,8.0,3192.0,399.0,0
2024-09-08,K01,10.0,3990.0,399.0,0
2024-09-09,K01,14.0,5586.0,399.0,0
2024-09-10,K01,13.0,5187.0,399.0,0
2024-09-11,K01,7.0,2793.0,399.0,0
2024-09-12,K01,9.0,3591.0,399.0,0
2024-09-13,K01,4.0,1596.0,399.0,0
2024-09-14,K01,15.0,5985.0,399.0,0
2024-09-15,K01,16.0,6384.0,399.0,0
2024-09-16,K01,11.0,4389.0,399.0,0
2024-09-17,K01,12.0,4788.0,399.0,0
2024-09-18,K01,9.0,3591.0,399.0,0
2024-09-19,K01,1.0,399.0,399.0,0
2024-09-20,K01,9.0,3591.0,399.0,0
2024-09-21,K01,14.0,5586.0,399.0,0
2024-09-22,K01,10.0,3990.0,399.0,0
2024-09-23,K01,9.0,3591.0,399.0,0
2024-09-24,K01,7.0,2793.0,399.0,0
2024-09-25,K01,14.0,5586.0,399.0,0
2024-09-26,K01,9.0,3591.0,399.0,0
2024-09-27,K01,5.0,1995.0,399.0,0
2024-09-28,K01,12.0,4788.0,399.0,0
2024-09-29,K01,15.0,5985.0,399.0,0
2024-09-30,K01,7.0,2793.0,399.0,0
2024-10-01,K01,6.0,2394.0,399.0,0
2024-10-02,K01,8.0,3192.0,399.0,0
2024-10-03,K01,9.0,3591.0,399.0,0
2024-10-04,K01,12.0,4788.0,399.0,0
2024-10-05,K01,7.0,2793.0,399.0,0
2024-10-06,K01,13.0,5187.0,399.0,0
2024-10-07,K01,7.0,2793.0,399.0,0
2024-10-08,K01,9.0,3591.0,399.0,0
2024-10-09,K01,4.0,1596.0,399.0,0
2024-10-10,K01,5.0,1995.0,399.0,0
2024-10-11,K01,11.0,4389.0,399.0,0
2024-10-12,K01,12.0,4788.0,399.0,0
2024-10-13,K01,9.0,3591.0,399.0,0
2024-10-14,K01,6.0,2394.0,399.0,0
2024-10-15,K01,5.0,1995.0,399.0,0
2024-10-16,K01,8.0,3192.0,399.0,0
2024-10-17,K01,7.0,2793.0,399.0,0
2024-10-18,K01,6.0,2394.0,399.0,0
2024-10-19,K01,8.0,3192.0,399.0,0
2024-10-20,K01,16.0,6384.0,399.0,0
2024-10-21,K01,4.0,1596.0,399.0,0
2024-10-22,K01,6.0,2394.0,399.0,0
2024-10-23,K01,7.0,2793.0,399.0,0
2024-10-24,K01,6.0,2394.0,399.0,0
2024-10-25,K01,9.0,3591.0,399.0,0
2024-10-26,K01,9.0,3591.0,399.0,0
2024-10-27,K01,9.0,3591.0,399.0,0
2024-10-28,K01,7.0,2373.0,339.0,1
2024-10-29,K01,14.0,4746.0,339.0,1
2024-10-30,K01,12.0,4068.0,339.0,1
2024-10-31,K01,9.0,3051.0,339.0,1
2024-11-01,K01,7.0,2373.0,339.0,1
2024-11-02,K01,4.0,1356.0,339.0,1
2024-11-03,K01,14.0,4746.0,339.0,1
2024-11-04,K01,6.0,2394.0,399.0,0
2024-11-05,K01,5.0,1995.0,399.0,0
2024-11-06,K01,13.0,5187.0,399.0,0
2024-11-07,K01,3.0,1197.0,399.0,0
2024-11-08,K01,10.0,3990.0,399.0,0
2024-11-09,K01,7.0,2793.0,399.0,0
2024-11-10,K01,6.0,2394.0,399.0,0
2024-11-11,K01,7.0,2793.0,399.0,0
2024-11-12,K01,6.0,2394.0,399.0,0
2024-11-13,K01,4.0,1596.0,399.0,0
2024-11-14,K01,4.0,1596.0,399.0,0
2024-11-15,K01,5.0,1995.0,399.0,0
2024-11-16,K01,10.0,3990.0,399.0,0
2024-11-17,K01,5.0,1995.0,399.0,0
2024-11-18,K01,7.0,2793.0,399.0,0
2024-11-19,K01,6.0,2394.0,399.0,0
2024-11-20,K01,7.0,2793.0,399.0,0
2024-11-21,K01,5.0,1995.0,399.0,0
2024-11-22,K01,10.0,3990.0,399.0,0
2024-11-23,K01,8.0,3192.0,399.0,0
2024-11-24,K01,12.0,4788.0,399.0,0
2024-11-25,K01,9.0,3591.0,399.0,0
2024-11-26,K01,4.0,1596.0,399.0,0
2024-11-27,K01,4.0,1596.0,399.0,0
2024-11-28,K01,4.0,1596.0,399.0,0
2024-11-29,K01,8.0,3192.0,399.0,0
2024-11-30,K01,5.0,1995.0,399.0,0
2024-12-01,K01,8.0,3192.0,399.0,0
2024-12-02,K01,6.0,2394.0,399.0,0
2024-12-03,K01,2.0,798.0,399.0,0
2024-12-04,K01,4.0,1596.0,399.0,0
2024-12-05,K01,9.0,3591.0,399.0,0
2024-12-06,K01,5.0,1995.0,399.0,0
2024-12-07,K01,5.0,1995.0,399.0,0
2024-12-08,K01,9.0,3591.0,399.0,0
2024-12-09,K01,5.0,1995.0,399.0,0
2024-12-10,K01,3.0,1197.0,399.0,0
2024-12-11,K01,8.0,3192.0,399.0,0
2024-12-12,K01,5.0,1995.0,399.0,0
2024-12-13,K01,6.0,2394.0,399.0,0
2024-12-14,K01,1.0,399.0,399.0,0
2024-12-15,K01,5.0,1995.0,399.0,0
2024-12-16,K01,6.0,2394.0,399.0,0
2024-12-17,K01,7.0,2793.0,399.0,0
2024-12-18,K01,9.0,3591.0,399.0,0
2024-12-19,K01,9.0,3591.0,399.0,0
2024-12-20,K01,7.0,2793.0,399.0,0
2024-12-21,K01,4.0,1596.0,399.0,0
2024-12-22,K01,3.0,1197.0,399.0,0
2024-12-23,K01,3.0,1197.0,399.0,0
2024-12-24,K01,2.0,798.0,399.0,0
2024-12-25,K01,5.0,1995.0,399.0,0
2024-12-26,K01,3.0,1197.0,399.0,0
2024-12-27,K01,6.0,2394.0,399.0,0
2024-12-28,K01,6.0,2394.0,399.0,0
2024-12-29,K01,3.0,1197.0,399.0,0
2024-12-30,K01,7.0,2793.0,399.0,0
2024-12-31,K01,2.0,798.0,399.0,0
2025-01-01,K01,5.0,1995.0,399.0,0
2025-01-02,K01,4.0,1596.0,399.0,0
2025-01-03,K01,9.0,3591.0,399.0,0
2025-01-04,K01,6.0,2394.0,399.0,0
2025-01-05,K01,6.0,2394.0,399.0,0
2025-01-06,K01,7.0,2793.0,399.0,0
2025-01-07,K01,6.0,2394.0,399.0,0
2025-01-08,K01,5.0,1995.0,399.0,0
2025-01-09,K01,7.0,2793.0,399.0,0
2025-01-10,K01,5.0,1995.0,399.0,0
2025-01-11,K01,5.0,1995.0,399.0,0
2025-01-12,K01,4.0,1596.0,399.0,0
2025-01-13,K01,1.0,399.0,399.0,0
2025-01-14,K01,6.0,2394.0,399.0,0
2025-01-15,K01,6.0,2394.0,399.0,0
2025-01-16,K01,7.0,2793.0,399.0,0
2025-01-17,K01,5.0,1995.0,399.0,0
2025-01-18,K01,7.0,2793.0,399.0,0
2025-01-19,K01,8.0,3192.0,399.0,0
2025-01-20,K01,8.0,3192.0,399.0,0
2025-01-21,K01,3.0,1197.0,399.0,0
2025-01-22,K01,9.0,3051.0,339.0,1
2025-01-23,K01,6.0,2034.0,339.0,1
2025-01-24,K01,11.0,3729.0,339.0,1
2025-01-25,K01,6.0,2034.0,339.0,1
2025-01-26,K01,5.0,1695.0,339.0,1
2025-01-27,K01,5.0,1695.0,339.0,1
2025-01-28,K01,16.0,5424.0,339.0,1
2025-01-29,K01,4.0,1596.0,399.0,0
2025-01-30,K01,7.0,2793.0,399.0,0
2025-01-31,K01,7.0,2793.0,399.0,0
2025-02-01,K01,6.0,2394.0,399.0,0
2025-02-02,K01,10.0,3990.0,399.0,0
2025-02-03,K01,7.0,2793.0,399.0,0
2025-02-04,K01,6.0,2394.0,399.0,0
2025-02-05,K01,8.0,3192.0,399.0,0
2025-02-06,K01,9.0,3591.0,399.0,0
2025-02-07,K01,7.0,2793.0,399.0,0
2025-02-08,K01,6.0,2394.0,399.0,0
2025-02-09,K01,6.0,2394.0,399.0,0
2025-02-10,K01,6.0,2394.0,399.0,0
2025-02-11,K01,9.0,3591.0,399.0,0
2025-02-12,K01,7.0,2793.0,399.0,0
2025-02-13,K01,10.0,3990.0,399.0,0
2025-02-14,K01,7.0,2793.0,399.0,0
2025-02-15,K01,9.0,3591.0,399.0,0
2025-02-16,K01,2.0,798.0,399.0,0
2025-02-17,K01,12.0,4788.0,399.0,0
2025-02-18,K01,6.0,2394.0,399.0,0
2025-02-19,K01,4.0,1596.0,399.0,0
2025-02-20,K01,9.0,3591.0,399.0,0
2025-02-21,K01,7.0,2793.0,399.0,0
2025-02-22,K01,7.0,2793.0,399.0,0
2025-02-23,K01,9.0,3591.0,399.0,0
2025-02-24,K01,9.0,3591.0,399.0,0
2025-02-25,K01,8.0,3192.0,399.0,0
2025-02-26,K01,4.0,1596.0,399.0,0
2025-02-27,K01,5.0,1995.0,399.0,0
2025-02-28,K01,7.0,2793.0,399.0,0
2025-03-01,K01,15.0,5985.0,399.0,0
2025-03-02,K01,6.0,2394.0,399.0,0
2025-03-03,K01,9.0,3591.0,399.0,0
2025-03-04,K01,13.0,5187.0,399.0,0
2025-03-05,K01,12.0,4788.0,399.0,0
2025-03-06,K01,11.0,4389.0,399.0,0
2025-03-07,K01,7.0,2793.0,399.0,0
2025-03-08,K01,10.0,3990.0,399.0,0
2025-03-09,K01,6.0,2394.0,399.0,0
2025-03-10,K01,12.0,4788.0,399.0,0
2025-03-11,K01,8.0,3192.0,399.0,0
2025-03-12,K01,10.0,3990.0,399.0,0
2025-03-13,K01,9.0,3591.0,399.0,0
2025-03-14,K01,11.0,4389.0,399.0,0
2025-03-15,K01,11.0,4389.0,399.0,0
2025-03-16,K01,10.0,3990.0,399.0,0
2025-03-17,K01,11.0,4389.0,399.0,0
2025-03-18,K01,5.0,1995.0,399.0,0
2025-03-19,K01,12.0,4788.0,399.0,0
2025-03-20,K01,10.0,3990.0,399.0,0
2025-03-21,K01,9.0,3591.0,399.0,0
2025-03-22,K01,12.0,4788.0,399.0,0
2025-03-23,K01,16.0,6384.0,399.0,0
2025-03-24,K01,12.0,4788.0,399.0,0
2025-03-25,K01,15.0,5985.0,399.0,0
2025-03-26,K01,16.0,6384.0,399.0,0
2025-03-27,K01,14.0,5586.0,399.0,0
2025-03-28,K01,7.0,2793.0,399.0,0
2025-03-29,K01,12.0,4788.0,399.0,0
2025-03-30,K01,9.0,3591.0,399.0,0
2025-03-31,K01,10.0,3990.0,399.0,0
2025-04-01,K01,16.0,6384.0,399.0,0
2025-04-02,K01,7.0,2793.0,399.0,0
2025-04-03,K01,17.0,6783.0,399.0,0
2025-04-04,K01,19.0,7581.0,399.0,0
2025-04-05,K01,15.0,5985.0,399.0,0
2025-04-06,K01,16.0,6384.0,399.0,0
2025-04-07,K01,7.0,2793.0,399.0,0
2025-04-08,K01,9.0,3591.0,399.0,0
2025-04-09,K01,10.0,3990.0,399.0,0
2025-04-10,K01,16.0,6384.0,399.0,0
2025-04-11,K01,15.0,5985.0,399.0,0
2025-04-12,K01,14.0,5586.0,399.0,0
2025-04-13,K01,23.0,9177.0,399.0,0
2025-04-14,K01,19.0,7581.0,399.0,0
2025-04-15,K01,12.0,4788.0,399.0,0
2025-04-16,K01,11.0,4389.0,399.0,0
2025-04-17,K01,10.0,3990.0,399.0,0
2025-04-18,K01,13.0,5187.0,399.0,0
2025-04-19,K01,16.0,6384.0,399.0,0
2025-04-20,K01,14.0,5586.0,399.0,0
2025-04-21,K01,9.0,3591.0,399.0,0
2025-04-22,K01,16.0,6384.0,399.0,0
2025-04-23,K01,18.0,7182.0,399.0,0
2025-04-24,K01,18.0,7182.0,399.0,0
2025-04-25,K01,17.0,6783.0,399.0,0
2025-04-26,K01,14.0,5586.0,399.0,0
2025-04-27,K01,18.0,7182.0,399.0,0
2025-04-28,K01,20.0,7980.0,399.0,0
2025-04-29,K01,14.0,5586.0,399.0,0
2025-04-30,K01,12.0,4788.0,399.0,0
2025-05-01,K01,11.0,4389.0,399.0,0
2025-05-02,K01,7.0,2793.0,399.0,0
2025-05-03,K01,15.0,5985.0,399.0,0
2025-05-04,K01,15.0,5985.0,399.0,0
2025-05-05,K01,14.0,5586.0,399.0,0
2025-05-06,K01,14.0,5586.0,399.0,0
2025-05-07,K01,12.0,4788.0,399.0,0
2025-05-08,K01,19.0,7581.0,399.0,0
2025-05-09,K01,15.0,5985.0,399.0,0
2025-05-10,K01,26.0,8814.0,339.0,1
2025-05-11,K01,25.0,8475.0,339.0,1
2025-05-12,K01,18.0,6102.0,339.0,1
2025-05-13,K01,15.0,5085.0,339.0,1
2025-05-14,K01,26.0,8814.0,339.0,1
2025-05-15,K01,21.0,7119.0,339.0,1
2025-05-16,K01,25.0,8475.0,339.0,1
2025-05-17,K01,23.0,7797.0,339.0,1
2025-05-18,K01,19.0,6441.0,339.0,1
2025-05-19,K01,17.0,5763.0,339.0,1
2025-05-20,K01,11.0,4389.0,399.0,0
2025-05-21,K01,15.0,5985.0,399.0,0
2025-05-22,K01,19.0,7581.0,399.0,0
2025-05-23,K01,14.0,5586.0,399.0,0
2025-05-24,K01,20.0,7980.0,399.0,0
2025-05-25,K01,12.0,4788.0,399.0,0
2025-05-26,K01,21.0,8379.0,399.0,0
2025-05-27,K01,13.0,5187.0,399.0,0
2025-05-28,K01,13.0,5187.0,399.0,0
2025-05-29,K01,15.0,5985.0,399.0,0
2025-05-30,K01,16.0,6384.0,399.0,0
2025-05-31,K01,18.0,7182.0,399.0,0
2025-06-01,K01,23.0,9177.0,399.0,0
2025-06-02,K01,19.0,7581.0,399.0,0
2025-06-03,K01,19.0,7581.0,399.0,0
2025-06-04,K01,11.0,4389.0,399.0,0
2025-06-05,K01,9.0,3591.0,399.0,0
2025-06-06,K01,18.0,7182.0,399.0,0
2025-06-07,K01,18.0,7182.0,399.0,0
2025-06-08,K01,25.0,9975.0,399.0,0
2025-06-09,K01,13.0,5187.0,399.0,0
2025-06-10,K01,24.0,9576.0,399.0,0
2025-06-11,K01,14.0,5586.0,399.0,0
2025-06-12,K01,16.0,6384.0,399.0,0
2025-06-13,K01,10.0,3990.0,399.0,0
2025-06-14,K01,11.0,4389.0,399.0,0
2025-06-15,K01,16.0,6384.0,399.0,0
2025-06-16,K01,18.0,7182.0,399.0,0
2025-06-17,K01,14.0,5586.0,399.0,0
2025-06-18,K01,9.0,3591.0,399.0,0
2025-06-19,K01,17.0,6783.0,399.0,0
2025-06-20,K01,14.0,5586.0,399.0,0
2025-06-21,K01,18.0,7182.0,399.0,0
2025-06-22,K01,19.0,7581.0,399.0,0
2025-06-23,K01,12.0,4788.0,399.0,0
2025-06-24,K01,19.0,7581.0,399.0,0
2025-06-25,K01,11.0,4389.0,399.0,0
2025-06-26,K01,21.0,8379.0,399.0,0
2025-06-27,K01,6.0,2394.0,399.0,0
2025-06-28,K01,19.0,7581.0,399.0,0
2025-06-29,K01,19.0,7581.0,399.0,0
2025-06-30,K01,23.0,9177.0,399.0,0
2025-07-01,K01,18.0,7182.0,399.0,0
2025-07-02,K01,19.0,7581.0,399.0,0
2025-07-03,K01,12.0,4788.0,399.0,0
2025-07-04,K01,18.0,7182.0,399.0,0
2025-07-05,K01,17.0,6783.0,399.0,0
2025-07-06,K01,22.0,8778.0,399.0,0
2025-07-07,K01,17.0,6783.0,399.0,0
2025-07-08,K01,13.0,5187.0,399.0,0
2025-07-09,K01,15.0,5985.0,399.0,0
2025-07-10,K01,12.0,4788.0,399.0,0
2025-07-11,K01,16.0,6384.0,399.0,0
2025-07-12,K01,16.0,6384.0,399.0,0
2025-07-13,K01,17.0,6783.0,399.0,0
2025-07-14,K01,13.0,5187.0,399.0,0
2025-07-15,K01,23.0,9177.0,399.0,0
2025-07-16,K01,14.0,5586.0,399.0,0
2025-07-17,K01,15.0,5985.0,399.0,0
2025-07-18,K01,15.0,5985.0,399.0,0
2025-07-19,K01,11.0,4389.0,399.0,0
2025-07-20,K01,12.0,4788.0,399.0,0
2025-07-21,K01,15.0,5985.0,399.0,0
2025-07-22,K01,12.0,4788.0,399.0,0
2025-07-23,K01,11.0,4389.0,399.0,0
2025-07-24,K01,14.0,5586.0,399.0,0
2025-07-25,K01,9.0,3591.0,399.0,0
2025-07-26,K01,15.0,5985.0,399.0,0
2025-07-27,K01,13.0,5187.0,399.0,0
2025-07-28,K01,22.0,8778.0,399.0,0
2025-07-29,K01,9.0,3591.0,399.0,0
2025-07-30,K01,11.0,4389.0,399.0,0
2025-07-31,K01,14.0,5586.0,399.0,0
2025-08-01,K01,22.0,8778.0,399.0,0
2025-08-02,K01,17.0,6783.0,399.0,0
2025-08-03,K01,12.0,4788.0,399.0,0
2025-08-04,K01,16.0,6384.0,399.0,0
2025-08-05,K01,10.0,3990.0,399.0,0
2025-08-06,K01,19.0,7581.0,399.0,0
2025-08-07,K01,16.0,6384.0,399.0,0
2025-08-08,K01,15.0,5985.0,399.0,0
2025-08-09,K01,17.0,6783.0,399.0,0
2025-08-10,K01,18.0,7182.0,399.0,0
2025-08-11,K01,10.0,3990.0,399.0,0
2025-08-12,K01,19.0,7581.0,399.0,0
2025-08-13,K01,13.0,5187.0,399.0,0
2025-08-14,K01,7.0,2793.0,399.0,0
2025-08-15,K01,9.0,3591.0,399.0,0
2025-08-16,K01,15.0,5985.0,399.0,0
2025-08-17,K01,21.0,8379.0,399.0,0
2025-08-18,K01,17.0,6783.0,399.0,0
2025-08-19,K01,19.0,7581.0,399.0,0
2025-08-20,K01,11.0,4389.0,399.0,0
2025-08-21,K01,19.0,7581.0,399.0,0
2025-08-22,K01,24.0,9576.0,399.0,0
2025-08-23,K01,16.0,6384.0,399.0,0
2025-08-24,K01,15.0,5985.0,399.0,0
2025-08-25,K01,10.0,3990.0,399.0,0
2025-08-26,K01,9.0,3591.0,399.0,0
2025-08-27,K01,14.0,5586.0,399.0,0
2025-08-28,K01,19.0,7581.0,399.0,0
2025-08-29,K01,16.0,6384.0,399.0,0
2025-08-30,K01,17.0,6783.0,399.0,0
2025-08-31,K01,19.0,7581.0,399.0,0
2025-09-01,K01,10.0,3990.0,399.0,0
2025-09-02,K01,13.0,5187.0,399.0,0
2025-09-03,K01,9.0,3591.0,399.0,0
2025-09-04,K01,13.0,5187.0,399.0,0
2025-09-05,K01,13.0,5187.0,399.0,0
2025-09-06,K01,18.0,7182.0,399.0,0
2025-09-07,K01,14.0,5586.0,399.0,0
2025-09-08,K01,11.0,4389.0,399.0,0
2025-09-09,K01,13.0,5187.0,399.0,0
2025-09-10,K01,14.0,5586.0,399.0,0
2025-09-11,K01,14.0,5586.0,399.0,0
2025-09-12,K01,6.0,2394.0,399.0,0
2025-09-13,K01,16.0,6384.0,399.0,0
2025-09-14,K01,15.0,5985.0,399.0,0
2025-09-15,K01,6.0,2394.0,399.0,0
2025-09-16,K01,8.0,3192.0,399.0,0
2025-09-17,K01,13.0,5187.0,399.0,0
2025-09-18,K01,11.0,4389.0,399.0,0
2025-09-19,K01,6.0,2394.0,399.0,0
2025-09-20,K01,17.0,6783.0,399.0,0
2025-09-21,K01,11.0,4389.0,399.0,0
2025-09-22,K01,4.0,1596.0,399.0,0
2025-09-23,K01,12.0,4788.0,399.0,0
2025-09-24,K01,12.0,4788.0,399.0,0
2025-09-25,K01,10.0,3990.0,399.0,0
2025-09-26,K01,5.0,1995.0,399.0,0
2025-09-27,K01,15.0,5985.0,399.0,0
2025-09-28,K01,11.0,4389.0,399.0,0
2025-09-29,K01,9.0,3591.0,399.0,0
2025-09-30,K01,11.0,4389.0,399.0,0
2025-10-01,K01,9.0,3591.0,399.0,0
2025-10-02,K01,10.0,3990.0,399.0,0
2025-10-03,K01,14.0,5586.0,399.0,0
2025-10-04,K01,12.0,4788.0,399.0,0
2025-10-05,K01,12.0,4788.0,399.0,0
2025-10-06,K01,6.0,2394.0,399.0,0
2025-10-07,K01,7.0,2793.0,399.0,0
2025-10-08,K01,9.0,3591.0,399.0,0
2025-10-09,K01,6.0,2394.0,399.0,0
2025-10-10,K01,5.0,1995.0,399.0,0
2025-10-11,K01,19.0,7581.0,399.0,0
2025-10-12,K01,12.0,4788.0,399.0,0
2025-10-13,K01,10.0,3990.0,399.0,0
2025-10-14,K01,5.0,1995.0,399.0,0
2025-10-15,K01,12.0,4068.0,339.0,1
2025-10-16,K01,5.0,1695.0,339.0,1
2025-10-17,K01,7.0,2373.0,339.0,1
2025-10-18,K01,9.0,3051.0,339.0,1
2025-10-19,K01,14.0,4746.0,339.0,1
2025-10-20,K01,13.0,4407.0,339.0,1
2025-10-21,K01,12.0,4068.0,339.0,1
2025-10-22,K01,8.0,3192.0,399.0,0
2025-10-23,K01,3.0,1197.0,399.0,0
2025-10-24,K01,6.0,2394.0,399.0,0
2025-10-25,K01,10.0,3990.0,399.0,0
2025-10-26,K01,6.0,2394.0,399.0,0
2025-10-27,K01,8.0,3192.0,399.0,0
2025-10-28,K01,9.0,3591.0,399.0,0
2025-10-29,K01,5.0,1995.0,399.0,0
2025-10-30,K01,5.0,1995.0,399.0,0
2025-10-31,K01,12.0,4788.0,399.0,0
2025-11-01,K01,4.0,1596.0,399.0,0
2025-11-02,K01,9.0,3591.0,399.0,0
2025-11-03,K01,7.0,2793.0,399.0,0
2025-11-04,K01,4.0,1596.0,399.0,0
2025-11-05,K01,7.0,2793.0,399.0,0
2025-11-06,K01,4.0,1596.0,399.0,0
2025-11-07,K01,11.0,4389.0,399.0,0
2025-11-08,K01,9.0,3591.0,399.0,0
2025-11-09,K01,7.0,2793.0,399.0,0
2025-11-10,K01,3.0,1197.0,399.0,0
2025-11-11,K01,9.0,3591.0,399.0,0
2025-11-12,K01,6.0,2394.0,399.0,0
2025-11-13,K01,4.0,1596.0,399.0,0
2025-11-14,K01,11.0,4389.0,399.0,0
2025-11-15,K01,5.0,1995.0,399.0,0
2025-11-16,K01,5.0,1995.0,399.0,0
2025-11-17,K01,8.0,3192.0,399.0,0
2025-11-18,K01,4.0,1596.0,399.0,0
2025-11-19,K01,6.0,2394.0,399.0,0
2025-11-20,K01,4.0,1596.0,399.0,0
2025-11-21,K01,8.0,3192.0,399.0,0
2025-11-22,K01,2.0,798.0,399.0,0
2025-11-23,K01,4.0,1596.0,399.0,0
2025-11-24,K01,8.0,3192.0,399.0,0
2025-11-25,K01,5.0,1995.0,399.0,0
2025-11-26,K01,3.0,1197.0,399.0,0
2025-11-27,K01,8.0,3192.0,399.0,0
2025-11-28,K01,12.0,4788.0,399.0,0
2025-11-29,K01,6.0,2394.0,399.0,0
2025-11-30,K01,10.0,3990.0,399.0,0
2025-12-01,K01,14.0,5586.0,399.0,0
2025-12-02,K01,7.0,2793.0,399.0,0
2025-12-03,K01,4.0,1596.0,399.0,0
2025-12-04,K01,2.0,798.0,399.0,0
2025-12-05,K01,5.0,1995.0,399.0,0
2025-12-06,K01,8.0,3192.0,399.0,0
2025-12-07,K01,12.0,4788.0,399.0,0
2025-12-08,K01,9.0,3591.0,399.0,0
2025-12-09,K01,5.0,1995.0,399.0,0
2025-12-10,K01,,3192.0,399.0,0
2025-12-11,K01,6.0,2394.0,399.0,0
2025-12-12,K01,7.0,2793.0,399.0,0
2025-12-13,K01,3.0,1197.0,399.0,0
2025-12-14,K01,3.0,1197.0,399.0,0
2025-12-15,K01,7.0,2793.0,399.0,0
2025-12-16,K01,10.0,3990.0,399.0,0
2025-12-17,K01,5.0,1995.0,399.0,0
2025-12-18,K01,5.0,1995.0,399.0,0
2025-12-19,K01,3.0,1197.0,399.0,0
2025-12-20,K01,6.0,2394.0,399.0,0
2025-12-21,K01,3.0,1197.0,399.0,0
2025-12-22,K01,3.0,1197.0,399.0,0
2025-12-23,K01,6.0,2394.0,399.0,0
2025-12-24,K01,5.0,1995.0,399.0,0
2025-12-25,K01,6.0,2394.0,399.0,0
2025-12-26,K01,5.0,1995.0,399.0,0
2025-12-27,K01,6.0,2394.0,399.0,0
2025-12-28,K01,5.0,1995.0,399.0,0
2025-12-29,K01,5.0,1995.0,399.0,0
2025-12-30,K01,11.0,4389.0,399.0,0
2025-12-31,K01,12.0,4788.0,399.0,0
2026-01-01,K01,9.0,3591.0,399.0,0
2026-01-02,K01,4.0,1596.0,399.0,0
2026-01-03,K01,5.0,1995.0,399.0,0
2026-01-04,K01,8.0,3192.0,399.0,0
2026-01-05,K01,4.0,1596.0,399.0,0
2026-01-06,K01,12.0,4788.0,399.0,0
2026-01-07,K01,9.0,3591.0,399.0,0
2026-01-08,K01,4.0,1596.0,399.0,0
2026-01-09,K01,7.0,2793.0,399.0,0
2026-01-10,K01,3.0,1197.0,399.0,0
2026-01-11,K01,8.0,3192.0,399.0,0
2026-01-12,K01,9.0,3591.0,399.0,0
2026-01-13,K01,8.0,3192.0,399.0,0
2026-01-14,K01,4.0,1596.0,399.0,0
2026-01-15,K01,10.0,3990.0,399.0,0
2026-01-16,K01,6.0,2394.0,399.0,0
2026-01-17,K01,5.0,1995.0,399.0,0
2026-01-18,K01,9.0,3591.0,399.0,0
2026-01-19,K01,4.0,1596.0,399.0,0
2026-01-20,K01,6.0,2394.0,399.0,0
2026-01-21,K01,6.0,2394.0,399.0,0
2026-01-22,K01,9.0,3051.0,339.0,1
2026-01-23,K01,16.0,5424.0,339.0,1
2026-01-24,K01,12.0,4068.0,339.0,1
2026-01-25,K01,9.0,3051.0,339.0,1
2026-01-26,K01,9.0,3051.0,339.0,1
2026-01-27,K01,7.0,2373.0,339.0,1
2026-01-28,K01,8.0,2712.0,339.0,1
2026-01-29,K01,8.0,3192.0,399.0,0
2026-01-30,K01,5.0,1995.0,399.0,0
2026-01-31,K01,7.0,2793.0,399.0,0
2026-02-01,K01,3.0,1197.0,399.0,0
2026-02-02,K01,6.0,2394.0,399.0,0
2026-02-03,K01,7.0,2793.0,399.0,0
2026-02-04,K01,3.0,1197.0,399.0,0
2026-02-05,K01,8.0,3192.0,399.0,0
2026-02-06,K01,5.0,1995.0,399.0,0
2026-02-07,K01,6.0,2394.0,399.0,0
2026-02-08,K01,13.0,5187.0,399.0,0
2026-02-09,K01,9.0,3591.0,399.0,0
2026-02-10,K01,10.0,3990.0,399.0,0
2026-02-11,K01,11.0,4389.0,399.0,0
2026-02-12,K01,8.0,3192.0,399.0,0
2026-02-13,K01,8.0,3192.0,399.0,0
2026-02-14,K01,9.0,3591.0,399.0,0
2026-02-15,K01,11.0,4389.0,399.0,0
2026-02-16,K01,16.0,6384.0,399.0,0
2026-02-17,K01,12.0,4788.0,399.0,0
2026-02-18,K01,9.0,3591.0,399.0,0
2026-02-19,K01,6.0,2394.0,399.0,0
2026-02-20,K01,4.0,1596.0,399.0,0
2026-02-21,K01,8.0,3192.0,399.0,0
2026-02-22,K01,19.0,7581.0,399.0,0
2026-02-23,K01,5.0,1995.0,399.0,0
2026-02-24,K01,7.0,2793.0,399.0,0
2026-02-25,K01,8.0,3192.0,399.0,0
2026-02-26,K01,7.0,2793.0,399.0,0
2026-02-27,K01,5.0,1995.0,399.0,0
2026-02-28,K01,11.0,4389.0,399.0,0
2026-03-01,K01,11.0,4389.0,399.0,0
2026-03-02,K01,6.0,2394.0,399.0,0
2026-03-03,K01,11.0,4389.0,399.0,0
2026-03-04,K01,7.0,2793.0,399.0,0
2026-03-05,K01,18.0,7182.0,399.0,0
2026-03-06,K01,7.0,2793.0,399.0,0
2026-03-07,K01,16.0,6384.0,399.0,0
2026-03-08,K01,17.0,6783.0,399.0,0
2026-03-09,K01,5.0,1995.0,399.0,0
2026-03-10,K01,13.0,5187.0,399.0,0
2026-03-11,K01,10.0,3990.0,399.0,0
2026-03-12,K01,11.0,4389.0,399.0,0
2026-03-13,K01,10.0,3990.0,399.0,0
2026-03-14,K01,13.0,5187.0,399.0,0
2026-03-15,K01,19.0,7581.0,399.0,0
2026-03-16,K01,11.0,4389.0,399.0,0
2026-03-17,K01,8.0,3192.0,399.0,0
2026-03-18,K01,17.0,6783.0,399.0,0
2026-03-19,K01,15.0,5985.0,399.0,0
2026-03-20,K01,15.0,5985.0,399.0,0
2026-03-21,K01,14.0,5586.0,399.0,0
2026-03-22,K01,9.0,3591.0,399.0,0
2026-03-23,K01,5.0,1995.0,399.0,0
2026-03-24,K01,15.0,5985.0,399.0,0
2026-03-25,K01,12.0,4788.0,399.0,0
2026-03-26,K01,7.0,2793.0,399.0,0
2026-03-27,K01,12.0,4788.0,399.0,0
2026-03-28,K01,14.0,5586.0,399.0,0
2026-03-29,K01,10.0,3990.0,399.0,0
2026-03-30,K01,14.0,5586.0,399.0,0
2026-03-31,K01,17.0,6783.0,399.0,0
2026-04-01,K01,20.0,7980.0,399.0,0
2026-04-02,K01,12.0,4788.0,399.0,0
2026-04-03,K01,9.0,3591.0,399.0,0
2026-04-04,K01,17.0,6783.0,399.0,0
2026-04-05,K01,14.0,5586.0,399.0,0
2026-04-06,K01,8.0,3192.0,399.0,0
2026-04-07,K01,10.0,3990.0,399.0,0
2026-04-08,K01,13.0,5187.0,399.0,0
2026-04-09,K01,14.0,5586.0,399.0,0
2026-04-10,K01,16.0,6384.0,399.0,0
2026-04-11,K01,21.0,8379.0,399.0,0
2026-04-12,K01,16.0,6384.0,399.0,0
2026-04-13,K01,10.0,3990.0,399.0,0
2026-04-14,K01,11.0,4389.0,399.0,0
2026-04-15,K01,16.0,6384.0,399.0,0
2026-04-16,K01,10.0,3990.0,399.0,0
2026-04-17,K01,14.0,5586.0,399.0,0
2026-04-18,K01,14.0,5586.0,399.0,0
2026-04-19,K01,12.0,4788.0,399.0,0
2026-04-20,K01,10.0,3990.0,399.0,0
2026-04-21,K01,14.0,5586.0,399.0,0
2026-04-22,K01,21.0,8379.0,399.0,0
2026-04-23,K01,19.0,7581.0,399.0,0
2026-04-24,K01,13.0,5187.0,399.0,0
2026-04-25,K01,20.0,7980.0,399.0,0
2026-04-26,K01,14.0,5586.0,399.0,0
2026-04-27,K01,15.0,5985.0,399.0,0
2026-04-28,K01,12.0,4788.0,399.0,0
2026-04-29,K01,16.0,6384.0,399.0,0
2026-04-30,K01,16.0,6384.0,399.0,0
2026-05-01,K01,11.0,4389.0,399.0,0
2026-05-02,K01,14.0,5586.0,399.0,0
2026-05-03,K01,15.0,5985.0,399.0,0
2026-05-04,K01,20.0,7980.0,399.0,0
2026-05-05,K01,16.0,6384.0,399.0,0
2026-05-06,K01,20.0,7980.0,399.0,0
2026-05-07,K01,13.0,5187.0,399.0,0
2026-05-08,K01,6.0,2394.0,399.0,0
2026-05-09,K01,12.0,4788.0,399.0,0
2026-05-10,K01,23.0,7797.0,339.0,1
2026-05-11,K01,23.0,7797.0,339.0,1
2026-05-12,K01,24.0,8136.0,339.0,1
2026-05-13,K01,22.0,7458.0,339.0,1
2026-05-14,K01,16.0,5424.0,339.0,1
2026-05-15,K01,21.0,7119.0,339.0,1
2026-05-16,K01,20.0,6780.0,339.0,1
2026-05-17,K01,20.0,6780.0,339.0,1
2026-05-18,K01,30.0,10170.0,339.0,1
2026-05-19,K01,25.0,8475.0,339.0,1
2026-05-20,K01,16.0,6384.0,399.0,0
2026-05-21,K01,17.0,6783.0,399.0,0
2026-05-22,K01,16.0,6384.0,399.0,0
2026-05-23,K01,23.0,9177.0,399.0,0
2026-05-24,K01,24.0,9576.0,399.0,0
2026-05-25,K01,20.0,7980.0,399.0,0
2026-05-26,K01,14.0,5586.0,399.0,0
2026-05-27,K01,17.0,6783.0,399.0,0
2026-05-28,K01,14.0,5586.0,399.0,0
2026-05-29,K01,16.0,6384.0,399.0,0
2026-05-30,K01,21.0,8379.0,399.0,0
2026-05-31,K01,13.0,5187.0,399.0,0
2026-06-01,K01,16.0,6384.0,399.0,0
2026-06-02,K01,20.0,7980.0,399.0,0
2026-06-03,K01,18.0,7182.0,399.0,0
2026-06-04,K01,22.0,8778.0,399.0,0
2026-06-05,K01,11.0,4389.0,399.0,0
2026-06-06,K01,18.0,7182.0,399.0,0
2026-06-07,K01,23.0,9177.0,399.0,0
2026-06-08,K01,10.0,3990.0,399.0,0
2026-06-09,K01,20.0,7980.0,399.0,0
2026-06-10,K01,20.0,7980.0,399.0,0
2026-06-11,K01,13.0,5187.0,399.0,0
2026-06-12,K01,21.0,8379.0,399.0,0
2026-06-13,K01,22.0,8778.0,399.0,0
2026-06-14,K01,20.0,7980.0,399.0,0
2026-06-15,K01,19.0,7581.0,399.0,0
2026-06-16,K01,12.0,4788.0,399.0,0
2026-06-17,K01,8.0,3192.0,399.0,0
2026-06-18,K01,15.0,5985.0,399.0,0
2026-06-19,K01,20.0,7980.0,399.0,0
2026-06-20,K01,16.0,6384.0,399.0,0
2026-06-21,K01,17.0,6783.0,399.0,0
2026-06-22,K01,12.0,4788.0,399.0,0
2026-06-23,K01,20.0,7980.0,399.0,0
2026-06-24,K01,18.0,7182.0,399.0,0
2026-06-25,K01,15.0,5985.0,399.0,0
2026-06-26,K01,12.0,4788.0,399.0,0
2026-06-27,K01,25.0,9975.0,399.0,0
2026-06-28,K01,24.0,9576.0,399.0,0
2026-06-29,K01,17.0,6783.0,399.0,0
2026-06-30,K01,19.0,7581.0,399.0,0
2026-07-01,K01,19.0,7581.0,399.0,0
2026-07-02,K01,17.0,6783.0,399.0,0
2026-07-03,K01,13.0,5187.0,399.0,0
2026-07-04,K01,23.0,9177.0,399.0,0
2026-07-05,K01,19.0,7581.0,399.0,0
2026-07-06,K01,15.0,5985.0,399.0,0
2026-07-07,K01,18.0,7182.0,399.0,0
2026-07-08,K01,19.0,7581.0,399.0,0
2026-07-09,K01,22.0,8778.0,399.0,0
2026-07-10,K01,22.0,8778.0,399.0,0
2026-07-11,K01,22.0,8778.0,399.0,0
2026-07-12,K01,17.0,6783.0,399.0,0
2026-07-13,K01,11.0,4389.0,399.0,0
2026-07-14,K01,16.0,6384.0,399.0,0
2026-07-15,K01,18.0,7182.0,399.0,0
2026-07-16,K01,11.0,4389.0,399.0,0
2026-07-17,K01,22.0,8778.0,399.0,0
2026-07-18,K01,15.0,5985.0,399.0,0
2026-07-19,K01,16.0,6384.0,399.0,0
2026-07-20,K01,14.0,5586.0,399.0,0
2026-07-21,K01,18.0,7182.0,399.0,0
2026-07-22,K01,14.0,5586.0,399.0,0
2026-07-23,K01,12.0,4788.0,399.0,0
2026-07-24,K01,12.0,4788.0,399.0,0
2026-07-25,K01,18.0,7182.0,399.0,0
2026-07-26,K01,26.0,10374.0,399.0,0
2026-07-27,K01,14.0,5586.0,399.0,0
2026-07-28,K01,11.0,4389.0,399.0,0
2026-07-29,K01,15.0,5985.0,399.0,0
2026-07-30,K01,22.0,8778.0,399.0,0
2026-07-31,K01,17.0,6783.0,399.0,0
2026-08-01,K01,18.0,7182.0,399.0,0
2026-08-02,K01,19.0,7581.0,399.0,0
2026-08-03,K01,20.0,7980.0,399.0,0
2026-08-04,K01,21.0,8379.0,399.0,0
2026-08-05,K01,11.0,4389.0,399.0,0
2026-08-06,K01,17.0,6783.0,399.0,0
2026-08-07,K01,10.0,3990.0,399.0,0
2026-08-08,K01,26.0,10374.0,399.0,0
2026-08-09,K01,21.0,8379.0,399.0,0
2026-08-10,K01,13.0,5187.0,399.0,0
2026-08-11,K01,20.0,7980.0,399.0,0
2026-08-12,K01,15.0,5985.0,399.0,0
2026-08-13,K01,14.0,5586.0,399.0,0
2026-08-14,K01,14.0,5586.0,399.0,0
2026-08-15,K01,17.0,6783.0,399.0,0
2026-08-16,K01,15.0,5985.0,399.0,0
2026-08-17,K01,10.0,3990.0,399.0,0
2026-08-18,K01,8.0,3192.0,399.0,0
2026-08-19,K01,10.0,3990.0,399.0,0
2026-08-20,K01,18.0,7182.0,399.0,0
2026-08-21,K01,15.0,5985.0,399.0,0
2026-08-22,K01,14.0,5586.0,399.0,0
2026-08-23,K01,16.0,6384.0,399.0,0
2026-08-24,K01,13.0,5187.0,399.0,0
2026-08-25,K01,11.0,4389.0,399.0,0
2026-08-26,K01,7.0,2793.0,399.0,0
2026-08-27,K01,18.0,7182.0,399.0,0
2026-08-28,K01,15.0,5985.0,399.0,0
2026-08-29,K01,14.0,5586.0,399.0,0
2026-08-30,K01,22.0,8778.0,399.0,0
2026-08-31,K01,16.0,6384.0,399.0,0
2026-09-01,K01,9.0,3591.0,399.0,0
2026-09-02,K01,10.0,3990.0,399.0,0
2026-09-03,K01,17.0,6783.0,399.0,0
2026-09-04,K01,6.0,2394.0,399.0,0
2026-09-05,K01,14.0,5586.0,399.0,0
2026-09-06,K01,20.0,7980.0,399.0,0
2026-09-07,K01,9.0,3591.0,399.0,0
2026-09-08,K01,11.0,4389.0,399.0,0
2026-09-09,K01,19.0,7581.0,399.0,0
2026-09-10,K01,13.0,5187.0,399.0,0
2026-09-11,K01,19.0,7581.0,399.0,0
2026-09-12,K01,13.0,5187.0,399.0,0
2026-09-13,K01,16.0,6384.0,399.0,0
2026-09-14,K01,9.0,3591.0,399.0,0
2026-09-15,K01,14.0,5586.0,399.0,0
2026-09-16,K01,11.0,4389.0,399.0,0
2026-09-17,K01,9.0,3591.0,399.0,0
2026-09-18,K01,18.0,7182.0,399.0,0
2026-09-19,K01,11.0,4389.0,399.0,0
2026-09-20,K01,9.0,3591.0,399.0,0
2026-09-21,K01,11.0,4389.0,399.0,0
2026-09-22,K01,9.0,3591.0,399.0,0
2026-09-23,K01,8.0,3192.0,399.0,0
2026-09-24,K01,11.0,4389.0,399.0,0
2026-09-25,K01,10.0,3990.0,399.0,0
2026-09-26,K01,12.0,4788.0,399.0,0
2026-09-27,K01,13.0,5187.0,399.0,0
2024-01-01,K02,11.0,1639.0,149.0,0
2024-01-02,K02,9.0,1341.0,149.0,0
2024-01-03,K02,12.0,1788.0,149.0,0
2024-01-04,K02,,2086.0,149.0,0
2024-01-05,K02,14.0,2086.0,149.0,0
2024-01-06,K02,13.0,1937.0,149.0,0
2024-01-07,K02,10.0,1490.0,149.0,0
2024-01-08,K02,13.0,1937.0,149.0,0
2024-01-09,K02,14.0,2086.0,149.0,0
2024-01-10,K02,10.0,1490.0,149.0,0
2024-01-11,K02,6.0,894.0,149.0,0
2024-01-12,K02,7.0,1043.0,149.0,0
2024-01-13,K02,18.0,2682.0,149.0,0
2024-01-14,K02,11.0,1639.0,149.0,0
2024-01-15,K02,10.0,1490.0,149.0,0
2024-01-16,K02,7.0,1043.0,149.0,0
2024-01-17,K02,8.0,1192.0,149.0,0
2024-01-18,K02,15.0,2235.0,149.0,0
2024-01-19,K02,11.0,1639.0,149.0,0
2024-01-20,K02,13.0,1937.0,149.0,0
2024-01-21,K02,10.0,1490.0,149.0,0
2024-01-22,K02,18.0,2286.0,127.0,1
2024-01-23,K02,13.0,1651.0,127.0,1
2024-01-24,K02,15.0,1905.0,127.0,1
2024-01-25,K02,15.0,1905.0,127.0,1
2024-01-26,K02,18.0,2286.0,127.0,1
2024-01-27,K02,18.0,2286.0,127.0,1
2024-01-28,K02,14.0,1778.0,127.0,1
2024-01-29,K02,10.0,1490.0,149.0,0
2024-01-30,K02,7.0,1043.0,149.0,0
2024-01-31,K02,12.0,1788.0,149.0,0
2024-02-01,K02,6.0,894.0,149.0,0
2024-02-02,K02,8.0,1192.0,149.0,0
2024-02-03,K02,12.0,1788.0,149.0,0
2024-02-04,K02,15.0,2235.0,149.0,0
2024-02-05,K02,8.0,1192.0,149.0,0
2024-02-06,K02,11.0,1639.0,149.0,0
2024-02-07,K02,13.0,1937.0,149.0,0
2024-02-08,K02,15.0,2235.0,149.0,0
2024-02-09,K02,12.0,1788.0,149.0,0
2024-02-10,K02,7.0,1043.0,149.0,0
2024-02-11,K02,11.0,1639.0,149.0,0
2024-02-12,K02,9.0,1341.0,149.0,0
2024-02-13,K02,13.0,1937.0,149.0,0
2024-02-14,K02,16.0,2384.0,149.0,0
2024-02-15,K02,9.0,1341.0,149.0,0
2024-02-16,K02,8.0,1192.0,149.0,0
2024-02-17,K02,11.0,1639.0,149.0,0
2024-02-18,K02,8.0,1192.0,149.0,0
2024-02-19,K02,12.0,1788.0,149.0,0
2024-02-20,K02,13.0,1937.0,149.0,0
2024-02-21,K02,13.0,1937.0,149.0,0
2024-02-22,K02,10.0,1490.0,149.0,0
2024-02-23,K02,13.0,1937.0,149.0,0
2024-02-24,K02,14.0,2086.0,149.0,0
2024-02-25,K02,7.0,1043.0,149.0,0
2024-02-26,K02,5.0,745.0,149.0,0
2024-02-27,K02,12.0,1788.0,149.0,0
2024-02-28,K02,7.0,1043.0,149.0,0
2024-02-29,K02,6.0,894.0,149.0,0
2024-03-01,K02,8.0,1192.0,149.0,0
2024-03-02,K02,14.0,2086.0,149.0,0
2024-03-03,K02,13.0,1937.0,149.0,0
2024-03-04,K02,9.0,1341.0,149.0,0
2024-03-05,K02,10.0,1490.0,149.0,0
2024-03-06,K02,9.0,1341.0,149.0,0
2024-03-07,K02,9.0,1341.0,149.0,0
2024-03-08,K02,8.0,1192.0,149.0,0
2024-03-09,K02,7.0,1043.0,149.0,0
2024-03-10,K02,8.0,1192.0,149.0,0
2024-03-11,K02,11.0,1639.0,149.0,0
2024-03-12,K02,7.0,1043.0,149.0,0
2024-03-13,K02,16.0,2384.0,149.0,0
2024-03-14,K02,6.0,894.0,149.0,0
2024-03-15,K02,10.0,1490.0,149.0,0
2024-03-16,K02,8.0,1192.0,149.0,0
2024-03-17,K02,9.0,1341.0,149.0,0
2024-03-18,K02,13.0,1937.0,149.0,0
2024-03-19,K02,3.0,447.0,149.0,0
2024-03-20,K02,10.0,1490.0,149.0,0
2024-03-21,K02,7.0,1043.0,149.0,0
2024-03-22,K02,2.0,298.0,149.0,0
2024-03-23,K02,6.0,894.0,149.0,0
2024-03-24,K02,11.0,1639.0,149.0,0
2024-03-25,K02,7.0,1043.0,149.0,0
2024-03-26,K02,3.0,447.0,149.0,0
2024-03-27,K02,8.0,1192.0,149.0,0
2024-03-28,K02,4.0,596.0,149.0,0
2024-03-29,K02,4.0,596.0,149.0,0
2024-03-30,K02,9.0,1341.0,149.0,0
2024-03-31,K02,8.0,1192.0,149.0,0
2024-04-01,K02,4.0,596.0,149.0,0
2024-04-02,K02,10.0,1490.0,149.0,0
2024-04-03,K02,11.0,1639.0,149.0,0
2024-04-04,K02,10.0,1490.0,149.0,0
2024-04-05,K02,11.0,1639.0,149.0,0
2024-04-06,K02,6.0,894.0,149.0,0
2024-04-07,K02,8.0,1192.0,149.0,0
2024-04-08,K02,5.0,745.0,149.0,0
2024-04-09,K02,4.0,596.0,149.0,0
2024-04-10,K02,8.0,1192.0,149.0,0
2024-04-11,K02,7.0,1043.0,149.0,0
2024-04-12,K02,7.0,1043.0,149.0,0
2024-04-13,K02,12.0,1788.0,149.0,0
2024-04-14,K02,9.0,1341.0,149.0,0
2024-04-15,K02,8.0,1192.0,149.0,0
2024-04-16,K02,5.0,745.0,149.0,0
2024-04-17,K02,9.0,1341.0,149.0,0
2024-04-18,K02,4.0,596.0,149.0,0
2024-04-19,K02,5.0,745.0,149.0,0
2024-04-20,K02,7.0,1043.0,149.0,0
2024-04-21,K02,6.0,894.0,149.0,0
2024-04-22,K02,11.0,1639.0,149.0,0
2024-04-23,K02,6.0,894.0,149.0,0
2024-04-24,K02,7.0,1043.0,149.0,0
2024-04-25,K02,7.0,1043.0,149.0,0
2024-04-26,K02,3.0,447.0,149.0,0
2024-04-27,K02,6.0,894.0,149.0,0
2024-04-28,K02,5.0,745.0,149.0,0
2024-04-29,K02,4.0,596.0,149.0,0
2024-04-30,K02,0.0,0.0,149.0,0
2024-05-01,K02,8.0,1192.0,149.0,0
2024-05-02,K02,6.0,894.0,149.0,0
2024-05-03,K02,2.0,298.0,149.0,0
2024-05-04,K02,5.0,745.0,149.0,0
2024-05-05,K02,6.0,894.0,149.0,0
2024-05-06,K02,3.0,447.0,149.0,0
2024-05-07,K02,4.0,596.0,149.0,0
2024-05-08,K02,7.0,1043.0,149.0,0
2024-05-09,K02,8.0,1192.0,149.0,0
2024-05-10,K02,11.0,1397.0,127.0,1
2024-05-11,K02,9.0,1143.0,127.0,1
2024-05-12,K02,6.0,762.0,127.0,1
2024-05-13,K02,5.0,635.0,127.0,1
2024-05-14,K02,12.0,1524.0,127.0,1
2024-05-15,K02,5.0,635.0,127.0,1
2024-05-16,K02,9.0,1143.0,127.0,1
2024-05-17,K02,6.0,762.0,127.0,1
2024-05-18,K02,8.0,1016.0,127.0,1
2024-05-19,K02,5.0,635.0,127.0,1
2024-05-20,K02,4.0,596.0,149.0,0
2024-05-21,K02,2.0,298.0,149.0,0
2024-05-22,K02,4.0,596.0,149.0,0
2024-05-23,K02,6.0,894.0,149.0,0
2024-05-24,K02,3.0,447.0,149.0,0
2024-05-25,K02,5.0,745.0,149.0,0
2024-05-26,K02,5.0,745.0,149.0,0
2024-05-27,K02,3.0,447.0,149.0,0
2024-05-28,K02,8.0,1192.0,149.0,0
2024-05-29,K02,6.0,894.0,149.0,0
2024-05-30,K02,3.0,447.0,149.0,0
2024-05-31,K02,2.0,298.0,149.0,0
2024-06-01,K02,6.0,894.0,149.0,0
2024-06-02,K02,3.0,447.0,149.0,0
2024-06-03,K02,2.0,298.0,149.0,0
2024-06-04,K02,5.0,745.0,149.0,0
2024-06-05,K02,6.0,894.0,149.0,0
2024-06-06,K02,3.0,447.0,149.0,0
2024-06-07,K02,2.0,298.0,149.0,0
2024-06-08,K02,9.0,1341.0,149.0,0
2024-06-09,K02,9.0,1341.0,149.0,0
2024-06-10,K02,3.0,447.0,149.0,0
2024-06-11,K02,4.0,596.0,149.0,0
2024-06-12,K02,4.0,596.0,149.0,0
2024-06-13,K02,2.0,298.0,149.0,0
2024-06-14,K02,5.0,745.0,149.0,0
2024-06-15,K02,7.0,1043.0,149.0,0
2024-06-16,K02,2.0,298.0,149.0,0
2024-06-17,K02,6.0,894.0,149.0,0
2024-06-18,K02,8.0,1192.0,149.0,0
2024-06-19,K02,6.0,894.0,149.0,0
2024-06-20,K02,8.0,1192.0,149.0,0
2024-06-21,K02,4.0,596.0,149.0,0
2024-06-22,K02,5.0,745.0,149.0,0
2024-06-23,K02,5.0,745.0,149.0,0
2024-06-24,K02,5.0,745.0,149.0,0
2024-06-25,K02,3.0,447.0,149.0,0
2024-06-26,K02,5.0,745.0,149.0,0
2024-06-27,K02,5.0,745.0,149.0,0
2024-06-28,K02,4.0,596.0,149.0,0
2024-06-29,K02,3.0,447.0,149.0,0
2024-06-30,K02,4.0,596.0,149.0,0
2024-07-01,K02,6.0,894.0,149.0,0
2024-07-02,K02,3.0,447.0,149.0,0
2024-07-03,K02,2.0,298.0,149.0,0
2024-07-04,K02,4.0,596.0,149.0,0
2024-07-05,K02,4.0,596.0,149.0,0
2024-07-06,K02,3.0,447.0,149.0,0
2024-07-07,K02,5.0,745.0,149.0,0
2024-07-08,K02,3.0,447.0,149.0,0
2024-07-09,K02,2.0,298.0,149.0,0
2024-07-10,K02,6.0,894.0,149.0,0
2024-07-11,K02,4.0,596.0,149.0,0
2024-07-12,K02,6.0,894.0,149.0,0
2024-07-13,K02,7.0,1043.0,149.0,0
2024-07-14,K02,5.0,745.0,149.0,0
2024-07-15,K02,6.0,894.0,149.0,0
2024-07-16,K02,2.0,298.0,149.0,0
2024-07-17,K02,4.0,596.0,149.0,0
2024-07-18,K02,3.0,447.0,149.0,0
2024-07-19,K02,4.0,596.0,149.0,0
2024-07-20,K02,1.0,149.0,149.0,0
2024-07-21,K02,6.0,894.0,149.0,0
2024-07-22,K02,6.0,894.0,149.0,0
2024-07-23,K02,6.0,894.0,149.0,0
2024-07-24,K02,3.0,447.0,149.0,0
2024-07-25,K02,7.0,1043.0,149.0,0
2024-07-26,K02,7.0,1043.0,149.0,0
2024-07-27,K02,4.0,596.0,149.0,0
2024-07-28,K02,5.0,745.0,149.0,0
2024-07-29,K02,2.0,298.0,149.0,0
2024-07-30,K02,10.0,1490.0,149.0,0
2024-07-31,K02,4.0,596.0,149.0,0
2024-08-01,K02,4.0,596.0,149.0,0
2024-08-02,K02,3.0,447.0,149.0,0
2024-08-03,K02,6.0,894.0,149.0,0
2024-08-04,K02,5.0,745.0,149.0,0
2024-08-05,K02,2.0,298.0,149.0,0
2024-08-06,K02,7.0,1043.0,149.0,0
2024-08-07,K02,5.0,745.0,149.0,0
2024-08-08,K02,1.0,149.0,149.0,0
2024-08-09,K02,6.0,894.0,149.0,0
2024-08-10,K02,3.0,447.0,149.0,0
2024-08-11,K02,6.0,894.0,149.0,0
2024-08-12,K02,7.0,1043.0,149.0,0
2024-08-13,K02,8.0,1192.0,149.0,0
2024-08-14,K02,5.0,745.0,149.0,0
2024-08-15,K02,4.0,596.0,149.0,0
2024-08-16,K02,4.0,596.0,149.0,0
2024-08-17,K02,2.0,298.0,149.0,0
2024-08-18,K02,7.0,1043.0,149.0,0
2024-08-19,K02,5.0,745.0,149.0,0
2024-08-20,K02,10.0,1490.0,149.0,0
2024-08-21,K02,4.0,596.0,149.0,0
2024-08-22,K02,4.0,596.0,149.0,0
2024-08-23,K02,11.0,1639.0,149.0,0
2024-08-24,K02,8.0,1192.0,149.0,0
2024-08-25,K02,8.0,1192.0,149.0,0
2024-08-26,K02,5.0,745.0,149.0,0
2024-08-27,K02,8.0,1192.0,149.0,0
2024-08-28,K02,2.0,298.0,149.0,0
2024-08-29,K02,7.0,1043.0,149.0,0
2024-08-30,K02,6.0,894.0,149.0,0
2024-08-31,K02,9.0,1341.0,149.0,0
2024-09-01,K02,8.0,1192.0,149.0,0
2024-09-02,K02,8.0,1192.0,149.0,0
2024-09-03,K02,8.0,1192.0,149.0,0
2024-09-04,K02,6.0,894.0,149.0,0
2024-09-05,K02,4.0,596.0,149.0,0
2024-09-06,K02,7.0,1043.0,149.0,0
2024-09-07,K02,15.0,2235.0,149.0,0
2024-09-08,K02,9.0,1341.0,149.0,0
2024-09-09,K02,11.0,1639.0,149.0,0
2024-09-10,K02,8.0,1192.0,149.0,0
2024-09-11,K02,12.0,1788.0,149.0,0
2024-09-12,K02,13.0,1937.0,149.0,0
2024-09-13,K02,10.0,1490.0,149.0,0
2024-09-14,K02,10.0,1490.0,149.0,0
2024-09-15,K02,11.0,1639.0,149.0,0
2024-09-16,K02,,1341.0,149.0,0
2024-09-17,K02,3.0,447.0,149.0,0
2024-09-18,K02,7.0,1043.0,149.0,0
2024-09-19,K02,11.0,1639.0,149.0,0
2024-09-20,K02,4.0,596.0,149.0,0
2024-09-21,K02,9.0,1341.0,149.0,0
2024-09-22,K02,11.0,1639.0,149.0,0
2024-09-23,K02,14.0,2086.0,149.0,0
2024-09-24,K02,12.0,1788.0,149.0,0
2024-09-25,K02,11.0,1639.0,149.0,0
2024-09-26,K02,12.0,1788.0,149.0,0
2024-09-27,K02,8.0,1192.0,149.0,0
2024-09-28,K02,9.0,1341.0,149.0,0
2024-09-29,K02,16.0,2384.0,149.0,0
2024-09-30,K02,9.0,1341.0,149.0,0
2024-10-01,K02,10.0,1490.0,149.0,0
2024-10-02,K02,6.0,894.0,149.0,0
2024-10-03,K02,7.0,1043.0,149.0,0
2024-10-04,K02,11.0,1639.0,149.0,0
2024-10-05,K02,16.0,2384.0,149.0,0
2024-10-06,K02,15.0,2235.0,149.0,0
2024-10-07,K02,6.0,894.0,149.0,0
2024-10-08,K02,14.0,2086.0,149.0,0
2024-10-09,K02,14.0,2086.0,149.0,0
2024-10-10,K02,10.0,1490.0,149.0,0
2024-10-11,K02,10.0,1490.0,149.0,0
2024-10-12,K02,13.0,1937.0,149.0,0
2024-10-13,K02,14.0,2086.0,149.0,0
2024-10-14,K02,12.0,1788.0,149.0,0
2024-10-15,K02,10.0,1490.0,149.0,0
2024-10-16,K02,10.0,1490.0,149.0,0
2024-10-17,K02,14.0,2086.0,149.0,0
2024-10-18,K02,13.0,1937.0,149.0,0
2024-10-19,K02,12.0,1788.0,149.0,0
2024-10-20,K02,17.0,2533.0,149.0,0
2024-10-21,K02,8.0,1192.0,149.0,0
2024-10-22,K02,10.0,1490.0,149.0,0
2024-10-23,K02,8.0,1192.0,149.0,0
2024-10-24,K02,6.0,894.0,149.0,0
2024-10-25,K02,9.0,1341.0,149.0,0
2024-10-26,K02,16.0,2384.0,149.0,0
2024-10-27,K02,18.0,2682.0,149.0,0
2024-10-28,K02,10.0,1270.0,127.0,1
2024-10-29,K02,19.0,2413.0,127.0,1
2024-10-30,K02,16.0,2032.0,127.0,1
2024-10-31,K02,15.0,1905.0,127.0,1
2024-11-01,K02,13.0,1651.0,127.0,1
2024-11-02,K02,23.0,2921.0,127.0,1
2024-11-03,K02,21.0,2667.0,127.0,1
2024-11-04,K02,8.0,1192.0,149.0,0
2024-11-05,K02,14.0,2086.0,149.0,0
2024-11-06,K02,17.0,2533.0,149.0,0
2024-11-07,K02,15.0,2235.0,149.0,0
2024-11-08,K02,7.0,1043.0,149.0,0
2024-11-09,K02,18.0,2682.0,149.0,0
2024-11-10,K02,10.0,1490.0,149.0,0
2024-11-11,K02,14.0,2086.0,149.0,0
2024-11-12,K02,6.0,894.0,149.0,0
2024-11-13,K02,18.0,2682.0,149.0,0
2024-11-14,K02,14.0,2086.0,149.0,0
2024-11-15,K02,13.0,1937.0,149.0,0
2024-11-16,K02,18.0,2682.0,149.0,0
2024-11-17,K02,12.0,1788.0,149.0,0
2024-11-18,K02,10.0,1490.0,149.0,0
2024-11-19,K02,16.0,2384.0,149.0,0
2024-11-20,K02,9.0,1341.0,149.0,0
2024-11-21,K02,11.0,1639.0,149.0,0
2024-11-22,K02,13.0,1937.0,149.0,0
2024-11-23,K02,17.0,2533.0,149.0,0
2024-11-24,K02,14.0,2086.0,149.0,0
2024-11-25,K02,14.0,2086.0,149.0,0
2024-11-26,K02,10.0,1490.0,149.0,0
2024-11-27,K02,13.0,1937.0,149.0,0
2024-11-28,K02,12.0,1788.0,149.0,0
2024-11-29,K02,12.0,1788.0,149.0,0
2024-11-30,K02,13.0,1937.0,149.0,0
2024-12-01,K02,18.0,2682.0,149.0,0
2024-12-02,K02,10.0,1490.0,149.0,0
2024-12-03,K02,13.0,1937.0,149.0,0
2024-12-04,K02,9.0,1341.0,149.0,0
2024-12-05,K02,14.0,2086.0,149.0,0
2024-12-06,K02,9.0,1341.0,149.0,0
2024-12-07,K02,13.0,1937.0,149.0,0
2024-12-08,K02,17.0,2533.0,149.0,0
2024-12-09,K02,12.0,1788.0,149.0,0
2024-12-10,K02,12.0,1788.0,149.0,0
2024-12-11,K02,12.0,1788.0,149.0,0
2024-12-12,K02,16.0,2384.0,149.0,0
2024-12-13,K02,17.0,2533.0,149.0,0
2024-12-14,K02,19.0,2831.0,149.0,0
2024-12-15,K02,16.0,2384.0,149.0,0
2024-12-16,K02,6.0,894.0,149.0,0
2024-12-17,K02,7.0,1043.0,149.0,0
2024-12-18,K02,14.0,2086.0,149.0,0
2024-12-19,K02,13.0,1937.0,149.0,0
2024-12-20,K02,13.0,1937.0,149.0,0
2024-12-21,K02,14.0,2086.0,149.0,0
2024-12-22,K02,13.0,1937.0,149.0,0
2024-12-23,K02,17.0,2533.0,149.0,0
2024-12-24,K02,17.0,2533.0,149.0,0
2024-12-25,K02,11.0,1639.0,149.0,0
2024-12-26,K02,13.0,1937.0,149.0,0
2024-12-27,K02,12.0,1788.0,149.0,0
2024-12-28,K02,13.0,1937.0,149.0,0
2024-12-29,K02,14.0,2086.0,149.0,0
2024-12-30,K02,14.0,2086.0,149.0,0
2024-12-31,K02,15.0,2235.0,149.0,0
2025-01-01,K02,13.0,1937.0,149.0,0
2025-01-02,K02,12.0,1788.0,149.0,0
2025-01-03,K02,16.0,2384.0,149.0,0
2025-01-04,K02,17.0,2533.0,149.0,0
2025-01-05,K02,19.0,2831.0,149.0,0
2025-01-06,K02,14.0,2086.0,149.0,0
2025-01-07,K02,12.0,1788.0,149.0,0
2025-01-08,K02,13.0,1937.0,149.0,0
2025-01-09,K02,18.0,2682.0,149.0,0
2025-01-10,K02,12.0,1788.0,149.0,0
2025-01-11,K02,11.0,1639.0,149.0,0
2025-01-12,K02,13.0,1937.0,149.0,0
2025-01-13,K02,13.0,1937.0,149.0,0
2025-01-14,K02,14.0,2086.0,149.0,0
2025-01-15,K02,13.0,1937.0,149.0,0
2025-01-16,K02,14.0,2086.0,149.0,0
2025-01-17,K02,14.0,2086.0,149.0,0
2025-01-18,K02,15.0,2235.0,149.0,0
2025-01-19,K02,13.0,1937.0,149.0,0
2025-01-20,K02,15.0,2235.0,149.0,0
2025-01-21,K02,14.0,2086.0,149.0,0
2025-01-22,K02,14.0,1778.0,127.0,1
2025-01-23,K02,20.0,2540.0,127.0,1
2025-01-24,K02,12.0,1524.0,127.0,1
2025-01-25,K02,16.0,2032.0,127.0,1
2025-01-26,K02,16.0,2032.0,127.0,1
2025-01-27,K02,14.0,1778.0,127.0,1
2025-01-28,K02,10.0,1270.0,127.0,1
2025-01-29,K02,13.0,1937.0,149.0,0
2025-01-30,K02,12.0,1788.0,149.0,0
2025-01-31,K02,14.0,2086.0,149.0,0
2025-02-01,K02,16.0,2384.0,149.0,0
2025-02-02,K02,13.0,1937.0,149.0,0
2025-02-03,K02,9.0,1341.0,149.0,0
2025-02-04,K02,14.0,2086.0,149.0,0
2025-02-05,K02,11.0,1639.0,149.0,0
2025-02-06,K02,11.0,1639.0,149.0,0
2025-02-07,K02,13.0,1937.0,149.0,0
2025-02-08,K02,15.0,2235.0,149.0,0
2025-02-09,K02,6.0,894.0,149.0,0
2025-02-10,K02,8.0,1192.0,149.0,0
2025-02-11,K02,18.0,2682.0,149.0,0
2025-02-12,K02,10.0,1490.0,149.0,0
2025-02-13,K02,14.0,2086.0,149.0,0
2025-02-14,K02,11.0,1639.0,149.0,0
2025-02-15,K02,16.0,2384.0,149.0,0
2025-02-16,K02,15.0,2235.0,149.0,0
2025-02-17,K02,10.0,1490.0,149.0,0
2025-02-18,K02,9.0,1341.0,149.0,0
2025-02-19,K02,10.0,1490.0,149.0,0
2025-02-20,K02,9.0,1341.0,149.0,0
2025-02-21,K02,8.0,1192.0,149.0,0
2025-02-22,K02,13.0,1937.0,149.0,0
2025-02-23,K02,14.0,2086.0,149.0,0
2025-02-24,K02,16.0,2384.0,149.0,0
2025-02-25,K02,5.0,745.0,149.0,0
2025-02-26,K02,13.0,1937.0,149.0,0
2025-02-27,K02,11.0,1639.0,149.0,0
2025-02-28,K02,9.0,1341.0,149.0,0
2025-03-01,K02,7.0,1043.0,149.0,0
2025-03-02,K02,14.0,2086.0,149.0,0
2025-03-03,K02,8.0,1192.0,149.0,0
2025-03-04,K02,9.0,1341.0,149.0,0
2025-03-05,K02,9.0,1341.0,149.0,0
2025-03-06,K02,11.0,1639.0,149.0,0
2025-03-07,K02,5.0,745.0,149.0,0
2025-03-08,K02,12.0,1788.0,149.0,0
2025-03-09,K02,12.0,1788.0,149.0,0
2025-03-10,K02,12.0,1788.0,149.0,0
2025-03-11,K02,5.0,745.0,149.0,0
2025-03-12,K02,13.0,1937.0,149.0,0
2025-03-13,K02,5.0,745.0,149.0,0
2025-03-14,K02,5.0,745.0,149.0,0
2025-03-15,K02,20.0,2980.0,149.0,0
2025-03-16,K02,11.0,1639.0,149.0,0
2025-03-17,K02,5.0,745.0,149.0,0
2025-03-18,K02,5.0,745.0,149.0,0
2025-03-19,K02,11.0,1639.0,149.0,0
2025-03-20,K02,8.0,1192.0,149.0,0
2025-03-21,K02,5.0,745.0,149.0,0
2025-03-22,K02,9.0,1341.0,149.0,0
2025-03-23,K02,9.0,1341.0,149.0,0
2025-03-24,K02,12.0,1788.0,149.0,0
2025-03-25,K02,11.0,1639.0,149.0,0
2025-03-26,K02,4.0,596.0,149.0,0
2025-03-27,K02,5.0,745.0,149.0,0
2025-03-28,K02,12.0,1788.0,149.0,0
2025-03-29,K02,9.0,1341.0,149.0,0
2025-03-30,K02,8.0,1192.0,149.0,0
2025-03-31,K02,11.0,1639.0,149.0,0
2025-04-01,K02,15.0,2235.0,149.0,0
2025-04-02,K02,7.0,1043.0,149.0,0
2025-04-03,K02,2.0,298.0,149.0,0
2025-04-04,K02,8.0,1192.0,149.0,0
2025-04-05,K02,10.0,1490.0,149.0,0
2025-04-06,K02,8.0,1192.0,149.0,0
2025-04-07,K02,7.0,1043.0,149.0,0
2025-04-08,K02,6.0,894.0,149.0,0
2025-04-09,K02,5.0,745.0,149.0,0
2025-04-10,K02,6.0,894.0,149.0,0
2025-04-11,K02,13.0,1937.0,149.0,0
2025-04-12,K02,11.0,1639.0,149.0,0
2025-04-13,K02,6.0,894.0,149.0,0
2025-04-14,K02,7.0,1043.0,149.0,0
2025-04-15,K02,8.0,1192.0,149.0,0
2025-04-16,K02,8.0,1192.0,149.0,0
2025-04-17,K02,9.0,1341.0,149.0,0
2025-04-18,K02,5.0,745.0,149.0,0
2025-04-19,K02,9.0,1341.0,149.0,0
2025-04-20,K02,3.0,447.0,149.0,0
2025-04-21,K02,9.0,1341.0,149.0,0
2025-04-22,K02,10.0,1490.0,149.0,0
2025-04-23,K02,5.0,745.0,149.0,0
2025-04-24,K02,5.0,745.0,149.0,0
2025-04-25,K02,8.0,1192.0,149.0,0
2025-04-26,K02,10.0,1490.0,149.0,0
2025-04-27,K02,7.0,1043.0,149.0,0
2025-04-28,K02,4.0,596.0,149.0,0
2025-04-29,K02,2.0,298.0,149.0,0
2025-04-30,K02,9.0,1341.0,149.0,0
2025-05-01,K02,3.0,447.0,149.0,0
2025-05-02,K02,8.0,1192.0,149.0,0
2025-05-03,K02,5.0,745.0,149.0,0
2025-05-04,K02,6.0,894.0,149.0,0
2025-05-05,K02,6.0,894.0,149.0,0
2025-05-06,K02,5.0,745.0,149.0,0
2025-05-07,K02,4.0,596.0,149.0,0
2025-05-08,K02,6.0,894.0,149.0,0
2025-05-09,K02,9.0,1341.0,149.0,0
2025-05-10,K02,5.0,635.0,127.0,1
2025-05-11,K02,11.0,1397.0,127.0,1
2025-05-12,K02,7.0,889.0,127.0,1
2025-05-13,K02,7.0,889.0,127.0,1
2025-05-14,K02,6.0,762.0,127.0,1
2025-05-15,K02,13.0,1651.0,127.0,1
2025-05-16,K02,2.0,254.0,127.0,1
2025-05-17,K02,8.0,1016.0,127.0,1
2025-05-18,K02,3.0,381.0,127.0,1
2025-05-19,K02,10.0,1270.0,127.0,1
2025-05-20,K02,3.0,447.0,149.0,0
2025-05-21,K02,2.0,298.0,149.0,0
2025-05-22,K02,5.0,745.0,149.0,0
2025-05-23,K02,6.0,894.0,149.0,0
2025-05-24,K02,7.0,1043.0,149.0,0
2025-05-25,K02,3.0,447.0,149.0,0
2025-05-26,K02,1.0,149.0,149.0,0
2025-05-27,K02,5.0,745.0,149.0,0
2025-05-28,K02,5.0,745.0,149.0,0
2025-05-29,K02,12.0,1788.0,149.0,0
2025-05-30,K02,,1192.0,149.0,0
2025-05-31,K02,9.0,1341.0,149.0,0
2025-06-01,K02,2.0,298.0,149.0,0
2025-06-02,K02,7.0,1043.0,149.0,0
2025-06-03,K02,1.0,149.0,149.0,0
2025-06-04,K02,4.0,596.0,149.0,0
2025-06-05,K02,5.0,745.0,149.0,0
2025-06-06,K02,5.0,745.0,149.0,0
2025-06-07,K02,4.0,596.0,149.0,0
2025-06-08,K02,6.0,894.0,149.0,0
2025-06-09,K02,6.0,894.0,149.0,0
2025-06-10,K02,10.0,1490.0,149.0,0
2025-06-11,K02,3.0,447.0,149.0,0
2025-06-12,K02,3.0,447.0,149.0,0
2025-06-13,K02,4.0,596.0,149.0,0
2025-06-14,K02,4.0,596.0,149.0,0
2025-06-15,K02,6.0,894.0,149.0,0
2025-06-16,K02,5.0,745.0,149.0,0
2025-06-17,K02,2.0,298.0,149.0,0
2025-06-18,K02,5.0,745.0,149.0,0
2025-06-19,K02,4.0,596.0,149.0,0
2025-06-20,K02,4.0,596.0,149.0,0
2025-06-21,K02,5.0,745.0,149.0,0
2025-06-22,K02,9.0,1341.0,149.0,0
2025-06-23,K02,7.0,1043.0,149.0,0
2025-06-24,K02,2.0,298.0,149.0,0
2025-06-25,K02,5.0,745.0,149.0,0
2025-06-26,K02,5.0,745.0,149.0,0
2025-06-27,K02,4.0,596.0,149.0,0
2025-06-28,K02,6.0,894.0,149.0,0
2025-06-29,K02,8.0,1192.0,149.0,0
2025-06-30,K02,6.0,894.0,149.0,0
2025-07-01,K02,4.0,596.0,149.0,0
2025-07-02,K02,4.0,596.0,149.0,0
2025-07-03,K02,4.0,596.0,149.0,0
2025-07-04,K02,7.0,1043.0,149.0,0
2025-07-05,K02,6.0,894.0,149.0,0
2025-07-06,K02,6.0,894.0,149.0,0
2025-07-07,K02,5.0,745.0,149.0,0
2025-07-08,K02,4.0,596.0,149.0,0
2025-07-09,K02,6.0,894.0,149.0,0
2025-07-10,K02,6.0,894.0,149.0,0
2025-07-11,K02,4.0,596.0,149.0,0
2025-07-12,K02,3.0,447.0,149.0,0
2025-07-13,K02,2.0,298.0,149.0,0
2025-07-14,K02,7.0,1043.0,149.0,0
2025-07-15,K02,3.0,447.0,149.0,0
2025-07-16,K02,6.0,894.0,149.0,0
2025-07-17,K02,4.0,596.0,149.0,0
2025-07-18,K02,8.0,1192.0,149.0,0
2025-07-19,K02,10.0,1490.0,149.0,0
2025-07-20,K02,8.0,1192.0,149.0,0
2025-07-21,K02,1.0,149.0,149.0,0
2025-07-22,K02,4.0,596.0,149.0,0
2025-07-23,K02,4.0,596.0,149.0,0
2025-07-24,K02,6.0,894.0,149.0,0
2025-07-25,K02,7.0,1043.0,149.0,0
2025-07-26,K02,6.0,894.0,149.0,0
2025-07-27,K02,7.0,1043.0,149.0,0
2025-07-28,K02,3.0,447.0,149.0,0
2025-07-29,K02,6.0,894.0,149.0,0
2025-07-30,K02,12.0,1788.0,149.0,0
2025-07-31,K02,3.0,447.0,149.0,0
2025-08-01,K02,6.0,894.0,149.0,0
2025-08-02,K02,10.0,1490.0,149.0,0
2025-08-03,K02,8.0,1192.0,149.0,0
2025-08-04,K02,8.0,1192.0,149.0,0
2025-08-05,K02,1.0,149.0,149.0,0
2025-08-06,K02,6.0,894.0,149.0,0
2025-08-07,K02,14.0,2086.0,149.0,0
2025-08-08,K02,8.0,1192.0,149.0,0
2025-08-09,K02,6.0,894.0,149.0,0
2025-08-10,K02,4.0,596.0,149.0,0
2025-08-11,K02,6.0,894.0,149.0,0
2025-08-12,K02,6.0,894.0,149.0,0
2025-08-13,K02,4.0,596.0,149.0,0
2025-08-14,K02,8.0,1192.0,149.0,0
2025-08-15,K02,8.0,1192.0,149.0,0
2025-08-16,K02,11.0,1639.0,149.0,0
2025-08-17,K02,10.0,1490.0,149.0,0
2025-08-18,K02,7.0,1043.0,149.0,0
2025-08-19,K02,6.0,894.0,149.0,0
2025-08-20,K02,9.0,1341.0,149.0,0
2025-08-21,K02,10.0,1490.0,149.0,0
2025-08-22,K02,8.0,1192.0,149.0,0
2025-08-23,K02,9.0,1341.0,149.0,0
2025-08-24,K02,7.0,1043.0,149.0,0
2025-08-25,K02,9.0,1341.0,149.0,0
2025-08-26,K02,9.0,1341.0,149.0,0
2025-08-27,K02,9.0,1341.0,149.0,0
2025-08-28,K02,9.0,1341.0,149.0,0
2025-08-29,K02,7.0,1043.0,149.0,0
2025-08-30,K02,8.0,1192.0,149.0,0
2025-08-31,K02,13.0,1937.0,149.0,0
2025-09-01,K02,12.0,1788.0,149.0,0
2025-09-02,K02,8.0,1192.0,149.0,0
2025-09-03,K02,4.0,596.0,149.0,0
2025-09-04,K02,9.0,1341.0,149.0,0
2025-09-05,K02,8.0,1192.0,149.0,0
2025-09-06,K02,7.0,1043.0,149.0,0
2025-09-07,K02,11.0,1639.0,149.0,0
2025-09-08,K02,10.0,1490.0,149.0,0
2025-09-09,K02,10.0,1490.0,149.0,0
2025-09-10,K02,9.0,1341.0,149.0,0
2025-09-11,K02,12.0,1788.0,149.0,0
2025-09-12,K02,11.0,1639.0,149.0,0
2025-09-13,K02,,1639.0,149.0,0
2025-09-14,K02,14.0,2086.0,149.0,0
2025-09-15,K02,13.0,1937.0,149.0,0
2025-09-16,K02,14.0,2086.0,149.0,0
2025-09-17,K02,4.0,596.0,149.0,0
2025-09-18,K02,10.0,1490.0,149.0,0
2025-09-19,K02,8.0,1192.0,149.0,0
2025-09-20,K02,16.0,2384.0,149.0,0
2025-09-21,K02,13.0,1937.0,149.0,0
2025-09-22,K02,10.0,1490.0,149.0,0
2025-09-23,K02,7.0,1043.0,149.0,0
2025-09-24,K02,14.0,2086.0,149.0,0
2025-09-25,K02,4.0,596.0,149.0,0
2025-09-26,K02,6.0,894.0,149.0,0
2025-09-27,K02,14.0,2086.0,149.0,0
2025-09-28,K02,12.0,1788.0,149.0,0
2025-09-29,K02,8.0,1192.0,149.0,0
2025-09-30,K02,9.0,1341.0,149.0,0
2025-10-01,K02,16.0,2384.0,149.0,0
2025-10-02,K02,11.0,1639.0,149.0,0
2025-10-03,K02,12.0,1788.0,149.0,0
2025-10-04,K02,22.0,3278.0,149.0,0
2025-10-05,K02,8.0,1192.0,149.0,0
2025-10-06,K02,14.0,2086.0,149.0,0
2025-10-07,K02,14.0,2086.0,149.0,0
2025-10-08,K02,12.0,1788.0,149.0,0
2025-10-09,K02,14.0,2086.0,149.0,0
2025-10-10,K02,6.0,894.0,149.0,0
2025-10-11,K02,9.0,1341.0,149.0,0
2025-10-12,K02,11.0,1639.0,149.0,0
2025-10-13,K02,14.0,2086.0,149.0,0
2025-10-14,K02,14.0,2086.0,149.0,0
2025-10-15,K02,17.0,2159.0,127.0,1
2025-10-16,K02,20.0,2540.0,127.0,1
2025-10-17,K02,20.0,2540.0,127.0,1
2025-10-18,K02,21.0,2667.0,127.0,1
2025-10-19,K02,16.0,2032.0,127.0,1
2025-10-20,K02,14.0,1778.0,127.0,1
2025-10-21,K02,22.0,2794.0,127.0,1
2025-10-22,K02,11.0,1639.0,149.0,0
2025-10-23,K02,17.0,2533.0,149.0,0
2025-10-24,K02,14.0,2086.0,149.0,0
2025-10-25,K02,18.0,2682.0,149.0,0
2025-10-26,K02,23.0,3427.0,149.0,0
2025-10-27,K02,14.0,2086.0,149.0,0
2025-10-28,K02,13.0,1937.0,149.0,0
2025-10-29,K02,13.0,1937.0,149.0,0
2025-10-30,K02,17.0,2533.0,149.0,0
2025-10-31,K02,8.0,1192.0,149.0,0
2025-11-01,K02,15.0,2235.0,149.0,0
2025-11-02,K02,15.0,2235.0,149.0,0
2025-11-03,K02,18.0,2682.0,149.0,0
2025-11-04,K02,7.0,1043.0,149.0,0
2025-11-05,K02,15.0,2235.0,149.0,0
2025-11-06,K02,12.0,1788.0,149.0,0
2025-11-07,K02,14.0,2086.0,149.0,0
2025-11-08,K02,17.0,2533.0,149.0,0
2025-11-09,K02,12.0,1788.0,149.0,0
2025-11-10,K02,10.0,1490.0,149.0,0
2025-11-11,K02,9.0,1341.0,149.0,0
2025-11-12,K02,15.0,2235.0,149.0,0
2025-11-13,K02,8.0,1192.0,149.0,0
2025-11-14,K02,14.0,2086.0,149.0,0
2025-11-15,K02,11.0,1639.0,149.0,0
2025-11-16,K02,23.0,3427.0,149.0,0
2025-11-17,K02,10.0,1490.0,149.0,0
2025-11-18,K02,12.0,1788.0,149.0,0
2025-11-19,K02,13.0,1937.0,149.0,0
2025-11-20,K02,14.0,2086.0,149.0,0
2025-11-21,K02,8.0,1192.0,149.0,0
2025-11-22,K02,13.0,1937.0,149.0,0
2025-11-23,K02,16.0,2384.0,149.0,0
2025-11-24,K02,6.0,894.0,149.0,0
2025-11-25,K02,12.0,1788.0,149.0,0
2025-11-26,K02,16.0,2384.0,149.0,0
2025-11-27,K02,14.0,2086.0,149.0,0
2025-11-28,K02,12.0,1788.0,149.0,0
2025-11-29,K02,12.0,1788.0,149.0,0
2025-11-30,K02,17.0,2533.0,149.0,0
2025-12-01,K02,11.0,1639.0,149.0,0
2025-12-02,K02,8.0,1192.0,149.0,0
2025-12-03,K02,14.0,2086.0,149.0,0
2025-12-04,K02,15.0,2235.0,149.0,0
2025-12-05,K02,7.0,1043.0,149.0,0
2025-12-06,K02,11.0,1639.0,149.0,0
2025-12-07,K02,20.0,2980.0,149.0,0
2025-12-08,K02,18.0,2682.0,149.0,0
2025-12-09,K02,9.0,1341.0,149.0,0
2025-12-10,K02,11.0,1639.0,149.0,0
2025-12-11,K02,18.0,2682.0,149.0,0
2025-12-12,K02,15.0,2235.0,149.0,0
2025-12-13,K02,21.0,3129.0,149.0,0
2025-12-14,K02,12.0,1788.0,149.0,0
2025-12-15,K02,10.0,1490.0,149.0,0
2025-12-16,K02,12.0,1788.0,149.0,0
2025-12-17,K02,11.0,1639.0,149.0,0
2025-12-18,K02,14.0,2086.0,149.0,0
2025-12-19,K02,9.0,1341.0,149.0,0
2025-12-20,K02,20.0,2980.0,149.0,0
2025-12-21,K02,13.0,1937.0,149.0,0
2025-12-22,K02,15.0,2235.0,149.0,0
2025-12-23,K02,18.0,2682.0,149.0,0
2025-12-24,K02,17.0,2533.0,149.0,0
2025-12-25,K02,9.0,1341.0,149.0,0
2025-12-26,K02,11.0,1639.0,149.0,0
2025-12-27,K02,15.0,2235.0,149.0,0
2025-12-28,K02,20.0,2980.0,149.0,0
2025-12-29,K02,15.0,2235.0,149.0,0
2025-12-30,K02,18.0,2682.0,149.0,0
2025-12-31,K02,10.0,1490.0,149.0,0
2026-01-01,K02,15.0,2235.0,149.0,0
2026-01-02,K02,18.0,2682.0,149.0,0
2026-01-03,K02,19.0,2831.0,149.0,0
2026-01-04,K02,11.0,1639.0,149.0,0
2026-01-05,K02,12.0,1788.0,149.0,0
2026-01-06,K02,13.0,1937.0,149.0,0
2026-01-07,K02,15.0,2235.0,149.0,0
2026-01-08,K02,12.0,1788.0,149.0,0
2026-01-09,K02,13.0,1937.0,149.0,0
2026-01-10,K02,17.0,2533.0,149.0,0
2026-01-11,K02,19.0,2831.0,149.0,0
2026-01-12,K02,16.0,2384.0,149.0,0
2026-01-13,K02,14.0,2086.0,149.0,0
2026-01-14,K02,19.0,2831.0,149.0,0
2026-01-15,K02,15.0,2235.0,149.0,0
2026-01-16,K02,23.0,3427.0,149.0,0
2026-01-17,K02,19.0,2831.0,149.0,0
2026-01-18,K02,18.0,2682.0,149.0,0
2026-01-19,K02,12.0,1788.0,149.0,0
2026-01-20,K02,12.0,1788.0,149.0,0
2026-01-21,K02,15.0,2235.0,149.0,0
2026-01-22,K02,19.0,2413.0,127.0,1
2026-01-23,K02,14.0,1778.0,127.0,1
2026-01-24,K02,17.0,2159.0,127.0,1
2026-01-25,K02,16.0,2032.0,127.0,1
2026-01-26,K02,23.0,2921.0,127.0,1
2026-01-27,K02,29.0,3683.0,127.0,1
2026-01-28,K02,,2286.0,127.0,1
2026-01-29,K02,15.0,2235.0,149.0,0
2026-01-30,K02,8.0,1192.0,149.0,0
2026-01-31,K02,14.0,2086.0,149.0,0
2026-02-01,K02,17.0,2533.0,149.0,0
2026-02-02,K02,9.0,1341.0,149.0,0
2026-02-03,K02,9.0,1341.0,149.0,0
2026-02-04,K02,9.0,1341.0,149.0,0
2026-02-05,K02,16.0,2384.0,149.0,0
2026-02-06,K02,17.0,2533.0,149.0,0
2026-02-07,K02,14.0,2086.0,149.0,0
2026-02-08,K02,10.0,1490.0,149.0,0
2026-02-09,K02,13.0,1937.0,149.0,0
2026-02-10,K02,10.0,1490.0,149.0,0
2026-02-11,K02,9.0,1341.0,149.0,0
2026-02-12,K02,17.0,2533.0,149.0,0
2026-02-13,K02,6.0,894.0,149.0,0
2026-02-14,K02,8.0,1192.0,149.0,0
2026-02-15,K02,13.0,1937.0,149.0,0
2026-02-16,K02,13.0,1937.0,149.0,0
2026-02-17,K02,17.0,2533.0,149.0,0
2026-02-18,K02,8.0,1192.0,149.0,0
2026-02-19,K02,14.0,2086.0,149.0,0
2026-02-20,K02,12.0,1788.0,149.0,0
2026-02-21,K02,17.0,2533.0,149.0,0
2026-02-22,K02,17.0,2533.0,149.0,0
2026-02-23,K02,15.0,2235.0,149.0,0
2026-02-24,K02,11.0,1639.0,149.0,0
2026-02-25,K02,9.0,1341.0,149.0,0
2026-02-26,K02,10.0,1490.0,149.0,0
2026-02-27,K02,15.0,2235.0,149.0,0
2026-02-28,K02,21.0,3129.0,149.0,0
2026-03-01,K02,12.0,1788.0,149.0,0
2026-03-02,K02,11.0,1639.0,149.0,0
2026-03-03,K02,10.0,1490.0,149.0,0
2026-03-04,K02,13.0,1937.0,149.0,0
2026-03-05,K02,10.0,1490.0,149.0,0
2026-03-06,K02,11.0,1639.0,149.0,0
2026-03-07,K02,17.0,2533.0,149.0,0
2026-03-08,K02,12.0,1788.0,149.0,0
2026-03-09,K02,10.0,1490.0,149.0,0
2026-03-10,K02,10.0,1490.0,149.0,0
2026-03-11,K02,12.0,1788.0,149.0,0
2026-03-12,K02,8.0,1192.0,149.0,0
2026-03-13,K02,10.0,1490.0,149.0,0
2026-03-14,K02,8.0,1192.0,149.0,0
2026-03-15,K02,15.0,2235.0,149.0,0
2026-03-16,K02,10.0,1490.0,149.0,0
2026-03-17,K02,8.0,1192.0,149.0,0
2026-03-18,K02,10.0,1490.0,149.0,0
2026-03-19,K02,12.0,1788.0,149.0,0
2026-03-20,K02,7.0,1043.0,149.0,0
2026-03-21,K02,14.0,2086.0,149.0,0
2026-03-22,K02,10.0,1490.0,149.0,0
2026-03-23,K02,9.0,1341.0,149.0,0
2026-03-24,K02,12.0,1788.0,149.0,0
2026-03-25,K02,12.0,1788.0,149.0,0
2026-03-26,K02,4.0,596.0,149.0,0
2026-03-27,K02,13.0,1937.0,149.0,0
2026-03-28,K02,11.0,1639.0,149.0,0
2026-03-29,K02,11.0,1639.0,149.0,0
2026-03-30,K02,7.0,1043.0,149.0,0
2026-03-31,K02,6.0,894.0,149.0,0
2026-04-01,K02,8.0,1192.0,149.0,0
2026-04-02,K02,15.0,2235.0,149.0,0
2026-04-03,K02,11.0,1639.0,149.0,0
2026-04-04,K02,8.0,1192.0,149.0,0
2026-04-05,K02,9.0,1341.0,149.0,0
2026-04-06,K02,3.0,447.0,149.0,0
2026-04-07,K02,9.0,1341.0,149.0,0
2026-04-08,K02,12.0,1788.0,149.0,0
2026-04-09,K02,14.0,2086.0,149.0,0
2026-04-10,K02,9.0,1341.0,149.0,0
2026-04-11,K02,9.0,1341.0,149.0,0
2026-04-12,K02,10.0,1490.0,149.0,0
2026-04-13,K02,8.0,1192.0,149.0,0
2026-04-14,K02,5.0,745.0,149.0,0
2026-04-15,K02,8.0,1192.0,149.0,0
2026-04-16,K02,11.0,1639.0,149.0,0
2026-04-17,K02,6.0,894.0,149.0,0
2026-04-18,K02,8.0,1192.0,149.0,0
2026-04-19,K02,6.0,894.0,149.0,0
2026-04-20,K02,9.0,1341.0,149.0,0
2026-04-21,K02,10.0,1490.0,149.0,0
2026-04-22,K02,7.0,1043.0,149.0,0
2026-04-23,K02,11.0,1639.0,149.0,0
2026-04-24,K02,9.0,1341.0,149.0,0
2026-04-25,K02,9.0,1341.0,149.0,0
2026-04-26,K02,9.0,1341.0,149.0,0
2026-04-27,K02,7.0,1043.0,149.0,0
2026-04-28,K02,5.0,745.0,149.0,0
2026-04-29,K02,4.0,596.0,149.0,0
2026-04-30,K02,9.0,1341.0,149.0,0
2026-05-01,K02,7.0,1043.0,149.0,0
2026-05-02,K02,5.0,745.0,149.0,0
2026-05-03,K02,9.0,1341.0,149.0,0
2026-05-04,K02,2.0,298.0,149.0,0
2026-05-05,K02,7.0,1043.0,149.0,0
2026-05-06,K02,9.0,1341.0,149.0,0
2026-05-07,K02,11.0,1639.0,149.0,0
2026-05-08,K02,7.0,1043.0,149.0,0
2026-05-09,K02,9.0,1341.0,149.0,0
2026-05-10,K02,11.0,1397.0,127.0,1
2026-05-11,K02,15.0,1905.0,127.0,1
2026-05-12,K02,12.0,1524.0,127.0,1
2026-05-13,K02,6.0,762.0,127.0,1
2026-05-14,K02,11.0,1397.0,127.0,1
2026-05-15,K02,11.0,1397.0,127.0,1
2026-05-16,K02,9.0,1143.0,127.0,1
2026-05-17,K02,9.0,1143.0,127.0,1
2026-05-18,K02,5.0,635.0,127.0,1
2026-05-19,K02,16.0,2032.0,127.0,1
2026-05-20,K02,2.0,298.0,149.0,0
2026-05-21,K02,8.0,1192.0,149.0,0
2026-05-22,K02,4.0,596.0,149.0,0
2026-05-23,K02,7.0,1043.0,149.0,0
2026-05-24,K02,4.0,596.0,149.0,0
2026-05-25,K02,5.0,745.0,149.0,0
2026-05-26,K02,8.0,1192.0,149.0,0
2026-05-27,K02,9.0,1341.0,149.0,0
2026-05-28,K02,4.0,596.0,149.0,0
2026-05-29,K02,3.0,447.0,149.0,0
2026-05-30,K02,5.0,745.0,149.0,0
2026-05-31,K02,5.0,745.0,149.0,0
2026-06-01,K02,5.0,745.0,149.0,0
2026-06-02,K02,3.0,447.0,149.0,0
2026-06-03,K02,5.0,745.0,149.0,0
2026-06-04,K02,4.0,596.0,149.0,0
2026-06-05,K02,7.0,1043.0,149.0,0
2026-06-06,K02,6.0,894.0,149.0,0
2026-06-07,K02,7.0,1043.0,149.0,0
2026-06-08,K02,1.0,149.0,149.0,0
2026-06-09,K02,3.0,447.0,149.0,0
2026-06-10,K02,11.0,1639.0,149.0,0
2026-06-11,K02,2.0,298.0,149.0,0
2026-06-12,K02,7.0,1043.0,149.0,0
2026-06-13,K02,8.0,1192.0,149.0,0
2026-06-14,K02,7.0,1043.0,149.0,0
2026-06-15,K02,9.0,1341.0,149.0,0
2026-06-16,K02,7.0,1043.0,149.0,0
2026-06-17,K02,4.0,596.0,149.0,0
2026-06-18,K02,1.0,149.0,149.0,0
2026-06-19,K02,4.0,596.0,149.0,0
2026-06-20,K02,4.0,596.0,149.0,0
2026-06-21,K02,4.0,596.0,149.0,0
2026-06-22,K02,4.0,596.0,149.0,0
2026-06-23,K02,8.0,1192.0,149.0,0
2026-06-24,K02,4.0,596.0,149.0,0
2026-06-25,K02,7.0,1043.0,149.0,0
2026-06-26,K02,6.0,894.0,149.0,0
2026-06-27,K02,2.0,298.0,149.0,0
2026-06-28,K02,11.0,1639.0,149.0,0
2026-06-29,K02,3.0,447.0,149.0,0
2026-06-30,K02,5.0,745.0,149.0,0
2026-07-01,K02,4.0,596.0,149.0,0
2026-07-02,K02,4.0,596.0,149.0,0
2026-07-03,K02,6.0,894.0,149.0,0
2026-07-04,K02,8.0,1192.0,149.0,0
2026-07-05,K02,5.0,745.0,149.0,0
2026-07-06,K02,1.0,149.0,149.0,0
2026-07-07,K02,2.0,298.0,149.0,0
2026-07-08,K02,3.0,447.0,149.0,0
2026-07-09,K02,6.0,894.0,149.0,0
2026-07-10,K02,5.0,745.0,149.0,0
2026-07-11,K02,3.0,447.0,149.0,0
2026-07-12,K02,7.0,1043.0,149.0,0
2026-07-13,K02,9.0,1341.0,149.0,0
2026-07-14,K02,6.0,894.0,149.0,0
2026-07-15,K02,6.0,894.0,149.0,0
2026-07-16,K02,4.0,596.0,149.0,0
2026-07-17,K02,5.0,745.0,149.0,0
2026-07-18,K02,4.0,596.0,149.0,0
2026-07-19,K02,0.0,0.0,149.0,0
2026-07-20,K02,5.0,745.0,149.0,0
2026-07-21,K02,5.0,745.0,149.0,0
2026-07-22,K02,4.0,596.0,149.0,0
2026-07-23,K02,6.0,894.0,149.0,0
2026-07-24,K02,4.0,596.0,149.0,0
2026-07-25,K02,12.0,1788.0,149.0,0
2026-07-26,K02,7.0,1043.0,149.0,0
2026-07-27,K02,6.0,894.0,149.0,0
2026-07-28,K02,3.0,447.0,149.0,0
2026-07-29,K02,6.0,894.0,149.0,0
2026-07-30,K02,8.0,1192.0,149.0,0
2026-07-31,K02,4.0,596.0,149.0,0
2026-08-01,K02,6.0,894.0,149.0,0
2026-08-02,K02,6.0,894.0,149.0,0
2026-08-03,K02,2.0,298.0,149.0,0
2026-08-04,K02,7.0,1043.0,149.0,0
2026-08-05,K02,5.0,745.0,149.0,0
2026-08-06,K02,4.0,596.0,149.0,0
2026-08-07,K02,8.0,1192.0,149.0,0
2026-08-08,K02,8.0,1192.0,149.0,0
2026-08-09,K02,5.0,745.0,149.0,0
2026-08-10,K02,4.0,596.0,149.0,0
2026-08-11,K02,7.0,1043.0,149.0,0
2026-08-12,K02,7.0,1043.0,149.0,0
2026-08-13,K02,10.0,1490.0,149.0,0
2026-08-14,K02,9.0,1341.0,149.0,0
2026-08-15,K02,5.0,745.0,149.0,0
2026-08-16,K02,12.0,1788.0,149.0,0
2026-08-17,K02,10.0,1490.0,149.0,0
2026-08-18,K02,9.0,1341.0,149.0,0
2026-08-19,K02,5.0,745.0,149.0,0
2026-08-20,K02,12.0,1788.0,149.0,0
2026-08-21,K02,4.0,596.0,149.0,0
2026-08-22,K02,7.0,1043.0,149.0,0
2026-08-23,K02,3.0,447.0,149.0,0
2026-08-24,K02,8.0,1192.0,149.0,0
2026-08-25,K02,4.0,596.0,149.0,0
2026-08-26,K02,5.0,745.0,149.0,0
2026-08-27,K02,,894.0,149.0,0
2026-08-28,K02,9.0,1341.0,149.0,0
2026-08-29,K02,11.0,1639.0,149.0,0
2026-08-30,K02,8.0,1192.0,149.0,0
2026-08-31,K02,6.0,894.0,149.0,0
2026-09-01,K02,2.0,298.0,149.0,0
2026-09-02,K02,12.0,1788.0,149.0,0
2026-09-03,K02,4.0,596.0,149.0,0
2026-09-04,K02,4.0,596.0,149.0,0
2026-09-05,K02,12.0,1788.0,149.0,0
2026-09-06,K02,13.0,1937.0,149.0,0
2026-09-07,K02,7.0,1043.0,149.0,0
2026-09-08,K02,7.0,1043.0,149.0,0
2026-09-09,K02,6.0,894.0,149.0,0
2026-09-10,K02,14.0,2086.0,149.0,0
2026-09-11,K02,11.0,1639.0,149.0,0
2026-09-12,K02,14.0,2086.0,149.0,0
2026-09-13,K02,8.0,1192.0,149.0,0
2026-09-14,K02,11.0,1639.0,149.0,0
2026-09-15,K02,12.0,1788.0,149.0,0
2026-09-16,K02,10.0,1490.0,149.0,0
2026-09-17,K02,14.0,2086.0,149.0,0
2026-09-18,K02,9.0,1341.0,149.0,0
2026-09-19,K02,12.0,1788.0,149.0,0
2026-09-20,K02,13.0,1937.0,149.0,0
2026-09-21,K02,7.0,1043.0,149.0,0
2026-09-22,K02,15.0,2235.0,149.0,0
2026-09-23,K02,15.0,2235.0,149.0,0
2026-09-24,K02,17.0,2533.0,149.0,0
2026-09-25,K02,17.0,2533.0,149.0,0
2026-09-26,K02,15.0,2235.0,149.0,0
2026-09-27,K02,25.0,3725.0,149.0,0
2024-01-01,K03,11.0,3289.0,299.0,0
2024-01-02,K03,9.0,2691.0,299.0,0
2024-01-03,K03,6.0,1794.0,299.0,0
2024-01-04,K03,7.0,2093.0,299.0,0
2024-01-05,K03,7.0,2093.0,299.0,0
2024-01-06,K03,8.0,2392.0,299.0,0
2024-01-07,K03,10.0,2990.0,299.0,0
2024-01-08,K03,4.0,1196.0,299.0,0
2024-01-09,K03,5.0,1495.0,299.0,0
2024-01-10,K03,6.0,1794.0,299.0,0
2024-01-11,K03,4.0,1196.0,299.0,0
2024-01-12,K03,9.0,2691.0,299.0,0
2024-01-13,K03,7.0,2093.0,299.0,0
2024-01-14,K03,9.0,2691.0,299.0,0
2024-01-15,K03,7.0,2093.0,299.0,0
2024-01-16,K03,7.0,2093.0,299.0,0
2024-01-17,K03,6.0,1794.0,299.0,0
2024-01-18,K03,5.0,1495.0,299.0,0
2024-01-19,K03,13.0,3887.0,299.0,0
2024-01-20,K03,6.0,1794.0,299.0,0
2024-01-21,K03,7.0,2093.0,299.0,0
2024-01-22,K03,12.0,3048.0,254.0,1
2024-01-23,K03,12.0,3048.0,254.0,1
2024-01-24,K03,11.0,2794.0,254.0,1
2024-01-25,K03,11.0,2794.0,254.0,1
2024-01-26,K03,12.0,3048.0,254.0,1
2024-01-27,K03,14.0,3556.0,254.0,1
2024-01-28,K03,11.0,2794.0,254.0,1
2024-01-29,K03,7.0,2093.0,299.0,0
2024-01-30,K03,6.0,1794.0,299.0,0
2024-01-31,K03,12.0,3588.0,299.0,0
2024-02-01,K03,10.0,2990.0,299.0,0
2024-02-02,K03,7.0,2093.0,299.0,0
2024-02-03,K03,14.0,4186.0,299.0,0
2024-02-04,K03,9.0,2691.0,299.0,0
2024-02-05,K03,10.0,2990.0,299.0,0
2024-02-06,K03,2.0,598.0,299.0,0
2024-02-07,K03,8.0,2392.0,299.0,0
2024-02-08,K03,13.0,3887.0,299.0,0
2024-02-09,K03,9.0,2691.0,299.0,0
2024-02-10,K03,12.0,3588.0,299.0,0
2024-02-11,K03,5.0,1495.0,299.0,0
2024-02-12,K03,9.0,2691.0,299.0,0
2024-02-13,K03,10.0,2990.0,299.0,0
2024-02-14,K03,8.0,2392.0,299.0,0
2024-02-15,K03,10.0,2990.0,299.0,0
2024-02-16,K03,7.0,2093.0,299.0,0
2024-02-17,K03,9.0,2691.0,299.0,0
2024-02-18,K03,7.0,2093.0,299.0,0
2024-02-19,K03,,2392.0,299.0,0
2024-02-20,K03,5.0,1495.0,299.0,0
2024-02-21,K03,8.0,2392.0,299.0,0
2024-02-22,K03,5.0,1495.0,299.0,0
2024-02-23,K03,5.0,1495.0,299.0,0
2024-02-24,K03,9.0,2691.0,299.0,0
2024-02-25,K03,7.0,2093.0,299.0,0
2024-02-26,K03,8.0,2392.0,299.0,0
2024-02-27,K03,11.0,3289.0,299.0,0
2024-02-28,K03,3.0,897.0,299.0,0
2024-02-29,K03,9.0,2691.0,299.0,0
2024-03-01,K03,10.0,2990.0,299.0,0
2024-03-02,K03,8.0,2392.0,299.0,0
2024-03-03,K03,3.0,897.0,299.0,0
2024-03-04,K03,5.0,1495.0,299.0,0
2024-03-05,K03,11.0,3289.0,299.0,0
2024-03-06,K03,10.0,2990.0,299.0,0
2024-03-07,K03,11.0,3289.0,299.0,0
2024-03-08,K03,15.0,4485.0,299.0,0
2024-03-09,K03,10.0,2990.0,299.0,0
2024-03-10,K03,11.0,3289.0,299.0,0
2024-03-11,K03,4.0,1196.0,299.0,0
2024-03-12,K03,13.0,3887.0,299.0,0
2024-03-13,K03,7.0,2093.0,299.0,0
2024-03-14,K03,11.0,3289.0,299.0,0
2024-03-15,K03,9.0,2691.0,299.0,0
2024-03-16,K03,16.0,4784.0,299.0,0
2024-03-17,K03,8.0,2392.0,299.0,0
2024-03-18,K03,6.0,1794.0,299.0,0
2024-03-19,K03,7.0,2093.0,299.0,0
2024-03-20,K03,7.0,2093.0,299.0,0
2024-03-21,K03,11.0,3289.0,299.0,0
2024-03-22,K03,4.0,1196.0,299.0,0
2024-03-23,K03,8.0,2392.0,299.0,0
2024-03-24,K03,9.0,2691.0,299.0,0
2024-03-25,K03,7.0,2093.0,299.0,0
2024-03-26,K03,6.0,1794.0,299.0,0
2024-03-27,K03,9.0,2691.0,299.0,0
2024-03-28,K03,4.0,1196.0,299.0,0
2024-03-29,K03,2.0,598.0,299.0,0
2024-03-30,K03,6.0,1794.0,299.0,0
2024-03-31,K03,10.0,2990.0,299.0,0
2024-04-01,K03,13.0,3887.0,299.0,0
2024-04-02,K03,3.0,897.0,299.0,0
2024-04-03,K03,6.0,1794.0,299.0,0
2024-04-04,K03,5.0,1495.0,299.0,0
2024-04-05,K03,5.0,1495.0,299.0,0
2024-04-06,K03,8.0,2392.0,299.0,0
2024-04-07,K03,5.0,1495.0,299.0,0
2024-04-08,K03,5.0,1495.0,299.0,0
2024-04-09,K03,7.0,2093.0,299.0,0
2024-04-10,K03,9.0,2691.0,299.0,0
2024-04-11,K03,9.0,2691.0,299.0,0
2024-04-12,K03,4.0,1196.0,299.0,0
2024-04-13,K03,7.0,2093.0,299.0,0
2024-04-14,K03,7.0,2093.0,299.0,0
2024-04-15,K03,3.0,897.0,299.0,0
2024-04-16,K03,5.0,1495.0,299.0,0
2024-04-17,K03,9.0,2691.0,299.0,0
2024-04-18,K03,14.0,4186.0,299.0,0
2024-04-19,K03,5.0,1495.0,299.0,0
2024-04-20,K03,4.0,1196.0,299.0,0
2024-04-21,K03,7.0,2093.0,299.0,0
2024-04-22,K03,7.0,2093.0,299.0,0
2024-04-23,K03,6.0,1794.0,299.0,0
2024-04-24,K03,7.0,2093.0,299.0,0
2024-04-25,K03,4.0,1196.0,299.0,0
2024-04-26,K03,8.0,2392.0,299.0,0
2024-04-27,K03,9.0,2691.0,299.0,0
2024-04-28,K03,7.0,2093.0,299.0,0
2024-04-29,K03,6.0,1794.0,299.0,0
2024-04-30,K03,12.0,3588.0,299.0,0
2024-05-01,K03,7.0,2093.0,299.0,0
2024-05-02,K03,10.0,2990.0,299.0,0
2024-05-03,K03,5.0,1495.0,299.0,0
2024-05-04,K03,4.0,1196.0,299.0,0
2024-05-05,K03,10.0,2990.0,299.0,0
2024-05-06,K03,5.0,1495.0,299.0,0
2024-05-07,K03,5.0,1495.0,299.0,0
2024-05-08,K03,3.0,897.0,299.0,0
2024-05-09,K03,11.0,3289.0,299.0,0
2024-05-10,K03,2.0,508.0,254.0,1
2024-05-11,K03,4.0,1016.0,254.0,1
2024-05-12,K03,8.0,2032.0,254.0,1
2024-05-13,K03,11.0,2794.0,254.0,1
2024-05-14,K03,6.0,1524.0,254.0,1
2024-05-15,K03,8.0,2032.0,254.0,1
2024-05-16,K03,7.0,1778.0,254.0,1
2024-05-17,K03,5.0,1270.0,254.0,1
2024-05-18,K03,14.0,3556.0,254.0,1
2024-05-19,K03,12.0,3048.0,254.0,1
2024-05-20,K03,7.0,2093.0,299.0,0
2024-05-21,K03,7.0,2093.0,299.0,0
2024-05-22,K03,7.0,2093.0,299.0,0
2024-05-23,K03,7.0,2093.0,299.0,0
2024-05-24,K03,4.0,1196.0,299.0,0
2024-05-25,K03,10.0,2990.0,299.0,0
2024-05-26,K03,8.0,2392.0,299.0,0
2024-05-27,K03,9.0,2691.0,299.0,0
2024-05-28,K03,10.0,2990.0,299.0,0
2024-05-29,K03,10.0,2990.0,299.0,0
2024-05-30,K03,7.0,2093.0,299.0,0
2024-05-31,K03,7.0,2093.0,299.0,0
2024-06-01,K03,4.0,1196.0,299.0,0
2024-06-02,K03,7.0,2093.0,299.0,0
2024-06-03,K03,8.0,2392.0,299.0,0
2024-06-04,K03,8.0,2392.0,299.0,0
2024-06-05,K03,10.0,2990.0,299.0,0
2024-06-06,K03,9.0,2691.0,299.0,0
2024-06-07,K03,11.0,3289.0,299.0,0
2024-06-08,K03,6.0,1794.0,299.0,0
2024-06-09,K03,12.0,3588.0,299.0,0
2024-06-10,K03,8.0,2392.0,299.0,0
2024-06-11,K03,8.0,2392.0,299.0,0
2024-06-12,K03,5.0,1495.0,299.0,0
2024-06-13,K03,10.0,2990.0,299.0,0
2024-06-14,K03,4.0,1196.0,299.0,0
2024-06-15,K03,13.0,3887.0,299.0,0
2024-06-16,K03,8.0,2392.0,299.0,0
2024-06-17,K03,10.0,2990.0,299.0,0
2024-06-18,K03,5.0,1495.0,299.0,0
2024-06-19,K03,6.0,1794.0,299.0,0
2024-06-20,K03,1.0,299.0,299.0,0
2024-06-21,K03,7.0,2093.0,299.0,0
2024-06-22,K03,11.0,3289.0,299.0,0
2024-06-23,K03,11.0,3289.0,299.0,0
2024-06-24,K03,9.0,2691.0,299.0,0
2024-06-25,K03,8.0,2392.0,299.0,0
2024-06-26,K03,4.0,1196.0,299.0,0
2024-06-27,K03,8.0,2392.0,299.0,0
2024-06-28,K03,6.0,1794.0,299.0,0
2024-06-29,K03,6.0,1794.0,299.0,0
2024-06-30,K03,13.0,3887.0,299.0,0
2024-07-01,K03,4.0,1196.0,299.0,0
2024-07-02,K03,4.0,1196.0,299.0,0
2024-07-03,K03,8.0,2392.0,299.0,0
2024-07-04,K03,5.0,1495.0,299.0,0
2024-07-05,K03,7.0,2093.0,299.0,0
2024-07-06,K03,20.0,5980.0,299.0,0
2024-07-07,K03,15.0,4485.0,299.0,0
2024-07-08,K03,5.0,1495.0,299.0,0
2024-07-09,K03,10.0,2990.0,299.0,0
2024-07-10,K03,7.0,2093.0,299.0,0
2024-07-11,K03,8.0,2392.0,299.0,0
2024-07-12,K03,6.0,1794.0,299.0,0
2024-07-13,K03,5.0,1495.0,299.0,0
2024-07-14,K03,9.0,2691.0,299.0,0
2024-07-15,K03,7.0,2093.0,299.0,0
2024-07-16,K03,7.0,2093.0,299.0,0
2024-07-17,K03,7.0,2093.0,299.0,0
2024-07-18,K03,6.0,1794.0,299.0,0
2024-07-19,K03,8.0,2392.0,299.0,0
2024-07-20,K03,6.0,1794.0,299.0,0
2024-07-21,K03,8.0,2392.0,299.0,0
2024-07-22,K03,10.0,2990.0,299.0,0
2024-07-23,K03,6.0,1794.0,299.0,0
2024-07-24,K03,6.0,1794.0,299.0,0
2024-07-25,K03,9.0,2691.0,299.0,0
2024-07-26,K03,8.0,2392.0,299.0,0
2024-07-27,K03,10.0,2990.0,299.0,0
2024-07-28,K03,6.0,1794.0,299.0,0
2024-07-29,K03,6.0,1794.0,299.0,0
2024-07-30,K03,9.0,2691.0,299.0,0
2024-07-31,K03,12.0,3588.0,299.0,0
2024-08-01,K03,7.0,2093.0,299.0,0
2024-08-02,K03,6.0,1794.0,299.0,0
2024-08-03,K03,7.0,2093.0,299.0,0
2024-08-04,K03,12.0,3588.0,299.0,0
2024-08-05,K03,5.0,1495.0,299.0,0
2024-08-06,K03,4.0,1196.0,299.0,0
2024-08-07,K03,4.0,1196.0,299.0,0
2024-08-08,K03,11.0,3289.0,299.0,0
2024-08-09,K03,6.0,1794.0,299.0,0
2024-08-10,K03,9.0,2691.0,299.0,0
2024-08-11,K03,12.0,3588.0,299.0,0
2024-08-12,K03,10.0,2990.0,299.0,0
2024-08-13,K03,3.0,897.0,299.0,0
2024-08-14,K03,5.0,1495.0,299.0,0
2024-08-15,K03,6.0,1794.0,299.0,0
2024-08-16,K03,4.0,1196.0,299.0,0
2024-08-17,K03,10.0,2990.0,299.0,0
2024-08-18,K03,13.0,3887.0,299.0,0
2024-08-19,K03,6.0,1794.0,299.0,0
2024-08-20,K03,10.0,2990.0,299.0,0
2024-08-21,K03,8.0,2392.0,299.0,0
2024-08-22,K03,5.0,1495.0,299.0,0
2024-08-23,K03,5.0,1495.0,299.0,0
2024-08-24,K03,10.0,2990.0,299.0,0
2024-08-25,K03,12.0,3588.0,299.0,0
2024-08-26,K03,10.0,2990.0,299.0,0
2024-08-27,K03,2.0,598.0,299.0,0
2024-08-28,K03,8.0,2392.0,299.0,0
2024-08-29,K03,9.0,2691.0,299.0,0
2024-08-30,K03,4.0,1196.0,299.0,0
2024-08-31,K03,18.0,5382.0,299.0,0
2024-09-01,K03,5.0,1495.0,299.0,0
2024-09-02,K03,6.0,1794.0,299.0,0
2024-09-03,K03,6.0,1794.0,299.0,0
2024-09-04,K03,9.0,2691.0,299.0,0
2024-09-05,K03,11.0,3289.0,299.0,0
2024-09-06,K03,6.0,1794.0,299.0,0
2024-09-07,K03,6.0,1794.0,299.0,0
2024-09-08,K03,13.0,3887.0,299.0,0
2024-09-09,K03,2.0,598.0,299.0,0
2024-09-10,K03,9.0,2691.0,299.0,0
2024-09-11,K03,4.0,1196.0,299.0,0
2024-09-12,K03,5.0,1495.0,299.0,0
2024-09-13,K03,7.0,2093.0,299.0,0
2024-09-14,K03,7.0,2093.0,299.0,0
2024-09-15,K03,8.0,2392.0,299.0,0
2024-09-16,K03,10.0,2990.0,299.0,0
2024-09-17,K03,8.0,2392.0,299.0,0
2024-09-18,K03,8.0,2392.0,299.0,0
2024-09-19,K03,12.0,3588.0,299.0,0
2024-09-20,K03,7.0,2093.0,299.0,0
2024-09-21,K03,16.0,4784.0,299.0,0
2024-09-22,K03,10.0,2990.0,299.0,0
2024-09-23,K03,13.0,3887.0,299.0,0
2024-09-24,K03,7.0,2093.0,299.0,0
2024-09-25,K03,9.0,2691.0,299.0,0
2024-09-26,K03,5.0,1495.0,299.0,0
2024-09-27,K03,9.0,2691.0,299.0,0
2024-09-28,K03,9.0,2691.0,299.0,0
2024-09-29,K03,8.0,2392.0,299.0,0
2024-09-30,K03,3.0,897.0,299.0,0
2024-10-01,K03,8.0,2392.0,299.0,0
2024-10-02,K03,12.0,3588.0,299.0,0
2024-10-03,K03,7.0,2093.0,299.0,0
2024-10-04,K03,6.0,1794.0,299.0,0
2024-10-05,K03,9.0,2691.0,299.0,0
2024-10-06,K03,12.0,3588.0,299.0,0
2024-10-07,K03,7.0,2093.0,299.0,0
2024-10-08,K03,11.0,3289.0,299.0,0
2024-10-09,K03,5.0,1495.0,299.0,0
2024-10-10,K03,3.0,897.0,299.0,0
2024-10-11,K03,4.0,1196.0,299.0,0
2024-10-12,K03,12.0,3588.0,299.0,0
2024-10-13,K03,8.0,2392.0,299.0,0
2024-10-14,K03,9.0,2691.0,299.0,0
2024-10-15,K03,7.0,2093.0,299.0,0
2024-10-16,K03,8.0,2392.0,299.0,0
2024-10-17,K03,4.0,1196.0,299.0,0
2024-10-18,K03,9.0,2691.0,299.0,0
2024-10-19,K03,8.0,2392.0,299.0,0
2024-10-20,K03,8.0,2392.0,299.0,0
2024-10-21,K03,6.0,1794.0,299.0,0
2024-10-22,K03,5.0,1495.0,299.0,0
2024-10-23,K03,9.0,2691.0,299.0,0
2024-10-24,K03,8.0,2392.0,299.0,0
2024-10-25,K03,10.0,2990.0,299.0,0
2024-10-26,K03,7.0,2093.0,299.0,0
2024-10-27,K03,11.0,3289.0,299.0,0
2024-10-28,K03,12.0,3048.0,254.0,1
2024-10-29,K03,5.0,1270.0,254.0,1
2024-10-30,K03,11.0,2794.0,254.0,1
2024-10-31,K03,10.0,2540.0,254.0,1
2024-11-01,K03,9.0,2286.0,254.0,1
2024-11-02,K03,15.0,3810.0,254.0,1
2024-11-03,K03,14.0,3556.0,254.0,1
2024-11-04,K03,9.0,2691.0,299.0,0
2024-11-05,K03,8.0,2392.0,299.0,0
2024-11-06,K03,8.0,2392.0,299.0,0
2024-11-07,K03,5.0,1495.0,299.0,0
2024-11-08,K03,7.0,2093.0,299.0,0
2024-11-09,K03,8.0,2392.0,299.0,0
2024-11-10,K03,13.0,3887.0,299.0,0
2024-11-11,K03,8.0,2392.0,299.0,0
2024-11-12,K03,8.0,2392.0,299.0,0
2024-11-13,K03,5.0,1495.0,299.0,0
2024-11-14,K03,3.0,897.0,299.0,0
2024-11-15,K03,12.0,3588.0,299.0,0
2024-11-16,K03,6.0,1794.0,299.0,0
2024-11-17,K03,7.0,2093.0,299.0,0
2024-11-18,K03,5.0,1495.0,299.0,0
2024-11-19,K03,5.0,1495.0,299.0,0
2024-11-20,K03,12.0,3588.0,299.0,0
2024-11-21,K03,9.0,2691.0,299.0,0
2024-11-22,K03,6.0,1794.0,299.0,0
2024-11-23,K03,7.0,2093.0,299.0,0
2024-11-24,K03,8.0,2392.0,299.0,0
2024-11-25,K03,10.0,2990.0,299.0,0
2024-11-26,K03,5.0,1495.0,299.0,0
2024-11-27,K03,5.0,1495.0,299.0,0
2024-11-28,K03,5.0,1495.0,299.0,0
2024-11-29,K03,9.0,2691.0,299.0,0
2024-11-30,K03,7.0,2093.0,299.0,0
2024-12-01,K03,7.0,2093.0,299.0,0
2024-12-02,K03,8.0,2392.0,299.0,0
2024-12-03,K03,4.0,1196.0,299.0,0
2024-12-04,K03,7.0,2093.0,299.0,0
2024-12-05,K03,2.0,598.0,299.0,0
2024-12-06,K03,11.0,3289.0,299.0,0
2024-12-07,K03,13.0,3887.0,299.0,0
2024-12-08,K03,10.0,2990.0,299.0,0
2024-12-09,K03,5.0,1495.0,299.0,0
2024-12-10,K03,6.0,1794.0,299.0,0
2024-12-11,K03,5.0,1495.0,299.0,0
2024-12-12,K03,5.0,1495.0,299.0,0
2024-12-13,K03,9.0,2691.0,299.0,0
2024-12-14,K03,7.0,2093.0,299.0,0
2024-12-15,K03,12.0,3588.0,299.0,0
2024-12-16,K03,12.0,3588.0,299.0,0
2024-12-17,K03,4.0,1196.0,299.0,0
2024-12-18,K03,6.0,1794.0,299.0,0
2024-12-19,K03,7.0,2093.0,299.0,0
2024-12-20,K03,6.0,1794.0,299.0,0
2024-12-21,K03,5.0,1495.0,299.0,0
2024-12-22,K03,3.0,897.0,299.0,0
2024-12-23,K03,13.0,3887.0,299.0,0
2024-12-24,K03,2.0,598.0,299.0,0
2024-12-25,K03,8.0,2392.0,299.0,0
2024-12-26,K03,9.0,2691.0,299.0,0
2024-12-27,K03,5.0,1495.0,299.0,0
2024-12-28,K03,10.0,2990.0,299.0,0
2024-12-29,K03,7.0,2093.0,299.0,0
2024-12-30,K03,6.0,1794.0,299.0,0
2024-12-31,K03,7.0,2093.0,299.0,0
2025-01-01,K03,14.0,4186.0,299.0,0
2025-01-02,K03,5.0,1495.0,299.0,0
2025-01-03,K03,7.0,2093.0,299.0,0
2025-01-04,K03,10.0,2990.0,299.0,0
2025-01-05,K03,7.0,2093.0,299.0,0
2025-01-06,K03,5.0,1495.0,299.0,0
2025-01-07,K03,8.0,2392.0,299.0,0
2025-01-08,K03,10.0,2990.0,299.0,0
2025-01-09,K03,8.0,2392.0,299.0,0
2025-01-10,K03,7.0,2093.0,299.0,0
2025-01-11,K03,11.0,3289.0,299.0,0
2025-01-12,K03,7.0,2093.0,299.0,0
2025-01-13,K03,10.0,2990.0,299.0,0
2025-01-14,K03,7.0,2093.0,299.0,0
2025-01-15,K03,9.0,2691.0,299.0,0
2025-01-16,K03,7.0,2093.0,299.0,0
2025-01-17,K03,11.0,3289.0,299.0,0
2025-01-18,K03,12.0,3588.0,299.0,0
2025-01-19,K03,9.0,2691.0,299.0,0
2025-01-20,K03,5.0,1495.0,299.0,0
2025-01-21,K03,8.0,2392.0,299.0,0
2025-01-22,K03,13.0,3302.0,254.0,1
2025-01-23,K03,11.0,2794.0,254.0,1
2025-01-24,K03,12.0,3048.0,254.0,1
2025-01-25,K03,12.0,3048.0,254.0,1
2025-01-26,K03,9.0,2286.0,254.0,1
2025-01-27,K03,7.0,1778.0,254.0,1
2025-01-28,K03,13.0,3302.0,254.0,1
2025-01-29,K03,8.0,2392.0,299.0,0
2025-01-30,K03,7.0,2093.0,299.0,0
2025-01-31,K03,13.0,3887.0,299.0,0
2025-02-01,K03,7.0,2093.0,299.0,0
2025-02-02,K03,6.0,1794.0,299.0,0
2025-02-03,K03,3.0,897.0,299.0,0
2025-02-04,K03,5.0,1495.0,299.0,0
2025-02-05,K03,5.0,1495.0,299.0,0
2025-02-06,K03,8.0,2392.0,299.0,0
2025-02-07,K03,7.0,2093.0,299.0,0
2025-02-08,K03,14.0,4186.0,299.0,0
2025-02-09,K03,16.0,4784.0,299.0,0
2025-02-10,K03,9.0,2691.0,299.0,0
2025-02-11,K03,12.0,3588.0,299.0,0
2025-02-12,K03,6.0,1794.0,299.0,0
2025-02-13,K03,10.0,2990.0,299.0,0
2025-02-14,K03,6.0,1794.0,299.0,0
2025-02-15,K03,4.0,1196.0,299.0,0
2025-02-16,K03,15.0,4485.0,299.0,0
2025-02-17,K03,6.0,1794.0,299.0,0
2025-02-18,K03,8.0,2392.0,299.0,0
2025-02-19,K03,8.0,2392.0,299.0,0
2025-02-20,K03,9.0,2691.0,299.0,0
2025-02-21,K03,9.0,2691.0,299.0,0
2025-02-22,K03,9.0,2691.0,299.0,0
2025-02-23,K03,14.0,4186.0,299.0,0
2025-02-24,K03,9.0,2691.0,299.0,0
2025-02-25,K03,8.0,2392.0,299.0,0
2025-02-26,K03,9.0,2691.0,299.0,0
2025-02-27,K03,13.0,3887.0,299.0,0
2025-02-28,K03,9.0,2691.0,299.0,0
2025-03-01,K03,13.0,3887.0,299.0,0
2025-03-02,K03,12.0,3588.0,299.0,0
2025-03-03,K03,13.0,3887.0,299.0,0
2025-03-04,K03,4.0,1196.0,299.0,0
2025-03-05,K03,7.0,2093.0,299.0,0
2025-03-06,K03,12.0,3588.0,299.0,0
2025-03-07,K03,11.0,3289.0,299.0,0
2025-03-08,K03,14.0,4186.0,299.0,0
2025-03-09,K03,14.0,4186.0,299.0,0
2025-03-10,K03,4.0,1196.0,299.0,0
2025-03-11,K03,12.0,3588.0,299.0,0
2025-03-12,K03,8.0,2392.0,299.0,0
2025-03-13,K03,4.0,1196.0,299.0,0
2025-03-14,K03,7.0,2093.0,299.0,0
2025-03-15,K03,12.0,3588.0,299.0,0
2025-03-16,K03,9.0,2691.0,299.0,0
2025-03-17,K03,11.0,3289.0,299.0,0
2025-03-18,K03,15.0,4485.0,299.0,0
2025-03-19,K03,9.0,2691.0,299.0,0
2025-03-20,K03,15.0,4485.0,299.0,0
2025-03-21,K03,8.0,2392.0,299.0,0
2025-03-22,K03,10.0,2990.0,299.0,0
2025-03-23,K03,16.0,4784.0,299.0,0
2025-03-24,K03,6.0,1794.0,299.0,0
2025-03-25,K03,8.0,2392.0,299.0,0
2025-03-26,K03,6.0,1794.0,299.0,0
2025-03-27,K03,7.0,2093.0,299.0,0
2025-03-28,K03,4.0,1196.0,299.0,0
2025-03-29,K03,6.0,1794.0,299.0,0
2025-03-30,K03,4.0,1196.0,299.0,0
2025-03-31,K03,9.0,2691.0,299.0,0
2025-04-01,K03,14.0,4186.0,299.0,0
2025-04-02,K03,7.0,2093.0,299.0,0
2025-04-03,K03,8.0,2392.0,299.0,0
2025-04-04,K03,11.0,3289.0,299.0,0
2025-04-05,K03,12.0,3588.0,299.0,0
2025-04-06,K03,8.0,2392.0,299.0,0
2025-04-07,K03,2.0,598.0,299.0,0
2025-04-08,K03,9.0,2691.0,299.0,0
2025-04-09,K03,4.0,1196.0,299.0,0
2025-04-10,K03,8.0,2392.0,299.0,0
2025-04-11,K03,13.0,3887.0,299.0,0
2025-04-12,K03,9.0,2691.0,299.0,0
2025-04-13,K03,6.0,1794.0,299.0,0
2025-04-14,K03,8.0,2392.0,299.0,0
2025-04-15,K03,11.0,3289.0,299.0,0
2025-04-16,K03,7.0,2093.0,299.0,0
2025-04-17,K03,7.0,2093.0,299.0,0
2025-04-18,K03,8.0,2392.0,299.0,0
2025-04-19,K03,9.0,2691.0,299.0,0
2025-04-20,K03,11.0,3289.0,299.0,0
2025-04-21,K03,8.0,2392.0,299.0,0
2025-04-22,K03,4.0,1196.0,299.0,0
2025-04-23,K03,5.0,1495.0,299.0,0
2025-04-24,K03,10.0,2990.0,299.0,0
2025-04-25,K03,13.0,3887.0,299.0,0
2025-04-26,K03,13.0,3887.0,299.0,0
2025-04-27,K03,10.0,2990.0,299.0,0
2025-04-28,K03,6.0,1794.0,299.0,0
2025-04-29,K03,11.0,3289.0,299.0,0
2025-04-30,K03,3.0,897.0,299.0,0
2025-05-01,K03,7.0,2093.0,299.0,0
2025-05-02,K03,12.0,3588.0,299.0,0
2025-05-03,K03,6.0,1794.0,299.0,0
2025-05-04,K03,15.0,4485.0,299.0,0
2025-05-05,K03,14.0,4186.0,299.0,0
2025-05-06,K03,6.0,1794.0,299.0,0
2025-05-07,K03,12.0,3588.0,299.0,0
2025-05-08,K03,9.0,2691.0,299.0,0
2025-05-09,K03,11.0,3289.0,299.0,0
2025-05-10,K03,14.0,3556.0,254.0,1
2025-05-11,K03,11.0,2794.0,254.0,1
2025-05-12,K03,9.0,2286.0,254.0,1
2025-05-13,K03,11.0,2794.0,254.0,1
2025-05-14,K03,11.0,2794.0,254.0,1
2025-05-15,K03,11.0,2794.0,254.0,1
2025-05-16,K03,15.0,3810.0,254.0,1
2025-05-17,K03,10.0,2540.0,254.0,1
2025-05-18,K03,9.0,2286.0,254.0,1
2025-05-19,K03,6.0,1524.0,254.0,1
2025-05-20,K03,14.0,4186.0,299.0,0
2025-05-21,K03,11.0,3289.0,299.0,0
2025-05-22,K03,5.0,1495.0,299.0,0
2025-05-23,K03,6.0,1794.0,299.0,0
2025-05-24,K03,8.0,2392.0,299.0,0
2025-05-25,K03,9.0,2691.0,299.0,0
2025-05-26,K03,14.0,4186.0,299.0,0
2025-05-27,K03,8.0,2392.0,299.0,0
2025-05-28,K03,7.0,2093.0,299.0,0
2025-05-29,K03,7.0,2093.0,299.0,0
2025-05-30,K03,6.0,1794.0,299.0,0
2025-05-31,K03,14.0,4186.0,299.0,0
2025-06-01,K03,8.0,2392.0,299.0,0
2025-06-02,K03,2.0,598.0,299.0,0
2025-06-03,K03,4.0,1196.0,299.0,0
2025-06-04,K03,9.0,2691.0,299.0,0
2025-06-05,K03,11.0,3289.0,299.0,0
2025-06-06,K03,4.0,1196.0,299.0,0
2025-06-07,K03,6.0,1794.0,299.0,0
2025-06-08,K03,11.0,3289.0,299.0,0
2025-06-09,K03,5.0,1495.0,299.0,0
2025-06-10,K03,3.0,897.0,299.0,0
2025-06-11,K03,9.0,2691.0,299.0,0
2025-06-12,K03,10.0,2990.0,299.0,0
2025-06-13,K03,6.0,1794.0,299.0,0
2025-06-14,K03,9.0,2691.0,299.0,0
2025-06-15,K03,8.0,2392.0,299.0,0
2025-06-16,K03,10.0,2990.0,299.0,0
2025-06-17,K03,6.0,1794.0,299.0,0
2025-06-18,K03,8.0,2392.0,299.0,0
2025-06-19,K03,7.0,2093.0,299.0,0
2025-06-20,K03,7.0,2093.0,299.0,0
2025-06-21,K03,13.0,3887.0,299.0,0
2025-06-22,K03,14.0,4186.0,299.0,0
2025-06-23,K03,8.0,2392.0,299.0,0
2025-06-24,K03,7.0,2093.0,299.0,0
2025-06-25,K03,11.0,3289.0,299.0,0
2025-06-26,K03,13.0,3887.0,299.0,0
2025-06-27,K03,4.0,1196.0,299.0,0
2025-06-28,K03,10.0,2990.0,299.0,0
2025-06-29,K03,17.0,5083.0,299.0,0
2025-06-30,K03,5.0,1495.0,299.0,0
2025-07-01,K03,10.0,2990.0,299.0,0
2025-07-02,K03,8.0,2392.0,299.0,0
2025-07-03,K03,10.0,2990.0,299.0,0
2025-07-04,K03,10.0,2990.0,299.0,0
2025-07-05,K03,9.0,2691.0,299.0,0
2025-07-06,K03,9.0,2691.0,299.0,0
2025-07-07,K03,7.0,2093.0,299.0,0
2025-07-08,K03,7.0,2093.0,299.0,0
2025-07-09,K03,9.0,2691.0,299.0,0
2025-07-10,K03,7.0,2093.0,299.0,0
2025-07-11,K03,8.0,2392.0,299.0,0
2025-07-12,K03,10.0,2990.0,299.0,0
2025-07-13,K03,8.0,2392.0,299.0,0
2025-07-14,K03,7.0,2093.0,299.0,0
2025-07-15,K03,12.0,3588.0,299.0,0
2025-07-16,K03,9.0,2691.0,299.0,0
2025-07-17,K03,10.0,2990.0,299.0,0
2025-07-18,K03,11.0,3289.0,299.0,0
2025-07-19,K03,6.0,1794.0,299.0,0
2025-07-20,K03,6.0,1794.0,299.0,0
2025-07-21,K03,3.0,897.0,299.0,0
2025-07-22,K03,11.0,3289.0,299.0,0
2025-07-23,K03,9.0,2691.0,299.0,0
2025-07-24,K03,6.0,1794.0,299.0,0
2025-07-25,K03,8.0,2392.0,299.0,0
2025-07-26,K03,11.0,3289.0,299.0,0
2025-07-27,K03,8.0,2392.0,299.0,0
2025-07-28,K03,5.0,1495.0,299.0,0
2025-07-29,K03,5.0,1495.0,299.0,0
2025-07-30,K03,9.0,2691.0,299.0,0
2025-07-31,K03,5.0,1495.0,299.0,0
2025-08-01,K03,14.0,4186.0,299.0,0
2025-08-02,K03,9.0,2691.0,299.0,0
2025-08-03,K03,9.0,2691.0,299.0,0
2025-08-04,K03,10.0,2990.0,299.0,0
2025-08-05,K03,11.0,3289.0,299.0,0
2025-08-06,K03,4.0,1196.0,299.0,0
2025-08-07,K03,5.0,1495.0,299.0,0
2025-08-08,K03,10.0,2990.0,299.0,0
2025-08-09,K03,14.0,4186.0,299.0,0
2025-08-10,K03,11.0,3289.0,299.0,0
2025-08-11,K03,4.0,1196.0,299.0,0
2025-08-12,K03,9.0,2691.0,299.0,0
2025-08-13,K03,5.0,1495.0,299.0,0
2025-08-14,K03,9.0,2691.0,299.0,0
2025-08-15,K03,11.0,3289.0,299.0,0
2025-08-16,K03,8.0,2392.0,299.0,0
2025-08-17,K03,9.0,2691.0,299.0,0
2025-08-18,K03,10.0,2990.0,299.0,0
2025-08-19,K03,8.0,2392.0,299.0,0
2025-08-20,K03,12.0,3588.0,299.0,0
2025-08-21,K03,10.0,2990.0,299.0,0
2025-08-22,K03,8.0,2392.0,299.0,0
2025-08-23,K03,7.0,2093.0,299.0,0
2025-08-24,K03,4.0,1196.0,299.0,0
2025-08-25,K03,4.0,1196.0,299.0,0
2025-08-26,K03,6.0,1794.0,299.0,0
2025-08-27,K03,7.0,2093.0,299.0,0
2025-08-28,K03,7.0,2093.0,299.0,0
2025-08-29,K03,9.0,2691.0,299.0,0
2025-08-30,K03,10.0,2990.0,299.0,0
2025-08-31,K03,4.0,1196.0,299.0,0
2025-09-01,K03,8.0,2392.0,299.0,0
2025-09-02,K03,14.0,4186.0,299.0,0
2025-09-03,K03,7.0,2093.0,299.0,0
2025-09-04,K03,7.0,2093.0,299.0,0
2025-09-05,K03,9.0,2691.0,299.0,0
2025-09-06,K03,9.0,2691.0,299.0,0
2025-09-07,K03,6.0,1794.0,299.0,0
2025-09-08,K03,8.0,2392.0,299.0,0
2025-09-09,K03,14.0,4186.0,299.0,0
2025-09-10,K03,8.0,2392.0,299.0,0
2025-09-11,K03,9.0,2691.0,299.0,0
2025-09-12,K03,7.0,2093.0,299.0,0
2025-09-13,K03,7.0,2093.0,299.0,0
2025-09-14,K03,8.0,2392.0,299.0,0
2025-09-15,K03,6.0,1794.0,299.0,0
2025-09-16,K03,10.0,2990.0,299.0,0
2025-09-17,K03,9.0,2691.0,299.0,0
2025-09-18,K03,9.0,2691.0,299.0,0
2025-09-19,K03,12.0,3588.0,299.0,0
2025-09-20,K03,11.0,3289.0,299.0,0
2025-09-21,K03,13.0,3887.0,299.0,0
2025-09-22,K03,9.0,2691.0,299.0,0
2025-09-23,K03,12.0,3588.0,299.0,0
2025-09-24,K03,9.0,2691.0,299.0,0
2025-09-25,K03,7.0,2093.0,299.0,0
2025-09-26,K03,6.0,1794.0,299.0,0
2025-09-27,K03,11.0,3289.0,299.0,0
2025-09-28,K03,4.0,1196.0,299.0,0
2025-09-29,K03,11.0,3289.0,299.0,0
2025-09-30,K03,4.0,1196.0,299.0,0
2025-10-01,K03,6.0,1794.0,299.0,0
2025-10-02,K03,9.0,2691.0,299.0,0
2025-10-03,K03,10.0,2990.0,299.0,0
2025-10-04,K03,10.0,2990.0,299.0,0
2025-10-05,K03,6.0,1794.0,299.0,0
2025-10-06,K03,7.0,2093.0,299.0,0
2025-10-07,K03,9.0,2691.0,299.0,0
2025-10-08,K03,9.0,2691.0,299.0,0
2025-10-09,K03,4.0,1196.0,299.0,0
2025-10-10,K03,15.0,4485.0,299.0,0
2025-10-11,K03,8.0,2392.0,299.0,0
2025-10-12,K03,18.0,5382.0,299.0,0
2025-10-13,K03,6.0,1794.0,299.0,0
2025-10-14,K03,6.0,1794.0,299.0,0
2025-10-15,K03,10.0,2540.0,254.0,1
2025-10-16,K03,5.0,1270.0,254.0,1
2025-10-17,K03,14.0,3556.0,254.0,1
2025-10-18,K03,14.0,3556.0,254.0,1
2025-10-19,K03,11.0,2794.0,254.0,1
2025-10-20,K03,23.0,5842.0,254.0,1
2025-10-21,K03,10.0,2540.0,254.0,1
2025-10-22,K03,8.0,2392.0,299.0,0
2025-10-23,K03,10.0,2990.0,299.0,0
2025-10-24,K03,10.0,2990.0,299.0,0
2025-10-25,K03,9.0,2691.0,299.0,0
2025-10-26,K03,9.0,2691.0,299.0,0
2025-10-27,K03,5.0,1495.0,299.0,0
2025-10-28,K03,10.0,2990.0,299.0,0
2025-10-29,K03,7.0,2093.0,299.0,0
2025-10-30,K03,10.0,2990.0,299.0,0
2025-10-31,K03,6.0,1794.0,299.0,0
2025-11-01,K03,9.0,2691.0,299.0,0
2025-11-02,K03,8.0,2392.0,299.0,0
2025-11-03,K03,3.0,897.0,299.0,0
2025-11-04,K03,14.0,4186.0,299.0,0
2025-11-05,K03,9.0,2691.0,299.0,0
2025-11-06,K03,8.0,2392.0,299.0,0
2025-11-07,K03,7.0,2093.0,299.0,0
2025-11-08,K03,9.0,2691.0,299.0,0
2025-11-09,K03,10.0,2990.0,299.0,0
2025-11-10,K03,11.0,3289.0,299.0,0
2025-11-11,K03,9.0,2691.0,299.0,0
2025-11-12,K03,15.0,4485.0,299.0,0
2025-11-13,K03,11.0,3289.0,299.0,0
2025-11-14,K03,9.0,2691.0,299.0,0
2025-11-15,K03,6.0,1794.0,299.0,0
2025-11-16,K03,7.0,2093.0,299.0,0
2025-11-17,K03,12.0,3588.0,299.0,0
2025-11-18,K03,6.0,1794.0,299.0,0
2025-11-19,K03,9.0,2691.0,299.0,0
2025-11-20,K03,10.0,2990.0,299.0,0
2025-11-21,K03,10.0,2990.0,299.0,0
2025-11-22,K03,13.0,3887.0,299.0,0
2025-11-23,K03,9.0,2691.0,299.0,0
2025-11-24,K03,6.0,1794.0,299.0,0
2025-11-25,K03,11.0,3289.0,299.0,0
2025-11-26,K03,6.0,1794.0,299.0,0
2025-11-27,K03,9.0,2691.0,299.0,0
2025-11-28,K03,13.0,3887.0,299.0,0
2025-11-29,K03,13.0,3887.0,299.0,0
2025-11-30,K03,10.0,2990.0,299.0,0
2025-12-01,K03,8.0,2392.0,299.0,0
2025-12-02,K03,10.0,2990.0,299.0,0
2025-12-03,K03,5.0,1495.0,299.0,0
2025-12-04,K03,6.0,1794.0,299.0,0
2025-12-05,K03,11.0,3289.0,299.0,0
2025-12-06,K03,10.0,2990.0,299.0,0
2025-12-07,K03,7.0,2093.0,299.0,0
2025-12-08,K03,9.0,2691.0,299.0,0
2025-12-09,K03,5.0,1495.0,299.0,0
2025-12-10,K03,11.0,3289.0,299.0,0
2025-12-11,K03,7.0,2093.0,299.0,0
2025-12-12,K03,5.0,1495.0,299.0,0
2025-12-13,K03,15.0,4485.0,299.0,0
2025-12-14,K03,5.0,1495.0,299.0,0
2025-12-15,K03,4.0,1196.0,299.0,0
2025-12-16,K03,11.0,3289.0,299.0,0
2025-12-17,K03,11.0,3289.0,299.0,0
2025-12-18,K03,8.0,2392.0,299.0,0
2025-12-19,K03,12.0,3588.0,299.0,0
2025-12-20,K03,13.0,3887.0,299.0,0
2025-12-21,K03,7.0,2093.0,299.0,0
2025-12-22,K03,9.0,2691.0,299.0,0
2025-12-23,K03,6.0,1794.0,299.0,0
2025-12-24,K03,9.0,2691.0,299.0,0
2025-12-25,K03,15.0,4485.0,299.0,0
2025-12-26,K03,11.0,3289.0,299.0,0
2025-12-27,K03,10.0,2990.0,299.0,0
2025-12-28,K03,12.0,3588.0,299.0,0
2025-12-29,K03,6.0,1794.0,299.0,0
2025-12-30,K03,12.0,3588.0,299.0,0
2025-12-31,K03,12.0,3588.0,299.0,0
2026-01-01,K03,8.0,2392.0,299.0,0
2026-01-02,K03,7.0,2093.0,299.0,0
2026-01-03,K03,13.0,3887.0,299.0,0
2026-01-04,K03,8.0,2392.0,299.0,0
2026-01-05,K03,7.0,2093.0,299.0,0
2026-01-06,K03,11.0,3289.0,299.0,0
2026-01-07,K03,5.0,1495.0,299.0,0
2026-01-08,K03,8.0,2392.0,299.0,0
2026-01-09,K03,9.0,2691.0,299.0,0
2026-01-10,K03,7.0,2093.0,299.0,0
2026-01-11,K03,9.0,2691.0,299.0,0
2026-01-12,K03,10.0,2990.0,299.0,0
2026-01-13,K03,10.0,2990.0,299.0,0
2026-01-14,K03,14.0,4186.0,299.0,0
2026-01-15,K03,11.0,3289.0,299.0,0
2026-01-16,K03,7.0,2093.0,299.0,0
2026-01-17,K03,7.0,2093.0,299.0,0
2026-01-18,K03,11.0,3289.0,299.0,0
2026-01-19,K03,9.0,2691.0,299.0,0
2026-01-20,K03,9.0,2691.0,299.0,0
2026-01-21,K03,6.0,1794.0,299.0,0
2026-01-22,K03,15.0,3810.0,254.0,1
2026-01-23,K03,9.0,2286.0,254.0,1
2026-01-24,K03,14.0,3556.0,254.0,1
2026-01-25,K03,9.0,2286.0,254.0,1
2026-01-26,K03,15.0,3810.0,254.0,1
2026-01-27,K03,15.0,3810.0,254.0,1
2026-01-28,K03,16.0,4064.0,254.0,1
2026-01-29,K03,6.0,1794.0,299.0,0
2026-01-30,K03,12.0,3588.0,299.0,0
2026-01-31,K03,7.0,2093.0,299.0,0
2026-02-01,K03,13.0,3887.0,299.0,0
2026-02-02,K03,13.0,3887.0,299.0,0
2026-02-03,K03,6.0,1794.0,299.0,0
2026-02-04,K03,7.0,2093.0,299.0,0
2026-02-05,K03,9.0,2691.0,299.0,0
2026-02-06,K03,9.0,2691.0,299.0,0
2026-02-07,K03,9.0,2691.0,299.0,0
2026-02-08,K03,13.0,3887.0,299.0,0
2026-02-09,K03,9.0,2691.0,299.0,0
2026-02-10,K03,9.0,2691.0,299.0,0
2026-02-11,K03,8.0,2392.0,299.0,0
2026-02-12,K03,,2392.0,299.0,0
2026-02-13,K03,12.0,3588.0,299.0,0
2026-02-14,K03,10.0,2990.0,299.0,0
2026-02-15,K03,13.0,3887.0,299.0,0
2026-02-16,K03,7.0,2093.0,299.0,0
2026-02-17,K03,13.0,3887.0,299.0,0
2026-02-18,K03,4.0,1196.0,299.0,0
2026-02-19,K03,7.0,2093.0,299.0,0
2026-02-20,K03,5.0,1495.0,299.0,0
2026-02-21,K03,9.0,2691.0,299.0,0
2026-02-22,K03,7.0,2093.0,299.0,0
2026-02-23,K03,7.0,2093.0,299.0,0
2026-02-24,K03,13.0,3887.0,299.0,0
2026-02-25,K03,8.0,2392.0,299.0,0
2026-02-26,K03,9.0,2691.0,299.0,0
2026-02-27,K03,4.0,1196.0,299.0,0
2026-02-28,K03,4.0,1196.0,299.0,0
2026-03-01,K03,11.0,3289.0,299.0,0
2026-03-02,K03,5.0,1495.0,299.0,0
2026-03-03,K03,16.0,4784.0,299.0,0
2026-03-04,K03,8.0,2392.0,299.0,0
2026-03-05,K03,5.0,1495.0,299.0,0
2026-03-06,K03,12.0,3588.0,299.0,0
2026-03-07,K03,9.0,2691.0,299.0,0
2026-03-08,K03,6.0,1794.0,299.0,0
2026-03-09,K03,7.0,2093.0,299.0,0
2026-03-10,K03,8.0,2392.0,299.0,0
2026-03-11,K03,6.0,1794.0,299.0,0
2026-03-12,K03,11.0,3289.0,299.0,0
2026-03-13,K03,11.0,3289.0,299.0,0
2026-03-14,K03,7.0,2093.0,299.0,0
2026-03-15,K03,12.0,3588.0,299.0,0
2026-03-16,K03,10.0,2990.0,299.0,0
2026-03-17,K03,7.0,2093.0,299.0,0
2026-03-18,K03,14.0,4186.0,299.0,0
2026-03-19,K03,9.0,2691.0,299.0,0
2026-03-20,K03,7.0,2093.0,299.0,0
2026-03-21,K03,6.0,1794.0,299.0,0
2026-03-22,K03,9.0,2691.0,299.0,0
2026-03-23,K03,3.0,897.0,299.0,0
2026-03-24,K03,9.0,2691.0,299.0,0
2026-03-25,K03,8.0,2392.0,299.0,0
2026-03-26,K03,9.0,2691.0,299.0,0
2026-03-27,K03,8.0,2392.0,299.0,0
2026-03-28,K03,17.0,5083.0,299.0,0
2026-03-29,K03,10.0,2990.0,299.0,0
2026-03-30,K03,5.0,1495.0,299.0,0
2026-03-31,K03,6.0,1794.0,299.0,0
2026-04-01,K03,7.0,2093.0,299.0,0
2026-04-02,K03,15.0,4485.0,299.0,0
2026-04-03,K03,12.0,3588.0,299.0,0
2026-04-04,K03,12.0,3588.0,299.0,0
2026-04-05,K03,,4186.0,299.0,0
2026-04-06,K03,7.0,2093.0,299.0,0
2026-04-07,K03,10.0,2990.0,299.0,0
2026-04-08,K03,13.0,3887.0,299.0,0
2026-04-09,K03,3.0,897.0,299.0,0
2026-04-10,K03,11.0,3289.0,299.0,0
2026-04-11,K03,13.0,3887.0,299.0,0
2026-04-12,K03,10.0,2990.0,299.0,0
2026-04-13,K03,13.0,3887.0,299.0,0
2026-04-14,K03,9.0,2691.0,299.0,0
2026-04-15,K03,10.0,2990.0,299.0,0
2026-04-16,K03,14.0,4186.0,299.0,0
2026-04-17,K03,6.0,1794.0,299.0,0
2026-04-18,K03,8.0,2392.0,299.0,0
2026-04-19,K03,11.0,3289.0,299.0,0
2026-04-20,K03,9.0,2691.0,299.0,0
2026-04-21,K03,8.0,2392.0,299.0,0
2026-04-22,K03,6.0,1794.0,299.0,0
2026-04-23,K03,9.0,2691.0,299.0,0
2026-04-24,K03,13.0,3887.0,299.0,0
2026-04-25,K03,9.0,2691.0,299.0,0
2026-04-26,K03,7.0,2093.0,299.0,0
2026-04-27,K03,10.0,2990.0,299.0,0
2026-04-28,K03,6.0,1794.0,299.0,0
2026-04-29,K03,9.0,2691.0,299.0,0
2026-04-30,K03,10.0,2990.0,299.0,0
2026-05-01,K03,5.0,1495.0,299.0,0
2026-05-02,K03,12.0,3588.0,299.0,0
2026-05-03,K03,8.0,2392.0,299.0,0
2026-05-04,K03,4.0,1196.0,299.0,0
2026-05-05,K03,4.0,1196.0,299.0,0
2026-05-06,K03,10.0,2990.0,299.0,0
2026-05-07,K03,10.0,2990.0,299.0,0
2026-05-08,K03,,4186.0,299.0,0
2026-05-09,K03,9.0,2691.0,299.0,0
2026-05-10,K03,20.0,5080.0,254.0,1
2026-05-11,K03,15.0,3810.0,254.0,1
2026-05-12,K03,11.0,2794.0,254.0,1
2026-05-13,K03,22.0,5588.0,254.0,1
2026-05-14,K03,12.0,3048.0,254.0,1
2026-05-15,K03,14.0,3556.0,254.0,1
2026-05-16,K03,17.0,4318.0,254.0,1
2026-05-17,K03,9.0,2286.0,254.0,1
2026-05-18,K03,9.0,2286.0,254.0,1
2026-05-19,K03,16.0,4064.0,254.0,1
2026-05-20,K03,13.0,3887.0,299.0,0
2026-05-21,K03,11.0,3289.0,299.0,0
2026-05-22,K03,13.0,3887.0,299.0,0
2026-05-23,K03,8.0,2392.0,299.0,0
2026-05-24,K03,14.0,4186.0,299.0,0
2026-05-25,K03,8.0,2392.0,299.0,0
2026-05-26,K03,9.0,2691.0,299.0,0
2026-05-27,K03,9.0,2691.0,299.0,0
2026-05-28,K03,14.0,4186.0,299.0,0
2026-05-29,K03,4.0,1196.0,299.0,0
2026-05-30,K03,11.0,3289.0,299.0,0
2026-05-31,K03,15.0,4485.0,299.0,0
2026-06-01,K03,7.0,2093.0,299.0,0
2026-06-02,K03,7.0,2093.0,299.0,0
2026-06-03,K03,14.0,4186.0,299.0,0
2026-06-04,K03,13.0,3887.0,299.0,0
2026-06-05,K03,9.0,2691.0,299.0,0
2026-06-06,K03,12.0,3588.0,299.0,0
2026-06-07,K03,9.0,2691.0,299.0,0
2026-06-08,K03,10.0,2990.0,299.0,0
2026-06-09,K03,8.0,2392.0,299.0,0
2026-06-10,K03,6.0,1794.0,299.0,0
2026-06-11,K03,11.0,3289.0,299.0,0
2026-06-12,K03,10.0,2990.0,299.0,0
2026-06-13,K03,8.0,2392.0,299.0,0
2026-06-14,K03,9.0,2691.0,299.0,0
2026-06-15,K03,14.0,4186.0,299.0,0
2026-06-16,K03,9.0,2691.0,299.0,0
2026-06-17,K03,9.0,2691.0,299.0,0
2026-06-18,K03,5.0,1495.0,299.0,0
2026-06-19,K03,4.0,1196.0,299.0,0
2026-06-20,K03,16.0,4784.0,299.0,0
2026-06-21,K03,13.0,3887.0,299.0,0
2026-06-22,K03,9.0,2691.0,299.0,0
2026-06-23,K03,5.0,1495.0,299.0,0
2026-06-24,K03,10.0,2990.0,299.0,0
2026-06-25,K03,9.0,2691.0,299.0,0
2026-06-26,K03,8.0,2392.0,299.0,0
2026-06-27,K03,13.0,3887.0,299.0,0
2026-06-28,K03,10.0,2990.0,299.0,0
2026-06-29,K03,8.0,2392.0,299.0,0
2026-06-30,K03,6.0,1794.0,299.0,0
2026-07-01,K03,10.0,2990.0,299.0,0
2026-07-02,K03,10.0,2990.0,299.0,0
2026-07-03,K03,10.0,2990.0,299.0,0
2026-07-04,K03,9.0,2691.0,299.0,0
2026-07-05,K03,15.0,4485.0,299.0,0
2026-07-06,K03,9.0,2691.0,299.0,0
2026-07-07,K03,11.0,3289.0,299.0,0
2026-07-08,K03,10.0,2990.0,299.0,0
2026-07-09,K03,1.0,299.0,299.0,0
2026-07-10,K03,5.0,1495.0,299.0,0
2026-07-11,K03,11.0,3289.0,299.0,0
2026-07-12,K03,10.0,2990.0,299.0,0
2026-07-13,K03,8.0,2392.0,299.0,0
2026-07-14,K03,9.0,2691.0,299.0,0
2026-07-15,K03,11.0,3289.0,299.0,0
2026-07-16,K03,6.0,1794.0,299.0,0
2026-07-17,K03,7.0,2093.0,299.0,0
2026-07-18,K03,10.0,2990.0,299.0,0
2026-07-19,K03,12.0,3588.0,299.0,0
2026-07-20,K03,6.0,1794.0,299.0,0
2026-07-21,K03,13.0,3887.0,299.0,0
2026-07-22,K03,7.0,2093.0,299.0,0
2026-07-23,K03,13.0,3887.0,299.0,0
2026-07-24,K03,10.0,2990.0,299.0,0
2026-07-25,K03,10.0,2990.0,299.0,0
2026-07-26,K03,8.0,2392.0,299.0,0
2026-07-27,K03,11.0,3289.0,299.0,0
2026-07-28,K03,6.0,1794.0,299.0,0
2026-07-29,K03,11.0,3289.0,299.0,0
2026-07-30,K03,13.0,3887.0,299.0,0
2026-07-31,K03,7.0,2093.0,299.0,0
2026-08-01,K03,9.0,2691.0,299.0,0
2026-08-02,K03,8.0,2392.0,299.0,0
2026-08-03,K03,13.0,3887.0,299.0,0
2026-08-04,K03,11.0,3289.0,299.0,0
2026-08-05,K03,13.0,3887.0,299.0,0
2026-08-06,K03,8.0,2392.0,299.0,0
2026-08-07,K03,2.0,598.0,299.0,0
2026-08-08,K03,9.0,2691.0,299.0,0
2026-08-09,K03,10.0,2990.0,299.0,0
2026-08-10,K03,4.0,1196.0,299.0,0
2026-08-11,K03,10.0,2990.0,299.0,0
2026-08-12,K03,8.0,2392.0,299.0,0
2026-08-13,K03,7.0,2093.0,299.0,0
2026-08-14,K03,7.0,2093.0,299.0,0
2026-08-15,K03,14.0,4186.0,299.0,0
2026-08-16,K03,8.0,2392.0,299.0,0
2026-08-17,K03,12.0,3588.0,299.0,0
2026-08-18,K03,10.0,2990.0,299.0,0
2026-08-19,K03,9.0,2691.0,299.0,0
2026-08-20,K03,7.0,2093.0,299.0,0
2026-08-21,K03,9.0,2691.0,299.0,0
2026-08-22,K03,12.0,3588.0,299.0,0
2026-08-23,K03,10.0,2990.0,299.0,0
2026-08-24,K03,11.0,3289.0,299.0,0
2026-08-25,K03,11.0,3289.0,299.0,0
2026-08-26,K03,10.0,2990.0,299.0,0
2026-08-27,K03,5.0,1495.0,299.0,0
2026-08-28,K03,11.0,3289.0,299.0,0
2026-08-29,K03,10.0,2990.0,299.0,0
2026-08-30,K03,8.0,2392.0,299.0,0
2026-08-31,K03,6.0,1794.0,299.0,0
2026-09-01,K03,11.0,3289.0,299.0,0
2026-09-02,K03,6.0,1794.0,299.0,0
2026-09-03,K03,10.0,2990.0,299.0,0
2026-09-04,K03,6.0,1794.0,299.0,0
2026-09-05,K03,10.0,2990.0,299.0,0
2026-09-06,K03,14.0,4186.0,299.0,0
2026-09-07,K03,12.0,3588.0,299.0,0
2026-09-08,K03,14.0,4186.0,299.0,0
2026-09-09,K03,7.0,2093.0,299.0,0
2026-09-10,K03,14.0,4186.0,299.0,0
2026-09-11,K03,9.0,2691.0,299.0,0
2026-09-12,K03,6.0,1794.0,299.0,0
2026-09-13,K03,11.0,3289.0,299.0,0
2026-09-14,K03,6.0,1794.0,299.0,0
2026-09-15,K03,9.0,2691.0,299.0,0
2026-09-16,K03,14.0,4186.0,299.0,0
2026-09-17,K03,8.0,2392.0,299.0,0
2026-09-18,K03,7.0,2093.0,299.0,0
2026-09-19,K03,7.0,2093.0,299.0,0
2026-09-20,K03,16.0,4784.0,299.0,0
2026-09-21,K03,13.0,3887.0,299.0,0
2026-09-22,K03,11.0,3289.0,299.0,0
2026-09-23,K03,6.0,1794.0,299.0,0
2026-09-24,K03,10.0,2990.0,299.0,0
2026-09-25,K03,6.0,1794.0,299.0,0
2026-09-26,K03,13.0,3887.0,299.0,0
2026-09-27,K03,11.0,3289.0,299.0,0
2024-01-01,A01,0.0,0.0,999.0,0
2024-01-02,A01,5.0,4995.0,999.0,0
2024-01-03,A01,10.0,9990.0,999.0,0
2024-01-04,A01,7.0,6993.0,999.0,0
2024-01-05,A01,6.0,5994.0,999.0,0
2024-01-06,A01,7.0,6993.0,999.0,0
2024-01-07,A01,4.0,3996.0,999.0,0
2024-01-08,A01,9.0,8991.0,999.0,0
2024-01-09,A01,8.0,7992.0,999.0,0
2024-01-10,A01,6.0,5994.0,999.0,0
2024-01-11,A01,7.0,6993.0,999.0,0
2024-01-12,A01,12.0,11988.0,999.0,0
2024-01-13,A01,5.0,4995.0,999.0,0
2024-01-14,A01,9.0,8991.0,999.0,0
2024-01-15,A01,4.0,3996.0,999.0,0
2024-01-16,A01,3.0,2997.0,999.0,0
2024-01-17,A01,4.0,3996.0,999.0,0
2024-01-18,A01,5.0,4995.0,999.0,0
2024-01-19,A01,3.0,2997.0,999.0,0
2024-01-20,A01,7.0,6993.0,999.0,0
2024-01-21,A01,4.0,3996.0,999.0,0
2024-01-22,A01,12.0,10188.0,849.0,1
2024-01-23,A01,10.0,8490.0,849.0,1
2024-01-24,A01,10.0,8490.0,849.0,1
2024-01-25,A01,13.0,11037.0,849.0,1
2024-01-26,A01,14.0,11886.0,849.0,1
2024-01-27,A01,13.0,11037.0,849.0,1
2024-01-28,A01,14.0,11886.0,849.0,1
2024-01-29,A01,4.0,3996.0,999.0,0
2024-01-30,A01,8.0,7992.0,999.0,0
2024-01-31,A01,9.0,8991.0,999.0,0
2024-02-01,A01,3.0,2997.0,999.0,0
2024-02-02,A01,5.0,4995.0,999.0,0
2024-02-03,A01,8.0,7992.0,999.0,0
2024-02-04,A01,5.0,4995.0,999.0,0
2024-02-05,A01,3.0,2997.0,999.0,0
2024-02-06,A01,1.0,999.0,999.0,0
2024-02-07,A01,7.0,6993.0,999.0,0
2024-02-08,A01,5.0,4995.0,999.0,0
2024-02-09,A01,3.0,2997.0,999.0,0
2024-02-10,A01,11.0,10989.0,999.0,0
2024-02-11,A01,7.0,6993.0,999.0,0
2024-02-12,A01,4.0,3996.0,999.0,0
2024-02-13,A01,5.0,4995.0,999.0,0
2024-02-14,A01,1.0,999.0,999.0,0
2024-02-15,A01,7.0,6993.0,999.0,0
2024-02-16,A01,11.0,10989.0,999.0,0
2024-02-17,A01,5.0,4995.0,999.0,0
2024-02-18,A01,2.0,1998.0,999.0,0
2024-02-19,A01,6.0,5994.0,999.0,0
2024-02-20,A01,6.0,5994.0,999.0,0
2024-02-21,A01,9.0,8991.0,999.0,0
2024-02-22,A01,5.0,4995.0,999.0,0
2024-02-23,A01,4.0,3996.0,999.0,0
2024-02-24,A01,5.0,4995.0,999.0,0
2024-02-25,A01,11.0,10989.0,999.0,0
2024-02-26,A01,4.0,3996.0,999.0,0
2024-02-27,A01,10.0,9990.0,999.0,0
2024-02-28,A01,7.0,6993.0,999.0,0
2024-02-29,A01,6.0,5994.0,999.0,0
2024-03-01,A01,3.0,2997.0,999.0,0
2024-03-02,A01,6.0,5994.0,999.0,0
2024-03-03,A01,8.0,7992.0,999.0,0
2024-03-04,A01,3.0,2997.0,999.0,0
2024-03-05,A01,7.0,6993.0,999.0,0
2024-03-06,A01,3.0,2997.0,999.0,0
2024-03-07,A01,4.0,3996.0,999.0,0
2024-03-08,A01,8.0,7992.0,999.0,0
2024-03-09,A01,5.0,4995.0,999.0,0
2024-03-10,A01,7.0,6993.0,999.0,0
2024-03-11,A01,5.0,4995.0,999.0,0
2024-03-12,A01,4.0,3996.0,999.0,0
2024-03-13,A01,0.0,0.0,999.0,0
2024-03-14,A01,3.0,2997.0,999.0,0
2024-03-15,A01,2.0,1998.0,999.0,0
2024-03-16,A01,7.0,6993.0,999.0,0
2024-03-17,A01,6.0,5994.0,999.0,0
2024-03-18,A01,2.0,1998.0,999.0,0
2024-03-19,A01,6.0,5994.0,999.0,0
2024-03-20,A01,2.0,1998.0,999.0,0
2024-03-21,A01,3.0,2997.0,999.0,0
2024-03-22,A01,0.0,0.0,999.0,0
2024-03-23,A01,3.0,2997.0,999.0,0
2024-03-24,A01,1.0,999.0,999.0,0
2024-03-25,A01,4.0,3996.0,999.0,0
2024-03-26,A01,9.0,8991.0,999.0,0
2024-03-27,A01,1.0,999.0,999.0,0
2024-03-28,A01,2.0,1998.0,999.0,0
2024-03-29,A01,3.0,2997.0,999.0,0
2024-03-30,A01,3.0,2997.0,999.0,0
2024-03-31,A01,6.0,5994.0,999.0,0
2024-04-01,A01,6.0,5994.0,999.0,0
2024-04-02,A01,4.0,3996.0,999.0,0
2024-04-03,A01,3.0,2997.0,999.0,0
2024-04-04,A01,4.0,3996.0,999.0,0
2024-04-05,A01,4.0,3996.0,999.0,0
2024-04-06,A01,0.0,0.0,999.0,0
2024-04-07,A01,3.0,2997.0,999.0,0
2024-04-08,A01,6.0,5994.0,999.0,0
2024-04-09,A01,5.0,4995.0,999.0,0
2024-04-10,A01,2.0,1998.0,999.0,0
2024-04-11,A01,4.0,3996.0,999.0,0
2024-04-12,A01,4.0,3996.0,999.0,0
2024-04-13,A01,4.0,3996.0,999.0,0
2024-04-14,A01,4.0,3996.0,999.0,0
2024-04-15,A01,4.0,3996.0,999.0,0
2024-04-16,A01,1.0,999.0,999.0,0
2024-04-17,A01,3.0,2997.0,999.0,0
2024-04-18,A01,4.0,3996.0,999.0,0
2024-04-19,A01,3.0,2997.0,999.0,0
2024-04-20,A01,2.0,1998.0,999.0,0
2024-04-21,A01,4.0,3996.0,999.0,0
2024-04-22,A01,4.0,3996.0,999.0,0
2024-04-23,A01,1.0,999.0,999.0,0
2024-04-24,A01,3.0,2997.0,999.0,0
2024-04-25,A01,4.0,3996.0,999.0,0
2024-04-26,A01,2.0,1998.0,999.0,0
2024-04-27,A01,2.0,1998.0,999.0,0
2024-04-28,A01,5.0,4995.0,999.0,0
2024-04-29,A01,3.0,2997.0,999.0,0
2024-04-30,A01,3.0,2997.0,999.0,0
2024-05-01,A01,3.0,2997.0,999.0,0
2024-05-02,A01,6.0,5994.0,999.0,0
2024-05-03,A01,2.0,1998.0,999.0,0
2024-05-04,A01,2.0,1998.0,999.0,0
2024-05-05,A01,4.0,3996.0,999.0,0
2024-05-06,A01,3.0,2997.0,999.0,0
2024-05-07,A01,2.0,1998.0,999.0,0
2024-05-08,A01,6.0,5994.0,999.0,0
2024-05-09,A01,4.0,3996.0,999.0,0
2024-05-10,A01,1.0,849.0,849.0,1
2024-05-11,A01,2.0,1698.0,849.0,1
2024-05-12,A01,2.0,1698.0,849.0,1
2024-05-13,A01,1.0,849.0,849.0,1
2024-05-14,A01,4.0,3396.0,849.0,1
2024-05-15,A01,5.0,4245.0,849.0,1
2024-05-16,A01,4.0,3396.0,849.0,1
2024-05-17,A01,3.0,2547.0,849.0,1
2024-05-18,A01,4.0,3396.0,849.0,1
2024-05-19,A01,3.0,2547.0,849.0,1
2024-05-20,A01,4.0,3996.0,999.0,0
2024-05-21,A01,2.0,1998.0,999.0,0
2024-05-22,A01,4.0,3996.0,999.0,0
2024-05-23,A01,0.0,0.0,999.0,0
2024-05-24,A01,4.0,3996.0,999.0,0
2024-05-25,A01,5.0,4995.0,999.0,0
2024-05-26,A01,5.0,4995.0,999.0,0
2024-05-27,A01,5.0,4995.0,999.0,0
2024-05-28,A01,6.0,5994.0,999.0,0
2024-05-29,A01,2.0,1998.0,999.0,0
2024-05-30,A01,4.0,3996.0,999.0,0
2024-05-31,A01,6.0,5994.0,999.0,0
2024-06-01,A01,5.0,4995.0,999.0,0
2024-06-02,A01,1.0,999.0,999.0,0
2024-06-03,A01,2.0,1998.0,999.0,0
2024-06-04,A01,1.0,999.0,999.0,0
2024-06-05,A01,1.0,999.0,999.0,0
2024-06-06,A01,2.0,1998.0,999.0,0
2024-06-07,A01,2.0,1998.0,999.0,0
2024-06-08,A01,1.0,999.0,999.0,0
2024-06-09,A01,6.0,5994.0,999.0,0
2024-06-10,A01,0.0,0.0,999.0,0
2024-06-11,A01,1.0,999.0,999.0,0
2024-06-12,A01,2.0,1998.0,999.0,0
2024-06-13,A01,3.0,2997.0,999.0,0
2024-06-14,A01,2.0,1998.0,999.0,0
2024-06-15,A01,2.0,1998.0,999.0,0
2024-06-16,A01,2.0,1998.0,999.0,0
2024-06-17,A01,1.0,999.0,999.0,0
2024-06-18,A01,1.0,999.0,999.0,0
2024-06-19,A01,3.0,2997.0,999.0,0
2024-06-20,A01,6.0,5994.0,999.0,0
2024-06-21,A01,0.0,0.0,999.0,0
2024-06-22,A01,3.0,2997.0,999.0,0
2024-06-23,A01,1.0,999.0,999.0,0
2024-06-24,A01,3.0,2997.0,999.0,0
2024-06-25,A01,1.0,999.0,999.0,0
2024-06-26,A01,2.0,1998.0,999.0,0
2024-06-27,A01,4.0,3996.0,999.0,0
2024-06-28,A01,3.0,2997.0,999.0,0
2024-06-29,A01,1.0,999.0,999.0,0
2024-06-30,A01,5.0,4995.0,999.0,0
2024-07-01,A01,2.0,1998.0,999.0,0
2024-07-02,A01,3.0,2997.0,999.0,0
2024-07-03,A01,2.0,1998.0,999.0,0
2024-07-04,A01,2.0,1998.0,999.0,0
2024-07-05,A01,2.0,1998.0,999.0,0
2024-07-06,A01,4.0,3996.0,999.0,0
2024-07-07,A01,4.0,3996.0,999.0,0
2024-07-08,A01,0.0,0.0,999.0,0
2024-07-09,A01,3.0,2997.0,999.0,0
2024-07-10,A01,3.0,2997.0,999.0,0
2024-07-11,A01,2.0,1998.0,999.0,0
2024-07-12,A01,2.0,1998.0,999.0,0
2024-07-13,A01,3.0,2997.0,999.0,0
2024-07-14,A01,3.0,2997.0,999.0,0
2024-07-15,A01,0.0,0.0,999.0,0
2024-07-16,A01,2.0,1998.0,999.0,0
2024-07-17,A01,4.0,3996.0,999.0,0
2024-07-18,A01,0.0,0.0,999.0,0
2024-07-19,A01,3.0,2997.0,999.0,0
2024-07-20,A01,2.0,1998.0,999.0,0
2024-07-21,A01,4.0,3996.0,999.0,0
2024-07-22,A01,2.0,1998.0,999.0,0
2024-07-23,A01,2.0,1998.0,999.0,0
2024-07-24,A01,2.0,1998.0,999.0,0
2024-07-25,A01,2.0,1998.0,999.0,0
2024-07-26,A01,2.0,1998.0,999.0,0
2024-07-27,A01,2.0,1998.0,999.0,0
2024-07-28,A01,1.0,999.0,999.0,0
2024-07-29,A01,5.0,4995.0,999.0,0
2024-07-30,A01,0.0,0.0,999.0,0
2024-07-31,A01,0.0,0.0,999.0,0
2024-08-01,A01,4.0,3996.0,999.0,0
2024-08-02,A01,0.0,0.0,999.0,0
2024-08-03,A01,3.0,2997.0,999.0,0
2024-08-04,A01,2.0,1998.0,999.0,0
2024-08-05,A01,1.0,999.0,999.0,0
2024-08-06,A01,1.0,999.0,999.0,0
2024-08-07,A01,4.0,3996.0,999.0,0
2024-08-08,A01,3.0,2997.0,999.0,0
2024-08-09,A01,3.0,2997.0,999.0,0
2024-08-10,A01,1.0,999.0,999.0,0
2024-08-11,A01,2.0,1998.0,999.0,0
2024-08-12,A01,1.0,999.0,999.0,0
2024-08-13,A01,6.0,5994.0,999.0,0
2024-08-14,A01,1.0,999.0,999.0,0
2024-08-15,A01,4.0,3996.0,999.0,0
2024-08-16,A01,2.0,1998.0,999.0,0
2024-08-17,A01,3.0,2997.0,999.0,0
2024-08-18,A01,6.0,5994.0,999.0,0
2024-08-19,A01,1.0,999.0,999.0,0
2024-08-20,A01,4.0,3996.0,999.0,0
2024-08-21,A01,0.0,0.0,999.0,0
2024-08-22,A01,1.0,999.0,999.0,0
2024-08-23,A01,2.0,1998.0,999.0,0
2024-08-24,A01,4.0,3996.0,999.0,0
2024-08-25,A01,3.0,2997.0,999.0,0
2024-08-26,A01,5.0,4995.0,999.0,0
2024-08-27,A01,4.0,3996.0,999.0,0
2024-08-28,A01,4.0,3996.0,999.0,0
2024-08-29,A01,3.0,2997.0,999.0,0
2024-08-30,A01,7.0,6993.0,999.0,0
2024-08-31,A01,5.0,4995.0,999.0,0
2024-09-01,A01,4.0,3996.0,999.0,0
2024-09-02,A01,6.0,5994.0,999.0,0
2024-09-03,A01,3.0,2997.0,999.0,0
2024-09-04,A01,7.0,6993.0,999.0,0
2024-09-05,A01,3.0,2997.0,999.0,0
2024-09-06,A01,7.0,6993.0,999.0,0
2024-09-07,A01,9.0,8991.0,999.0,0
2024-09-08,A01,8.0,7992.0,999.0,0
2024-09-09,A01,2.0,1998.0,999.0,0
2024-09-10,A01,3.0,2997.0,999.0,0
2024-09-11,A01,2.0,1998.0,999.0,0
2024-09-12,A01,4.0,3996.0,999.0,0
2024-09-13,A01,3.0,2997.0,999.0,0
2024-09-14,A01,7.0,6993.0,999.0,0
2024-09-15,A01,5.0,4995.0,999.0,0
2024-09-16,A01,3.0,2997.0,999.0,0
2024-09-17,A01,3.0,2997.0,999.0,0
2024-09-18,A01,3.0,2997.0,999.0,0
2024-09-19,A01,8.0,7992.0,999.0,0
2024-09-20,A01,2.0,1998.0,999.0,0
2024-09-21,A01,9.0,8991.0,999.0,0
2024-09-22,A01,3.0,2997.0,999.0,0
2024-09-23,A01,6.0,5994.0,999.0,0
2024-09-24,A01,5.0,4995.0,999.0,0
2024-09-25,A01,6.0,5994.0,999.0,0
2024-09-26,A01,3.0,2997.0,999.0,0
2024-09-27,A01,4.0,3996.0,999.0,0
2024-09-28,A01,9.0,8991.0,999.0,0
2024-09-29,A01,4.0,3996.0,999.0,0
2024-09-30,A01,3.0,2997.0,999.0,0
2024-10-01,A01,2.0,1998.0,999.0,0
2024-10-02,A01,4.0,3996.0,999.0,0
2024-10-03,A01,4.0,3996.0,999.0,0
2024-10-04,A01,7.0,6993.0,999.0,0
2024-10-05,A01,7.0,6993.0,999.0,0
2024-10-06,A01,8.0,7992.0,999.0,0
2024-10-07,A01,5.0,4995.0,999.0,0
2024-10-08,A01,7.0,6993.0,999.0,0
2024-10-09,A01,6.0,5994.0,999.0,0
2024-10-10,A01,9.0,8991.0,999.0,0
2024-10-11,A01,4.0,3996.0,999.0,0
2024-10-12,A01,6.0,5994.0,999.0,0
2024-10-13,A01,6.0,5994.0,999.0,0
2024-10-14,A01,5.0,4995.0,999.0,0
2024-10-15,A01,10.0,9990.0,999.0,0
2024-10-16,A01,5.0,4995.0,999.0,0
2024-10-17,A01,11.0,10989.0,999.0,0
2024-10-18,A01,6.0,5994.0,999.0,0
2024-10-19,A01,9.0,8991.0,999.0,0
2024-10-20,A01,5.0,4995.0,999.0,0
2024-10-21,A01,5.0,4995.0,999.0,0
2024-10-22,A01,2.0,1998.0,999.0,0
2024-10-23,A01,7.0,6993.0,999.0,0
2024-10-24,A01,5.0,4995.0,999.0,0
2024-10-25,A01,7.0,6993.0,999.0,0
2024-10-26,A01,4.0,3996.0,999.0,0
2024-10-27,A01,9.0,8991.0,999.0,0
2024-10-28,A01,8.0,6792.0,849.0,1
2024-10-29,A01,12.0,10188.0,849.0,1
2024-10-30,A01,5.0,4245.0,849.0,1
2024-10-31,A01,5.0,4245.0,849.0,1
2024-11-01,A01,4.0,3396.0,849.0,1
2024-11-02,A01,12.0,10188.0,849.0,1
2024-11-03,A01,11.0,9339.0,849.0,1
2024-11-04,A01,9.0,8991.0,999.0,0
2024-11-05,A01,1.0,999.0,999.0,0
2024-11-06,A01,9.0,8991.0,999.0,0
2024-11-07,A01,6.0,5994.0,999.0,0
2024-11-08,A01,5.0,4995.0,999.0,0
2024-11-09,A01,8.0,7992.0,999.0,0
2024-11-10,A01,10.0,9990.0,999.0,0
2024-11-11,A01,3.0,2997.0,999.0,0
2024-11-12,A01,10.0,9990.0,999.0,0
2024-11-13,A01,7.0,6993.0,999.0,0
2024-11-14,A01,14.0,13986.0,999.0,0
2024-11-15,A01,8.0,7992.0,999.0,0
2024-11-16,A01,5.0,4995.0,999.0,0
2024-11-17,A01,6.0,5994.0,999.0,0
2024-11-18,A01,10.0,9990.0,999.0,0
2024-11-19,A01,5.0,4995.0,999.0,0
2024-11-20,A01,6.0,5994.0,999.0,0
2024-11-21,A01,6.0,5994.0,999.0,0
2024-11-22,A01,7.0,6993.0,999.0,0
2024-11-23,A01,12.0,11988.0,999.0,0
2024-11-24,A01,12.0,11988.0,999.0,0
2024-11-25,A01,5.0,4995.0,999.0,0
2024-11-26,A01,8.0,7992.0,999.0,0
2024-11-27,A01,11.0,10989.0,999.0,0
2024-11-28,A01,9.0,8991.0,999.0,0
2024-11-29,A01,8.0,7992.0,999.0,0
2024-11-30,A01,7.0,6993.0,999.0,0
2024-12-01,A01,7.0,6993.0,999.0,0
2024-12-02,A01,3.0,2997.0,999.0,0
2024-12-03,A01,3.0,2997.0,999.0,0
2024-12-04,A01,2.0,1998.0,999.0,0
2024-12-05,A01,6.0,5994.0,999.0,0
2024-12-06,A01,8.0,7992.0,999.0,0
2024-12-07,A01,8.0,7992.0,999.0,0
2024-12-08,A01,7.0,6993.0,999.0,0
2024-12-09,A01,4.0,3996.0,999.0,0
2024-12-10,A01,4.0,3996.0,999.0,0
2024-12-11,A01,6.0,5994.0,999.0,0
2024-12-12,A01,3.0,2997.0,999.0,0
2024-12-13,A01,8.0,7992.0,999.0,0
2024-12-14,A01,15.0,14985.0,999.0,0
2024-12-15,A01,6.0,5994.0,999.0,0
2024-12-16,A01,7.0,6993.0,999.0,0
2024-12-17,A01,7.0,6993.0,999.0,0
2024-12-18,A01,9.0,8991.0,999.0,0
2024-12-19,A01,9.0,8991.0,999.0,0
2024-12-20,A01,9.0,8991.0,999.0,0
2024-12-21,A01,13.0,12987.0,999.0,0
2024-12-22,A01,10.0,9990.0,999.0,0
2024-12-23,A01,10.0,9990.0,999.0,0
2024-12-24,A01,7.0,6993.0,999.0,0
2024-12-25,A01,7.0,6993.0,999.0,0
2024-12-26,A01,7.0,6993.0,999.0,0
2024-12-27,A01,6.0,5994.0,999.0,0
2024-12-28,A01,7.0,6993.0,999.0,0
2024-12-29,A01,7.0,6993.0,999.0,0
2024-12-30,A01,12.0,11988.0,999.0,0
2024-12-31,A01,7.0,6993.0,999.0,0
2025-01-01,A01,6.0,5994.0,999.0,0
2025-01-02,A01,7.0,6993.0,999.0,0
2025-01-03,A01,3.0,2997.0,999.0,0
2025-01-04,A01,9.0,8991.0,999.0,0
2025-01-05,A01,11.0,10989.0,999.0,0
2025-01-06,A01,4.0,3996.0,999.0,0
2025-01-07,A01,9.0,8991.0,999.0,0
2025-01-08,A01,4.0,3996.0,999.0,0
2025-01-09,A01,9.0,8991.0,999.0,0
2025-01-10,A01,5.0,4995.0,999.0,0
2025-01-11,A01,4.0,3996.0,999.0,0
2025-01-12,A01,10.0,9990.0,999.0,0
2025-01-13,A01,4.0,3996.0,999.0,0
2025-01-14,A01,7.0,6993.0,999.0,0
2025-01-15,A01,3.0,2997.0,999.0,0
2025-01-16,A01,7.0,6993.0,999.0,0
2025-01-17,A01,5.0,4995.0,999.0,0
2025-01-18,A01,3.0,2997.0,999.0,0
2025-01-19,A01,8.0,7992.0,999.0,0
2025-01-20,A01,9.0,8991.0,999.0,0
2025-01-21,A01,5.0,4995.0,999.0,0
2025-01-22,A01,7.0,5943.0,849.0,1
2025-01-23,A01,11.0,9339.0,849.0,1
2025-01-24,A01,11.0,9339.0,849.0,1
2025-01-25,A01,10.0,8490.0,849.0,1
2025-01-26,A01,10.0,8490.0,849.0,1
2025-01-27,A01,7.0,5943.0,849.0,1
2025-01-28,A01,12.0,10188.0,849.0,1
2025-01-29,A01,10.0,9990.0,999.0,0
2025-01-30,A01,11.0,10989.0,999.0,0
2025-01-31,A01,11.0,10989.0,999.0,0
2025-02-01,A01,5.0,4995.0,999.0,0
2025-02-02,A01,4.0,3996.0,999.0,0
2025-02-03,A01,8.0,7992.0,999.0,0
2025-02-04,A01,8.0,7992.0,999.0,0
2025-02-05,A01,7.0,6993.0,999.0,0
2025-02-06,A01,7.0,6993.0,999.0,0
2025-02-07,A01,3.0,2997.0,999.0,0
2025-02-08,A01,6.0,5994.0,999.0,0
2025-02-09,A01,10.0,9990.0,999.0,0
2025-02-10,A01,10.0,9990.0,999.0,0
2025-02-11,A01,6.0,5994.0,999.0,0
2025-02-12,A01,5.0,4995.0,999.0,0
2025-02-13,A01,2.0,1998.0,999.0,0
2025-02-14,A01,7.0,6993.0,999.0,0
2025-02-15,A01,8.0,7992.0,999.0,0
2025-02-16,A01,5.0,4995.0,999.0,0
2025-02-17,A01,7.0,6993.0,999.0,0
2025-02-18,A01,5.0,4995.0,999.0,0
2025-02-19,A01,8.0,7992.0,999.0,0
2025-02-20,A01,6.0,5994.0,999.0,0
2025-02-21,A01,8.0,7992.0,999.0,0
2025-02-22,A01,9.0,8991.0,999.0,0
2025-02-23,A01,16.0,15984.0,999.0,0
2025-02-24,A01,5.0,4995.0,999.0,0
2025-02-25,A01,1.0,999.0,999.0,0
2025-02-26,A01,3.0,2997.0,999.0,0
2025-02-27,A01,4.0,3996.0,999.0,0
2025-02-28,A01,5.0,4995.0,999.0,0
2025-03-01,A01,5.0,4995.0,999.0,0
2025-03-02,A01,9.0,8991.0,999.0,0
2025-03-03,A01,7.0,6993.0,999.0,0
2025-03-04,A01,5.0,4995.0,999.0,0
2025-03-05,A01,5.0,4995.0,999.0,0
2025-03-06,A01,2.0,1998.0,999.0,0
2025-03-07,A01,7.0,6993.0,999.0,0
2025-03-08,A01,8.0,7992.0,999.0,0
2025-03-09,A01,4.0,3996.0,999.0,0
2025-03-10,A01,2.0,1998.0,999.0,0
2025-03-11,A01,3.0,2997.0,999.0,0
2025-03-12,A01,7.0,6993.0,999.0,0
2025-03-13,A01,4.0,3996.0,999.0,0
2025-03-14,A01,6.0,5994.0,999.0,0
2025-03-15,A01,4.0,3996.0,999.0,0
2025-03-16,A01,6.0,5994.0,999.0,0
2025-03-17,A01,4.0,3996.0,999.0,0
2025-03-18,A01,5.0,4995.0,999.0,0
2025-03-19,A01,5.0,4995.0,999.0,0
2025-03-20,A01,2.0,1998.0,999.0,0
2025-03-21,A01,3.0,2997.0,999.0,0
2025-03-22,A01,5.0,4995.0,999.0,0
2025-03-23,A01,10.0,9990.0,999.0,0
2025-03-24,A01,4.0,3996.0,999.0,0
2025-03-25,A01,4.0,3996.0,999.0,0
2025-03-26,A01,7.0,6993.0,999.0,0
2025-03-27,A01,5.0,4995.0,999.0,0
2025-03-28,A01,5.0,4995.0,999.0,0
2025-03-29,A01,9.0,8991.0,999.0,0
2025-03-30,A01,1.0,999.0,999.0,0
2025-03-31,A01,3.0,2997.0,999.0,0
2025-04-01,A01,0.0,0.0,999.0,0
2025-04-02,A01,10.0,9990.0,999.0,0
2025-04-03,A01,8.0,7992.0,999.0,0
2025-04-04,A01,3.0,2997.0,999.0,0
2025-04-05,A01,6.0,5994.0,999.0,0
2025-04-06,A01,2.0,1998.0,999.0,0
2025-04-07,A01,5.0,4995.0,999.0,0
2025-04-08,A01,8.0,7992.0,999.0,0
2025-04-09,A01,6.0,5994.0,999.0,0
2025-04-10,A01,4.0,3996.0,999.0,0
2025-04-11,A01,2.0,1998.0,999.0,0
2025-04-12,A01,4.0,3996.0,999.0,0
2025-04-13,A01,6.0,5994.0,999.0,0
2025-04-14,A01,2.0,1998.0,999.0,0
2025-04-15,A01,2.0,1998.0,999.0,0
2025-04-16,A01,1.0,999.0,999.0,0
2025-04-17,A01,0.0,0.0,999.0,0
2025-04-18,A01,2.0,1998.0,999.0,0
2025-04-19,A01,6.0,5994.0,999.0,0
2025-04-20,A01,8.0,7992.0,999.0,0
2025-04-21,A01,1.0,999.0,999.0,0
2025-04-22,A01,3.0,2997.0,999.0,0
2025-04-23,A01,4.0,3996.0,999.0,0
2025-04-24,A01,5.0,4995.0,999.0,0
2025-04-25,A01,4.0,3996.0,999.0,0
2025-04-26,A01,5.0,4995.0,999.0,0
2025-04-27,A01,6.0,5994.0,999.0,0
2025-04-28,A01,4.0,3996.0,999.0,0
2025-04-29,A01,3.0,2997.0,999.0,0
2025-04-30,A01,2.0,1998.0,999.0,0
2025-05-01,A01,6.0,5994.0,999.0,0
2025-05-02,A01,3.0,2997.0,999.0,0
2025-05-03,A01,3.0,2997.0,999.0,0
2025-05-04,A01,0.0,0.0,999.0,0
2025-05-05,A01,4.0,3996.0,999.0,0
2025-05-06,A01,0.0,0.0,999.0,0
2025-05-07,A01,4.0,3996.0,999.0,0
2025-05-08,A01,4.0,3996.0,999.0,0
2025-05-09,A01,2.0,1998.0,999.0,0
2025-05-10,A01,5.0,4245.0,849.0,1
2025-05-11,A01,2.0,1698.0,849.0,1
2025-05-12,A01,0.0,0.0,849.0,1
2025-05-13,A01,5.0,4245.0,849.0,1
2025-05-14,A01,6.0,5094.0,849.0,1
2025-05-15,A01,2.0,1698.0,849.0,1
2025-05-16,A01,5.0,4245.0,849.0,1
2025-05-17,A01,2.0,1698.0,849.0,1
2025-05-18,A01,4.0,3396.0,849.0,1
2025-05-19,A01,2.0,1698.0,849.0,1
2025-05-20,A01,1.0,999.0,999.0,0
2025-05-21,A01,3.0,2997.0,999.0,0
2025-05-22,A01,0.0,0.0,999.0,0
2025-05-23,A01,2.0,1998.0,999.0,0
2025-05-24,A01,3.0,2997.0,999.0,0
2025-05-25,A01,0.0,0.0,999.0,0
2025-05-26,A01,1.0,999.0,999.0,0
2025-05-27,A01,0.0,0.0,999.0,0
2025-05-28,A01,0.0,0.0,999.0,0
2025-05-29,A01,1.0,999.0,999.0,0
2025-05-30,A01,0.0,0.0,999.0,0
2025-05-31,A01,3.0,2997.0,999.0,0
2025-06-01,A01,3.0,2997.0,999.0,0
2025-06-02,A01,1.0,999.0,999.0,0
2025-06-03,A01,6.0,5994.0,999.0,0
2025-06-04,A01,2.0,1998.0,999.0,0
2025-06-05,A01,2.0,1998.0,999.0,0
2025-06-06,A01,2.0,1998.0,999.0,0
2025-06-07,A01,0.0,0.0,999.0,0
2025-06-08,A01,0.0,0.0,999.0,0
2025-06-09,A01,4.0,3996.0,999.0,0
2025-06-10,A01,4.0,3996.0,999.0,0
2025-06-11,A01,3.0,2997.0,999.0,0
2025-06-12,A01,4.0,3996.0,999.0,0
2025-06-13,A01,1.0,999.0,999.0,0
2025-06-14,A01,0.0,0.0,999.0,0
2025-06-15,A01,1.0,999.0,999.0,0
2025-06-16,A01,1.0,999.0,999.0,0
2025-06-17,A01,4.0,3996.0,999.0,0
2025-06-18,A01,2.0,1998.0,999.0,0
2025-06-19,A01,5.0,4995.0,999.0,0
2025-06-20,A01,1.0,999.0,999.0,0
2025-06-21,A01,4.0,3996.0,999.0,0
2025-06-22,A01,2.0,1998.0,999.0,0
2025-06-23,A01,5.0,4995.0,999.0,0
2025-06-24,A01,3.0,2997.0,999.0,0
2025-06-25,A01,3.0,2997.0,999.0,0
2025-06-26,A01,1.0,999.0,999.0,0
2025-06-27,A01,4.0,3996.0,999.0,0
2025-06-28,A01,3.0,2997.0,999.0,0
2025-06-29,A01,4.0,3996.0,999.0,0
2025-06-30,A01,3.0,2997.0,999.0,0
2025-07-01,A01,1.0,999.0,999.0,0
2025-07-02,A01,4.0,3996.0,999.0,0
2025-07-03,A01,2.0,1998.0,999.0,0
2025-07-04,A01,6.0,5994.0,999.0,0
2025-07-05,A01,1.0,999.0,999.0,0
2025-07-06,A01,1.0,999.0,999.0,0
2025-07-07,A01,4.0,3996.0,999.0,0
2025-07-08,A01,1.0,999.0,999.0,0
2025-07-09,A01,1.0,999.0,999.0,0
2025-07-10,A01,3.0,2997.0,999.0,0
2025-07-11,A01,5.0,4995.0,999.0,0
2025-07-12,A01,1.0,999.0,999.0,0
2025-07-13,A01,6.0,5994.0,999.0,0
2025-07-14,A01,1.0,999.0,999.0,0
2025-07-15,A01,1.0,999.0,999.0,0
2025-07-16,A01,2.0,1998.0,999.0,0
2025-07-17,A01,2.0,1998.0,999.0,0
2025-07-18,A01,4.0,3996.0,999.0,0
2025-07-19,A01,3.0,2997.0,999.0,0
2025-07-20,A01,0.0,0.0,999.0,0
2025-07-21,A01,1.0,999.0,999.0,0
2025-07-22,A01,1.0,999.0,999.0,0
2025-07-23,A01,4.0,3996.0,999.0,0
2025-07-24,A01,1.0,999.0,999.0,0
2025-07-25,A01,2.0,1998.0,999.0,0
2025-07-26,A01,3.0,2997.0,999.0,0
2025-07-27,A01,1.0,999.0,999.0,0
2025-07-28,A01,3.0,2997.0,999.0,0
2025-07-29,A01,4.0,3996.0,999.0,0
2025-07-30,A01,2.0,1998.0,999.0,0
2025-07-31,A01,1.0,999.0,999.0,0
2025-08-01,A01,3.0,2997.0,999.0,0
2025-08-02,A01,4.0,3996.0,999.0,0
2025-08-03,A01,2.0,1998.0,999.0,0
2025-08-04,A01,1.0,999.0,999.0,0
2025-08-05,A01,0.0,0.0,999.0,0
2025-08-06,A01,2.0,1998.0,999.0,0
2025-08-07,A01,1.0,999.0,999.0,0
2025-08-08,A01,6.0,5994.0,999.0,0
2025-08-09,A01,3.0,2997.0,999.0,0
2025-08-10,A01,3.0,2997.0,999.0,0
2025-08-11,A01,2.0,1998.0,999.0,0
2025-08-12,A01,7.0,6993.0,999.0,0
2025-08-13,A01,3.0,2997.0,999.0,0
2025-08-14,A01,4.0,3996.0,999.0,0
2025-08-15,A01,5.0,4995.0,999.0,0
2025-08-16,A01,2.0,1998.0,999.0,0
2025-08-17,A01,3.0,2997.0,999.0,0
2025-08-18,A01,5.0,4995.0,999.0,0
2025-08-19,A01,4.0,3996.0,999.0,0
2025-08-20,A01,2.0,1998.0,999.0,0
2025-08-21,A01,3.0,2997.0,999.0,0
2025-08-22,A01,4.0,3996.0,999.0,0
2025-08-23,A01,2.0,1998.0,999.0,0
2025-08-24,A01,3.0,2997.0,999.0,0
2025-08-25,A01,8.0,7992.0,999.0,0
2025-08-26,A01,5.0,4995.0,999.0,0
2025-08-27,A01,6.0,5994.0,999.0,0
2025-08-28,A01,5.0,4995.0,999.0,0
2025-08-29,A01,3.0,2997.0,999.0,0
2025-08-30,A01,3.0,2997.0,999.0,0
2025-08-31,A01,7.0,6993.0,999.0,0
2025-09-01,A01,6.0,5994.0,999.0,0
2025-09-02,A01,7.0,6993.0,999.0,0
2025-09-03,A01,3.0,2997.0,999.0,0
2025-09-04,A01,1.0,999.0,999.0,0
2025-09-05,A01,4.0,3996.0,999.0,0
2025-09-06,A01,6.0,5994.0,999.0,0
2025-09-07,A01,4.0,3996.0,999.0,0
2025-09-08,A01,5.0,4995.0,999.0,0
2025-09-09,A01,5.0,4995.0,999.0,0
2025-09-10,A01,7.0,6993.0,999.0,0
2025-09-11,A01,8.0,7992.0,999.0,0
2025-09-12,A01,1.0,999.0,999.0,0
2025-09-13,A01,10.0,9990.0,999.0,0
2025-09-14,A01,6.0,5994.0,999.0,0
2025-09-15,A01,2.0,1998.0,999.0,0
2025-09-16,A01,7.0,6993.0,999.0,0
2025-09-17,A01,3.0,2997.0,999.0,0
2025-09-18,A01,3.0,2997.0,999.0,0
2025-09-19,A01,1.0,999.0,999.0,0
2025-09-20,A01,8.0,7992.0,999.0,0
2025-09-21,A01,3.0,2997.0,999.0,0
2025-09-22,A01,5.0,4995.0,999.0,0
2025-09-23,A01,7.0,6993.0,999.0,0
2025-09-24,A01,5.0,4995.0,999.0,0
2025-09-25,A01,9.0,8991.0,999.0,0
2025-09-26,A01,6.0,5994.0,999.0,0
2025-09-27,A01,9.0,8991.0,999.0,0
2025-09-28,A01,7.0,6993.0,999.0,0
2025-09-29,A01,3.0,2997.0,999.0,0
2025-09-30,A01,4.0,3996.0,999.0,0
2025-10-01,A01,7.0,6993.0,999.0,0
2025-10-02,A01,3.0,2997.0,999.0,0
2025-10-03,A01,6.0,5994.0,999.0,0
2025-10-04,A01,8.0,7992.0,999.0,0
2025-10-05,A01,5.0,4995.0,999.0,0
2025-10-06,A01,5.0,4995.0,999.0,0
2025-10-07,A01,2.0,1998.0,999.0,0
2025-10-08,A01,5.0,4995.0,999.0,0
2025-10-09,A01,5.0,4995.0,999.0,0
2025-10-10,A01,3.0,2997.0,999.0,0
2025-10-11,A01,4.0,3996.0,999.0,0
2025-10-12,A01,9.0,8991.0,999.0,0
2025-10-13,A01,7.0,6993.0,999.0,0
2025-10-14,A01,3.0,2997.0,999.0,0
2025-10-15,A01,3.0,2547.0,849.0,1
2025-10-16,A01,9.0,7641.0,849.0,1
2025-10-17,A01,12.0,10188.0,849.0,1
2025-10-18,A01,11.0,9339.0,849.0,1
2025-10-19,A01,11.0,9339.0,849.0,1
2025-10-20,A01,10.0,8490.0,849.0,1
2025-10-21,A01,9.0,7641.0,849.0,1
2025-10-22,A01,4.0,3996.0,999.0,0
2025-10-23,A01,8.0,7992.0,999.0,0
2025-10-24,A01,4.0,3996.0,999.0,0
2025-10-25,A01,9.0,8991.0,999.0,0
2025-10-26,A01,9.0,8991.0,999.0,0
2025-10-27,A01,4.0,3996.0,999.0,0
2025-10-28,A01,1.0,999.0,999.0,0
2025-10-29,A01,9.0,8991.0,999.0,0
2025-10-30,A01,8.0,7992.0,999.0,0
2025-10-31,A01,12.0,11988.0,999.0,0
2025-11-01,A01,4.0,3996.0,999.0,0
2025-11-02,A01,4.0,3996.0,999.0,0
2025-11-03,A01,5.0,4995.0,999.0,0
2025-11-04,A01,7.0,6993.0,999.0,0
2025-11-05,A01,8.0,7992.0,999.0,0
2025-11-06,A01,11.0,10989.0,999.0,0
2025-11-07,A01,10.0,9990.0,999.0,0
2025-11-08,A01,4.0,3996.0,999.0,0
2025-11-09,A01,5.0,4995.0,999.0,0
2025-11-10,A01,12.0,11988.0,999.0,0
2025-11-11,A01,7.0,6993.0,999.0,0
2025-11-12,A01,8.0,7992.0,999.0,0
2025-11-13,A01,10.0,9990.0,999.0,0
2025-11-14,A01,6.0,5994.0,999.0,0
2025-11-15,A01,6.0,5994.0,999.0,0
2025-11-16,A01,5.0,4995.0,999.0,0
2025-11-17,A01,5.0,4995.0,999.0,0
2025-11-18,A01,6.0,5994.0,999.0,0
2025-11-19,A01,5.0,4995.0,999.0,0
2025-11-20,A01,7.0,6993.0,999.0,0
2025-11-21,A01,8.0,7992.0,999.0,0
2025-11-22,A01,4.0,3996.0,999.0,0
2025-11-23,A01,6.0,5994.0,999.0,0
2025-11-24,A01,13.0,12987.0,999.0,0
2025-11-25,A01,6.0,5994.0,999.0,0
2025-11-26,A01,4.0,3996.0,999.0,0
2025-11-27,A01,5.0,4995.0,999.0,0
2025-11-28,A01,9.0,8991.0,999.0,0
2025-11-29,A01,5.0,4995.0,999.0,0
2025-11-30,A01,5.0,4995.0,999.0,0
2025-12-01,A01,6.0,5994.0,999.0,0
2025-12-02,A01,5.0,4995.0,999.0,0
2025-12-03,A01,9.0,8991.0,999.0,0
2025-12-04,A01,8.0,7992.0,999.0,0
2025-12-05,A01,6.0,5994.0,999.0,0
2025-12-06,A01,13.0,12987.0,999.0,0
2025-12-07,A01,10.0,9990.0,999.0,0
2025-12-08,A01,7.0,6993.0,999.0,0
2025-12-09,A01,9.0,8991.0,999.0,0
2025-12-10,A01,8.0,7992.0,999.0,0
2025-12-11,A01,7.0,6993.0,999.0,0
2025-12-12,A01,5.0,4995.0,999.0,0
2025-12-13,A01,3.0,2997.0,999.0,0
2025-12-14,A01,8.0,7992.0,999.0,0
2025-12-15,A01,7.0,6993.0,999.0,0
2025-12-16,A01,9.0,8991.0,999.0,0
2025-12-17,A01,7.0,6993.0,999.0,0
2025-12-18,A01,10.0,9990.0,999.0,0
2025-12-19,A01,7.0,6993.0,999.0,0
2025-12-20,A01,3.0,2997.0,999.0,0
2025-12-21,A01,11.0,10989.0,999.0,0
2025-12-22,A01,9.0,8991.0,999.0,0
2025-12-23,A01,5.0,4995.0,999.0,0
2025-12-24,A01,8.0,7992.0,999.0,0
2025-12-25,A01,13.0,12987.0,999.0,0
2025-12-26,A01,4.0,3996.0,999.0,0
2025-12-27,A01,8.0,7992.0,999.0,0
2025-12-28,A01,14.0,13986.0,999.0,0
2025-12-29,A01,5.0,4995.0,999.0,0
2025-12-30,A01,10.0,9990.0,999.0,0
2025-12-31,A01,8.0,7992.0,999.0,0
2026-01-01,A01,9.0,8991.0,999.0,0
2026-01-02,A01,3.0,2997.0,999.0,0
2026-01-03,A01,7.0,6993.0,999.0,0
2026-01-04,A01,7.0,6993.0,999.0,0
2026-01-05,A01,10.0,9990.0,999.0,0
2026-01-06,A01,6.0,5994.0,999.0,0
2026-01-07,A01,7.0,6993.0,999.0,0
2026-01-08,A01,9.0,8991.0,999.0,0
2026-01-09,A01,3.0,2997.0,999.0,0
2026-01-10,A01,6.0,5994.0,999.0,0
2026-01-11,A01,3.0,2997.0,999.0,0
2026-01-12,A01,13.0,12987.0,999.0,0
2026-01-13,A01,8.0,7992.0,999.0,0
2026-01-14,A01,4.0,3996.0,999.0,0
2026-01-15,A01,7.0,6993.0,999.0,0
2026-01-16,A01,5.0,4995.0,999.0,0
2026-01-17,A01,6.0,5994.0,999.0,0
2026-01-18,A01,11.0,10989.0,999.0,0
2026-01-19,A01,4.0,3996.0,999.0,0
2026-01-20,A01,5.0,4995.0,999.0,0
2026-01-21,A01,6.0,5994.0,999.0,0
2026-01-22,A01,8.0,6792.0,849.0,1
2026-01-23,A01,8.0,6792.0,849.0,1
2026-01-24,A01,14.0,11886.0,849.0,1
2026-01-25,A01,9.0,7641.0,849.0,1
2026-01-26,A01,14.0,11886.0,849.0,1
2026-01-27,A01,8.0,6792.0,849.0,1
2026-01-28,A01,11.0,9339.0,849.0,1
2026-01-29,A01,4.0,3996.0,999.0,0
2026-01-30,A01,4.0,3996.0,999.0,0
2026-01-31,A01,11.0,10989.0,999.0,0
2026-02-01,A01,0.0,0.0,999.0,0
2026-02-02,A01,5.0,4995.0,999.0,0
2026-02-03,A01,11.0,10989.0,999.0,0
2026-02-04,A01,3.0,2997.0,999.0,0
2026-02-05,A01,11.0,10989.0,999.0,0
2026-02-06,A01,7.0,6993.0,999.0,0
2026-02-07,A01,5.0,4995.0,999.0,0
2026-02-08,A01,2.0,1998.0,999.0,0
2026-02-09,A01,7.0,6993.0,999.0,0
2026-02-10,A01,5.0,4995.0,999.0,0
2026-02-11,A01,3.0,2997.0,999.0,0
2026-02-12,A01,7.0,6993.0,999.0,0
2026-02-13,A01,10.0,9990.0,999.0,0
2026-02-14,A01,10.0,9990.0,999.0,0
2026-02-15,A01,7.0,6993.0,999.0,0
2026-02-16,A01,4.0,3996.0,999.0,0
2026-02-17,A01,6.0,5994.0,999.0,0
2026-02-18,A01,8.0,7992.0,999.0,0
2026-02-19,A01,6.0,5994.0,999.0,0
2026-02-20,A01,7.0,6993.0,999.0,0
2026-02-21,A01,9.0,8991.0,999.0,0
2026-02-22,A01,8.0,7992.0,999.0,0
2026-02-23,A01,3.0,2997.0,999.0,0
2026-02-24,A01,8.0,7992.0,999.0,0
2026-02-25,A01,8.0,7992.0,999.0,0
2026-02-26,A01,4.0,3996.0,999.0,0
2026-02-27,A01,7.0,6993.0,999.0,0
2026-02-28,A01,5.0,4995.0,999.0,0
2026-03-01,A01,8.0,7992.0,999.0,0
2026-03-02,A01,3.0,2997.0,999.0,0
2026-03-03,A01,6.0,5994.0,999.0,0
2026-03-04,A01,5.0,4995.0,999.0,0
2026-03-05,A01,6.0,5994.0,999.0,0
2026-03-06,A01,6.0,5994.0,999.0,0
2026-03-07,A01,,7992.0,999.0,0
2026-03-08,A01,5.0,4995.0,999.0,0
2026-03-09,A01,1.0,999.0,999.0,0
2026-03-10,A01,5.0,4995.0,999.0,0
2026-03-11,A01,7.0,6993.0,999.0,0
2026-03-12,A01,1.0,999.0,999.0,0
2026-03-13,A01,1.0,999.0,999.0,0
2026-03-14,A01,6.0,5994.0,999.0,0
2026-03-15,A01,3.0,2997.0,999.0,0
2026-03-16,A01,5.0,4995.0,999.0,0
2026-03-17,A01,2.0,1998.0,999.0,0
2026-03-18,A01,3.0,2997.0,999.0,0
2026-03-19,A01,5.0,4995.0,999.0,0
2026-03-20,A01,5.0,4995.0,999.0,0
2026-03-21,A01,3.0,2997.0,999.0,0
2026-03-22,A01,5.0,4995.0,999.0,0
2026-03-23,A01,6.0,5994.0,999.0,0
2026-03-24,A01,2.0,1998.0,999.0,0
2026-03-25,A01,0.0,0.0,999.0,0
2026-03-26,A01,3.0,2997.0,999.0,0
2026-03-27,A01,5.0,4995.0,999.0,0
2026-03-28,A01,7.0,6993.0,999.0,0
2026-03-29,A01,11.0,10989.0,999.0,0
2026-03-30,A01,2.0,1998.0,999.0,0
2026-03-31,A01,5.0,4995.0,999.0,0
2026-04-01,A01,5.0,4995.0,999.0,0
2026-04-02,A01,4.0,3996.0,999.0,0
2026-04-03,A01,4.0,3996.0,999.0,0
2026-04-04,A01,10.0,9990.0,999.0,0
2026-04-05,A01,3.0,2997.0,999.0,0
2026-04-06,A01,8.0,7992.0,999.0,0
2026-04-07,A01,7.0,6993.0,999.0,0
2026-04-08,A01,4.0,3996.0,999.0,0
2026-04-09,A01,2.0,1998.0,999.0,0
2026-04-10,A01,2.0,1998.0,999.0,0
2026-04-11,A01,2.0,1998.0,999.0,0
2026-04-12,A01,7.0,6993.0,999.0,0
2026-04-13,A01,6.0,5994.0,999.0,0
2026-04-14,A01,5.0,4995.0,999.0,0
2026-04-15,A01,4.0,3996.0,999.0,0
2026-04-16,A01,3.0,2997.0,999.0,0
2026-04-17,A01,6.0,5994.0,999.0,0
2026-04-18,A01,7.0,6993.0,999.0,0
2026-04-19,A01,5.0,4995.0,999.0,0
2026-04-20,A01,2.0,1998.0,999.0,0
2026-04-21,A01,5.0,4995.0,999.0,0
2026-04-22,A01,5.0,4995.0,999.0,0
2026-04-23,A01,3.0,2997.0,999.0,0
2026-04-24,A01,3.0,2997.0,999.0,0
2026-04-25,A01,5.0,4995.0,999.0,0
2026-04-26,A01,4.0,3996.0,999.0,0
2026-04-27,A01,4.0,3996.0,999.0,0
2026-04-28,A01,3.0,2997.0,999.0,0
2026-04-29,A01,2.0,1998.0,999.0,0
2026-04-30,A01,3.0,2997.0,999.0,0
2026-05-01,A01,2.0,1998.0,999.0,0
2026-05-02,A01,1.0,999.0,999.0,0
2026-05-03,A01,2.0,1998.0,999.0,0
2026-05-04,A01,3.0,2997.0,999.0,0
2026-05-05,A01,3.0,2997.0,999.0,0
2026-05-06,A01,4.0,3996.0,999.0,0
2026-05-07,A01,2.0,1998.0,999.0,0
2026-05-08,A01,3.0,2997.0,999.0,0
2026-05-09,A01,3.0,2997.0,999.0,0
2026-05-10,A01,4.0,3396.0,849.0,1
2026-05-11,A01,7.0,5943.0,849.0,1
2026-05-12,A01,6.0,5094.0,849.0,1
2026-05-13,A01,4.0,3396.0,849.0,1
2026-05-14,A01,1.0,849.0,849.0,1
2026-05-15,A01,2.0,1698.0,849.0,1
2026-05-16,A01,5.0,4245.0,849.0,1
2026-05-17,A01,4.0,3396.0,849.0,1
2026-05-18,A01,2.0,1698.0,849.0,1
2026-05-19,A01,2.0,1698.0,849.0,1
2026-05-20,A01,1.0,999.0,999.0,0
2026-05-21,A01,2.0,1998.0,999.0,0
2026-05-22,A01,6.0,5994.0,999.0,0
2026-05-23,A01,4.0,3996.0,999.0,0
2026-05-24,A01,2.0,1998.0,999.0,0
2026-05-25,A01,3.0,2997.0,999.0,0
2026-05-26,A01,4.0,3996.0,999.0,0
2026-05-27,A01,1.0,999.0,999.0,0
2026-05-28,A01,2.0,1998.0,999.0,0
2026-05-29,A01,4.0,3996.0,999.0,0
2026-05-30,A01,2.0,1998.0,999.0,0
2026-05-31,A01,1.0,999.0,999.0,0
2026-06-01,A01,5.0,4995.0,999.0,0
2026-06-02,A01,2.0,1998.0,999.0,0
2026-06-03,A01,2.0,1998.0,999.0,0
2026-06-04,A01,3.0,2997.0,999.0,0
2026-06-05,A01,5.0,4995.0,999.0,0
2026-06-06,A01,0.0,0.0,999.0,0
2026-06-07,A01,3.0,2997.0,999.0,0
2026-06-08,A01,0.0,0.0,999.0,0
2026-06-09,A01,0.0,0.0,999.0,0
2026-06-10,A01,4.0,3996.0,999.0,0
2026-06-11,A01,3.0,2997.0,999.0,0
2026-06-12,A01,1.0,999.0,999.0,0
2026-06-13,A01,2.0,1998.0,999.0,0
2026-06-14,A01,1.0,999.0,999.0,0
2026-06-15,A01,5.0,4995.0,999.0,0
2026-06-16,A01,1.0,999.0,999.0,0
2026-06-17,A01,1.0,999.0,999.0,0
2026-06-18,A01,3.0,2997.0,999.0,0
2026-06-19,A01,4.0,3996.0,999.0,0
2026-06-20,A01,1.0,999.0,999.0,0
2026-06-21,A01,1.0,999.0,999.0,0
2026-06-22,A01,4.0,3996.0,999.0,0
2026-06-23,A01,3.0,2997.0,999.0,0
2026-06-24,A01,3.0,2997.0,999.0,0
2026-06-25,A01,2.0,1998.0,999.0,0
2026-06-26,A01,5.0,4995.0,999.0,0
2026-06-27,A01,5.0,4995.0,999.0,0
2026-06-28,A01,2.0,1998.0,999.0,0
2026-06-29,A01,5.0,4995.0,999.0,0
2026-06-30,A01,2.0,1998.0,999.0,0
2026-07-01,A01,2.0,1998.0,999.0,0
2026-07-02,A01,3.0,2997.0,999.0,0
2026-07-03,A01,1.0,999.0,999.0,0
2026-07-04,A01,5.0,4995.0,999.0,0
2026-07-05,A01,2.0,1998.0,999.0,0
2026-07-06,A01,1.0,999.0,999.0,0
2026-07-07,A01,1.0,999.0,999.0,0
2026-07-08,A01,6.0,5994.0,999.0,0
2026-07-09,A01,4.0,3996.0,999.0,0
2026-07-10,A01,2.0,1998.0,999.0,0
2026-07-11,A01,3.0,2997.0,999.0,0
2026-07-12,A01,3.0,2997.0,999.0,0
2026-07-13,A01,1.0,999.0,999.0,0
2026-07-14,A01,5.0,4995.0,999.0,0
2026-07-15,A01,4.0,3996.0,999.0,0
2026-07-16,A01,3.0,2997.0,999.0,0
2026-07-17,A01,3.0,2997.0,999.0,0
2026-07-18,A01,5.0,4995.0,999.0,0
2026-07-19,A01,4.0,3996.0,999.0,0
2026-07-20,A01,2.0,1998.0,999.0,0
2026-07-21,A01,1.0,999.0,999.0,0
2026-07-22,A01,4.0,3996.0,999.0,0
2026-07-23,A01,2.0,1998.0,999.0,0
2026-07-24,A01,2.0,1998.0,999.0,0
2026-07-25,A01,3.0,2997.0,999.0,0
2026-07-26,A01,2.0,1998.0,999.0,0
2026-07-27,A01,3.0,2997.0,999.0,0
2026-07-28,A01,0.0,0.0,999.0,0
2026-07-29,A01,1.0,999.0,999.0,0
2026-07-30,A01,1.0,999.0,999.0,0
2026-07-31,A01,4.0,3996.0,999.0,0
2026-08-01,A01,3.0,2997.0,999.0,0
2026-08-02,A01,3.0,2997.0,999.0,0
2026-08-03,A01,1.0,999.0,999.0,0
2026-08-04,A01,7.0,6993.0,999.0,0
2026-08-05,A01,7.0,6993.0,999.0,0
2026-08-06,A01,2.0,1998.0,999.0,0
2026-08-07,A01,4.0,3996.0,999.0,0
2026-08-08,A01,2.0,1998.0,999.0,0
2026-08-09,A01,4.0,3996.0,999.0,0
2026-08-10,A01,2.0,1998.0,999.0,0
2026-08-11,A01,9.0,8991.0,999.0,0
2026-08-12,A01,7.0,6993.0,999.0,0
2026-08-13,A01,1.0,999.0,999.0,0
2026-08-14,A01,1.0,999.0,999.0,0
2026-08-15,A01,3.0,2997.0,999.0,0
2026-08-16,A01,6.0,5994.0,999.0,0
2026-08-17,A01,6.0,5994.0,999.0,0
2026-08-18,A01,4.0,3996.0,999.0,0
2026-08-19,A01,3.0,2997.0,999.0,0
2026-08-20,A01,5.0,4995.0,999.0,0
2026-08-21,A01,6.0,5994.0,999.0,0
2026-08-22,A01,10.0,9990.0,999.0,0
2026-08-23,A01,9.0,8991.0,999.0,0
2026-08-24,A01,5.0,4995.0,999.0,0
2026-08-25,A01,5.0,4995.0,999.0,0
2026-08-26,A01,4.0,3996.0,999.0,0
2026-08-27,A01,4.0,3996.0,999.0,0
2026-08-28,A01,3.0,2997.0,999.0,0
2026-08-29,A01,5.0,4995.0,999.0,0
2026-08-30,A01,7.0,6993.0,999.0,0
2026-08-31,A01,5.0,4995.0,999.0,0
2026-09-01,A01,3.0,2997.0,999.0,0
2026-09-02,A01,5.0,4995.0,999.0,0
2026-09-03,A01,5.0,4995.0,999.0,0
2026-09-04,A01,1.0,999.0,999.0,0
2026-09-05,A01,7.0,6993.0,999.0,0
2026-09-06,A01,4.0,3996.0,999.0,0
2026-09-07,A01,4.0,3996.0,999.0,0
2026-09-08,A01,3.0,2997.0,999.0,0
2026-09-09,A01,3.0,2997.0,999.0,0
2026-09-10,A01,5.0,4995.0,999.0,0
2026-09-11,A01,3.0,2997.0,999.0,0
2026-09-12,A01,4.0,3996.0,999.0,0
2026-09-13,A01,6.0,5994.0,999.0,0
2026-09-14,A01,6.0,5994.0,999.0,0
2026-09-15,A01,7.0,6993.0,999.0,0
2026-09-16,A01,7.0,6993.0,999.0,0
2026-09-17,A01,4.0,3996.0,999.0,0
2026-09-18,A01,6.0,5994.0,999.0,0
2026-09-19,A01,4.0,3996.0,999.0,0
2026-09-20,A01,9.0,8991.0,999.0,0
2026-09-21,A01,5.0,4995.0,999.0,0
2026-09-22,A01,4.0,3996.0,999.0,0
2026-09-23,A01,6.0,5994.0,999.0,0
2026-09-24,A01,5.0,4995.0,999.0,0
2026-09-25,A01,9.0,8991.0,999.0,0
2026-09-26,A01,5.0,4995.0,999.0,0
2026-09-27,A01,7.0,6993.0,999.0,0
2024-01-01,A02,1.0,1799.0,1799.0,0
2024-01-02,A02,1.0,1799.0,1799.0,0
2024-01-03,A02,1.0,1799.0,1799.0,0
2024-01-04,A02,2.0,3598.0,1799.0,0
2024-01-05,A02,1.0,1799.0,1799.0,0
2024-01-06,A02,2.0,3598.0,1799.0,0
2024-01-07,A02,1.0,1799.0,1799.0,0
2024-01-08,A02,2.0,3598.0,1799.0,0
2024-01-09,A02,0.0,0.0,1799.0,0
2024-01-10,A02,1.0,1799.0,1799.0,0
2024-01-11,A02,2.0,3598.0,1799.0,0
2024-01-12,A02,1.0,1799.0,1799.0,0
2024-01-13,A02,2.0,3598.0,1799.0,0
2024-01-14,A02,3.0,5397.0,1799.0,0
2024-01-15,A02,1.0,1799.0,1799.0,0
2024-01-16,A02,0.0,0.0,1799.0,0
2024-01-17,A02,0.0,0.0,1799.0,0
2024-01-18,A02,1.0,1799.0,1799.0,0
2024-01-19,A02,0.0,0.0,1799.0,0
2024-01-20,A02,3.0,5397.0,1799.0,0
2024-01-21,A02,1.0,1799.0,1799.0,0
2024-01-22,A02,3.0,4587.0,1529.0,1
2024-01-23,A02,1.0,1529.0,1529.0,1
2024-01-24,A02,7.0,10703.0,1529.0,1
2024-01-25,A02,2.0,3058.0,1529.0,1
2024-01-26,A02,2.0,3058.0,1529.0,1
2024-01-27,A02,1.0,1529.0,1529.0,1
2024-01-28,A02,3.0,4587.0,1529.0,1
2024-01-29,A02,0.0,0.0,1799.0,0
2024-01-30,A02,3.0,5397.0,1799.0,0
2024-01-31,A02,1.0,1799.0,1799.0,0
2024-02-01,A02,2.0,3598.0,1799.0,0
2024-02-02,A02,3.0,5397.0,1799.0,0
2024-02-03,A02,2.0,3598.0,1799.0,0
2024-02-04,A02,1.0,1799.0,1799.0,0
2024-02-05,A02,2.0,3598.0,1799.0,0
2024-02-06,A02,1.0,1799.0,1799.0,0
2024-02-07,A02,1.0,1799.0,1799.0,0
2024-02-08,A02,1.0,1799.0,1799.0,0
2024-02-09,A02,2.0,3598.0,1799.0,0
2024-02-10,A02,2.0,3598.0,1799.0,0
2024-02-11,A02,4.0,7196.0,1799.0,0
2024-02-12,A02,3.0,5397.0,1799.0,0
2024-02-13,A02,0.0,0.0,1799.0,0
2024-02-14,A02,4.0,7196.0,1799.0,0
2024-02-15,A02,2.0,3598.0,1799.0,0
2024-02-16,A02,3.0,5397.0,1799.0,0
2024-02-17,A02,2.0,3598.0,1799.0,0
2024-02-18,A02,1.0,1799.0,1799.0,0
2024-02-19,A02,3.0,5397.0,1799.0,0
2024-02-20,A02,2.0,3598.0,1799.0,0
2024-02-21,A02,2.0,3598.0,1799.0,0
2024-02-22,A02,5.0,8995.0,1799.0,0
2024-02-23,A02,3.0,5397.0,1799.0,0
2024-02-24,A02,4.0,7196.0,1799.0,0
2024-02-25,A02,1.0,1799.0,1799.0,0
2024-02-26,A02,4.0,7196.0,1799.0,0
2024-02-27,A02,0.0,0.0,1799.0,0
2024-02-28,A02,3.0,5397.0,1799.0,0
2024-02-29,A02,2.0,3598.0,1799.0,0
2024-03-01,A02,3.0,5397.0,1799.0,0
2024-03-02,A02,3.0,5397.0,1799.0,0
2024-03-03,A02,1.0,1799.0,1799.0,0
2024-03-04,A02,0.0,0.0,1799.0,0
2024-03-05,A02,0.0,0.0,1799.0,0
2024-03-06,A02,1.0,1799.0,1799.0,0
2024-03-07,A02,2.0,3598.0,1799.0,0
2024-03-08,A02,1.0,1799.0,1799.0,0
2024-03-09,A02,3.0,5397.0,1799.0,0
2024-03-10,A02,8.0,14392.0,1799.0,0
2024-03-11,A02,1.0,1799.0,1799.0,0
2024-03-12,A02,1.0,1799.0,1799.0,0
2024-03-13,A02,1.0,1799.0,1799.0,0
2024-03-14,A02,2.0,3598.0,1799.0,0
2024-03-15,A02,5.0,8995.0,1799.0,0
2024-03-16,A02,2.0,3598.0,1799.0,0
2024-03-17,A02,3.0,5397.0,1799.0,0
2024-03-18,A02,2.0,3598.0,1799.0,0
2024-03-19,A02,4.0,7196.0,1799.0,0
2024-03-20,A02,5.0,8995.0,1799.0,0
2024-03-21,A02,5.0,8995.0,1799.0,0
2024-03-22,A02,4.0,7196.0,1799.0,0
2024-03-23,A02,3.0,5397.0,1799.0,0
2024-03-24,A02,0.0,0.0,1799.0,0
2024-03-25,A02,1.0,1799.0,1799.0,0
2024-03-26,A02,2.0,3598.0,1799.0,0
2024-03-27,A02,7.0,12593.0,1799.0,0
2024-03-28,A02,4.0,7196.0,1799.0,0
2024-03-29,A02,2.0,3598.0,1799.0,0
2024-03-30,A02,3.0,5397.0,1799.0,0
2024-03-31,A02,9.0,16191.0,1799.0,0
2024-04-01,A02,2.0,3598.0,1799.0,0
2024-04-02,A02,2.0,3598.0,1799.0,0
2024-04-03,A02,4.0,7196.0,1799.0,0
2024-04-04,A02,2.0,3598.0,1799.0,0
2024-04-05,A02,3.0,5397.0,1799.0,0
2024-04-06,A02,6.0,10794.0,1799.0,0
2024-04-07,A02,0.0,0.0,1799.0,0
2024-04-08,A02,3.0,5397.0,1799.0,0
2024-04-09,A02,3.0,5397.0,1799.0,0
2024-04-10,A02,3.0,5397.0,1799.0,0
2024-04-11,A02,3.0,5397.0,1799.0,0
2024-04-12,A02,2.0,3598.0,1799.0,0
2024-04-13,A02,3.0,5397.0,1799.0,0
2024-04-14,A02,3.0,5397.0,1799.0,0
2024-04-15,A02,6.0,10794.0,1799.0,0
2024-04-16,A02,2.0,3598.0,1799.0,0
2024-04-17,A02,5.0,8995.0,1799.0,0
2024-04-18,A02,4.0,7196.0,1799.0,0
2024-04-19,A02,5.0,8995.0,1799.0,0
2024-04-20,A02,5.0,8995.0,1799.0,0
2024-04-21,A02,4.0,7196.0,1799.0,0
2024-04-22,A02,5.0,8995.0,1799.0,0
2024-04-23,A02,3.0,5397.0,1799.0,0
2024-04-24,A02,5.0,8995.0,1799.0,0
2024-04-25,A02,8.0,14392.0,1799.0,0
2024-04-26,A02,4.0,7196.0,1799.0,0
2024-04-27,A02,3.0,5397.0,1799.0,0
2024-04-28,A02,3.0,5397.0,1799.0,0
2024-04-29,A02,5.0,8995.0,1799.0,0
2024-04-30,A02,6.0,10794.0,1799.0,0
2024-05-01,A02,3.0,5397.0,1799.0,0
2024-05-02,A02,2.0,3598.0,1799.0,0
2024-05-03,A02,4.0,7196.0,1799.0,0
2024-05-04,A02,6.0,10794.0,1799.0,0
2024-05-05,A02,1.0,1799.0,1799.0,0
2024-05-06,A02,6.0,10794.0,1799.0,0
2024-05-07,A02,1.0,1799.0,1799.0,0
2024-05-08,A02,6.0,10794.0,1799.0,0
2024-05-09,A02,5.0,8995.0,1799.0,0
2024-05-10,A02,1.0,1529.0,1529.0,1
2024-05-11,A02,7.0,10703.0,1529.0,1
2024-05-12,A02,9.0,13761.0,1529.0,1
2024-05-13,A02,8.0,12232.0,1529.0,1
2024-05-14,A02,5.0,7645.0,1529.0,1
2024-05-15,A02,7.0,10703.0,1529.0,1
2024-05-16,A02,3.0,4587.0,1529.0,1
2024-05-17,A02,10.0,15290.0,1529.0,1
2024-05-18,A02,11.0,16819.0,1529.0,1
2024-05-19,A02,8.0,12232.0,1529.0,1
2024-05-20,A02,4.0,7196.0,1799.0,0
2024-05-21,A02,5.0,8995.0,1799.0,0
2024-05-22,A02,8.0,14392.0,1799.0,0
2024-05-23,A02,1.0,1799.0,1799.0,0
2024-05-24,A02,4.0,7196.0,1799.0,0
2024-05-25,A02,6.0,10794.0,1799.0,0
2024-05-26,A02,9.0,16191.0,1799.0,0
2024-05-27,A02,5.0,8995.0,1799.0,0
2024-05-28,A02,2.0,3598.0,1799.0,0
2024-05-29,A02,5.0,8995.0,1799.0,0
2024-05-30,A02,7.0,12593.0,1799.0,0
2024-05-31,A02,5.0,8995.0,1799.0,0
2024-06-01,A02,6.0,10794.0,1799.0,0
2024-06-02,A02,3.0,5397.0,1799.0,0
2024-06-03,A02,5.0,8995.0,1799.0,0
2024-06-04,A02,6.0,10794.0,1799.0,0
2024-06-05,A02,5.0,8995.0,1799.0,0
2024-06-06,A02,6.0,10794.0,1799.0,0
2024-06-07,A02,13.0,23387.0,1799.0,0
2024-06-08,A02,7.0,12593.0,1799.0,0
2024-06-09,A02,3.0,5397.0,1799.0,0
2024-06-10,A02,3.0,5397.0,1799.0,0
2024-06-11,A02,5.0,8995.0,1799.0,0
2024-06-12,A02,2.0,3598.0,1799.0,0
2024-06-13,A02,6.0,10794.0,1799.0,0
2024-06-14,A02,2.0,3598.0,1799.0,0
2024-06-15,A02,2.0,3598.0,1799.0,0
2024-06-16,A02,7.0,12593.0,1799.0,0
2024-06-17,A02,1.0,1799.0,1799.0,0
2024-06-18,A02,7.0,12593.0,1799.0,0
2024-06-19,A02,4.0,7196.0,1799.0,0
2024-06-20,A02,3.0,5397.0,1799.0,0
2024-06-21,A02,1.0,1799.0,1799.0,0
2024-06-22,A02,2.0,3598.0,1799.0,0
2024-06-23,A02,2.0,3598.0,1799.0,0
2024-06-24,A02,4.0,7196.0,1799.0,0
2024-06-25,A02,1.0,1799.0,1799.0,0
2024-06-26,A02,8.0,14392.0,1799.0,0
2024-06-27,A02,8.0,14392.0,1799.0,0
2024-06-28,A02,5.0,8995.0,1799.0,0
2024-06-29,A02,4.0,7196.0,1799.0,0
2024-06-30,A02,5.0,8995.0,1799.0,0
2024-07-01,A02,3.0,5397.0,1799.0,0
2024-07-02,A02,6.0,10794.0,1799.0,0
2024-07-03,A02,3.0,5397.0,1799.0,0
2024-07-04,A02,3.0,5397.0,1799.0,0
2024-07-05,A02,2.0,3598.0,1799.0,0
2024-07-06,A02,5.0,8995.0,1799.0,0
2024-07-07,A02,4.0,7196.0,1799.0,0
2024-07-08,A02,1.0,1799.0,1799.0,0
2024-07-09,A02,4.0,7196.0,1799.0,0
2024-07-10,A02,3.0,5397.0,1799.0,0
2024-07-11,A02,7.0,12593.0,1799.0,0
2024-07-12,A02,,3598.0,1799.0,0
2024-07-13,A02,7.0,12593.0,1799.0,0
2024-07-14,A02,6.0,10794.0,1799.0,0
2024-07-15,A02,10.0,17990.0,1799.0,0
2024-07-16,A02,7.0,12593.0,1799.0,0
2024-07-17,A02,4.0,7196.0,1799.0,0
2024-07-18,A02,2.0,3598.0,1799.0,0
2024-07-19,A02,7.0,12593.0,1799.0,0
2024-07-20,A02,3.0,5397.0,1799.0,0
2024-07-21,A02,6.0,10794.0,1799.0,0
2024-07-22,A02,5.0,8995.0,1799.0,0
2024-07-23,A02,2.0,3598.0,1799.0,0
2024-07-24,A02,5.0,8995.0,1799.0,0
2024-07-25,A02,7.0,12593.0,1799.0,0
2024-07-26,A02,4.0,7196.0,1799.0,0
2024-07-27,A02,5.0,8995.0,1799.0,0
2024-07-28,A02,8.0,14392.0,1799.0,0
2024-07-29,A02,4.0,7196.0,1799.0,0
2024-07-30,A02,7.0,12593.0,1799.0,0
2024-07-31,A02,2.0,3598.0,1799.0,0
2024-08-01,A02,1.0,1799.0,1799.0,0
2024-08-02,A02,6.0,10794.0,1799.0,0
2024-08-03,A02,3.0,5397.0,1799.0,0
2024-08-04,A02,5.0,8995.0,1799.0,0
2024-08-05,A02,6.0,10794.0,1799.0,0
2024-08-06,A02,3.0,5397.0,1799.0,0
2024-08-07,A02,2.0,3598.0,1799.0,0
2024-08-08,A02,1.0,1799.0,1799.0,0
2024-08-09,A02,3.0,5397.0,1799.0,0
2024-08-10,A02,4.0,7196.0,1799.0,0
2024-08-11,A02,5.0,8995.0,1799.0,0
2024-08-12,A02,4.0,7196.0,1799.0,0
2024-08-13,A02,4.0,7196.0,1799.0,0
2024-08-14,A02,5.0,8995.0,1799.0,0
2024-08-15,A02,4.0,7196.0,1799.0,0
2024-08-16,A02,3.0,5397.0,1799.0,0
2024-08-17,A02,5.0,8995.0,1799.0,0
2024-08-18,A02,7.0,12593.0,1799.0,0
2024-08-19,A02,8.0,14392.0,1799.0,0
2024-08-20,A02,5.0,8995.0,1799.0,0
2024-08-21,A02,3.0,5397.0,1799.0,0
2024-08-22,A02,3.0,5397.0,1799.0,0
2024-08-23,A02,5.0,8995.0,1799.0,0
2024-08-24,A02,1.0,1799.0,1799.0,0
2024-08-25,A02,8.0,14392.0,1799.0,0
2024-08-26,A02,5.0,8995.0,1799.0,0
2024-08-27,A02,4.0,7196.0,1799.0,0
2024-08-28,A02,5.0,8995.0,1799.0,0
2024-08-29,A02,2.0,3598.0,1799.0,0
2024-08-30,A02,1.0,1799.0,1799.0,0
2024-08-31,A02,4.0,7196.0,1799.0,0
2024-09-01,A02,8.0,14392.0,1799.0,0
2024-09-02,A02,5.0,8995.0,1799.0,0
2024-09-03,A02,4.0,7196.0,1799.0,0
2024-09-04,A02,5.0,8995.0,1799.0,0
2024-09-05,A02,9.0,16191.0,1799.0,0
2024-09-06,A02,3.0,5397.0,1799.0,0
2024-09-07,A02,3.0,5397.0,1799.0,0
2024-09-08,A02,4.0,7196.0,1799.0,0
2024-09-09,A02,3.0,5397.0,1799.0,0
2024-09-10,A02,3.0,5397.0,1799.0,0
2024-09-11,A02,5.0,8995.0,1799.0,0
2024-09-12,A02,2.0,3598.0,1799.0,0
2024-09-13,A02,2.0,3598.0,1799.0,0
2024-09-14,A02,4.0,7196.0,1799.0,0
2024-09-15,A02,6.0,10794.0,1799.0,0
2024-09-16,A02,3.0,5397.0,1799.0,0
2024-09-17,A02,2.0,3598.0,1799.0,0
2024-09-18,A02,6.0,10794.0,1799.0,0
2024-09-19,A02,1.0,1799.0,1799.0,0
2024-09-20,A02,4.0,7196.0,1799.0,0
2024-09-21,A02,5.0,8995.0,1799.0,0
2024-09-22,A02,3.0,5397.0,1799.0,0
2024-09-23,A02,9.0,16191.0,1799.0,0
2024-09-24,A02,5.0,8995.0,1799.0,0
2024-09-25,A02,4.0,7196.0,1799.0,0
2024-09-26,A02,1.0,1799.0,1799.0,0
2024-09-27,A02,2.0,3598.0,1799.0,0
2024-09-28,A02,4.0,7196.0,1799.0,0
2024-09-29,A02,5.0,8995.0,1799.0,0
2024-09-30,A02,5.0,8995.0,1799.0,0
2024-10-01,A02,3.0,5397.0,1799.0,0
2024-10-02,A02,0.0,0.0,1799.0,0
2024-10-03,A02,1.0,1799.0,1799.0,0
2024-10-04,A02,2.0,3598.0,1799.0,0
2024-10-05,A02,1.0,1799.0,1799.0,0
2024-10-06,A02,4.0,7196.0,1799.0,0
2024-10-07,A02,0.0,0.0,1799.0,0
2024-10-08,A02,2.0,3598.0,1799.0,0
2024-10-09,A02,2.0,3598.0,1799.0,0
2024-10-10,A02,4.0,7196.0,1799.0,0
2024-10-11,A02,3.0,5397.0,1799.0,0
2024-10-12,A02,2.0,3598.0,1799.0,0
2024-10-13,A02,1.0,1799.0,1799.0,0
2024-10-14,A02,3.0,5397.0,1799.0,0
2024-10-15,A02,3.0,5397.0,1799.0,0
2024-10-16,A02,1.0,1799.0,1799.0,0
2024-10-17,A02,2.0,3598.0,1799.0,0
2024-10-18,A02,3.0,5397.0,1799.0,0
2024-10-19,A02,3.0,5397.0,1799.0,0
2024-10-20,A02,2.0,3598.0,1799.0,0
2024-10-21,A02,2.0,3598.0,1799.0,0
2024-10-22,A02,2.0,3598.0,1799.0,0
2024-10-23,A02,1.0,1799.0,1799.0,0
2024-10-24,A02,2.0,3598.0,1799.0,0
2024-10-25,A02,5.0,8995.0,1799.0,0
2024-10-26,A02,2.0,3598.0,1799.0,0
2024-10-27,A02,0.0,0.0,1799.0,0
2024-10-28,A02,3.0,4587.0,1529.0,1
2024-10-29,A02,3.0,4587.0,1529.0,1
2024-10-30,A02,2.0,3058.0,1529.0,1
2024-10-31,A02,3.0,4587.0,1529.0,1
2024-11-01,A02,5.0,7645.0,1529.0,1
2024-11-02,A02,4.0,6116.0,1529.0,1
2024-11-03,A02,,1529.0,1529.0,1
2024-11-04,A02,1.0,1799.0,1799.0,0
2024-11-05,A02,4.0,7196.0,1799.0,0
2024-11-06,A02,1.0,1799.0,1799.0,0
2024-11-07,A02,2.0,3598.0,1799.0,0
2024-11-08,A02,0.0,0.0,1799.0,0
2024-11-09,A02,1.0,1799.0,1799.0,0
2024-11-10,A02,0.0,0.0,1799.0,0
2024-11-11,A02,1.0,1799.0,1799.0,0
2024-11-12,A02,0.0,0.0,1799.0,0
2024-11-13,A02,2.0,3598.0,1799.0,0
2024-11-14,A02,1.0,1799.0,1799.0,0
2024-11-15,A02,3.0,5397.0,1799.0,0
2024-11-16,A02,1.0,1799.0,1799.0,0
2024-11-17,A02,1.0,1799.0,1799.0,0
2024-11-18,A02,1.0,1799.0,1799.0,0
2024-11-19,A02,7.0,12593.0,1799.0,0
2024-11-20,A02,4.0,7196.0,1799.0,0
2024-11-21,A02,3.0,5397.0,1799.0,0
2024-11-22,A02,1.0,1799.0,1799.0,0
2024-11-23,A02,2.0,3598.0,1799.0,0
2024-11-24,A02,0.0,0.0,1799.0,0
2024-11-25,A02,1.0,1799.0,1799.0,0
2024-11-26,A02,2.0,3598.0,1799.0,0
2024-11-27,A02,2.0,3598.0,1799.0,0
2024-11-28,A02,3.0,5397.0,1799.0,0
2024-11-29,A02,3.0,5397.0,1799.0,0
2024-11-30,A02,1.0,1799.0,1799.0,0
2024-12-01,A02,2.0,3598.0,1799.0,0
2024-12-02,A02,3.0,5397.0,1799.0,0
2024-12-03,A02,0.0,0.0,1799.0,0
2024-12-04,A02,3.0,5397.0,1799.0,0
2024-12-05,A02,5.0,8995.0,1799.0,0
2024-12-06,A02,1.0,1799.0,1799.0,0
2024-12-07,A02,1.0,1799.0,1799.0,0
2024-12-08,A02,2.0,3598.0,1799.0,0
2024-12-09,A02,1.0,1799.0,1799.0,0
2024-12-10,A02,0.0,0.0,1799.0,0
2024-12-11,A02,2.0,3598.0,1799.0,0
2024-12-12,A02,1.0,1799.0,1799.0,0
2024-12-13,A02,1.0,1799.0,1799.0,0
2024-12-14,A02,4.0,7196.0,1799.0,0
2024-12-15,A02,1.0,1799.0,1799.0,0
2024-12-16,A02,1.0,1799.0,1799.0,0
2024-12-17,A02,1.0,1799.0,1799.0,0
2024-12-18,A02,1.0,1799.0,1799.0,0
2024-12-19,A02,1.0,1799.0,1799.0,0
2024-12-20,A02,1.0,1799.0,1799.0,0
2024-12-21,A02,1.0,1799.0,1799.0,0
2024-12-22,A02,4.0,7196.0,1799.0,0
2024-12-23,A02,1.0,1799.0,1799.0,0
2024-12-24,A02,4.0,7196.0,1799.0,0
2024-12-25,A02,2.0,3598.0,1799.0,0
2024-12-26,A02,4.0,7196.0,1799.0,0
2024-12-27,A02,1.0,1799.0,1799.0,0
2024-12-28,A02,1.0,1799.0,1799.0,0
2024-12-29,A02,2.0,3598.0,1799.0,0
2024-12-30,A02,0.0,0.0,1799.0,0
2024-12-31,A02,1.0,1799.0,1799.0,0
2025-01-01,A02,1.0,1799.0,1799.0,0
2025-01-02,A02,1.0,1799.0,1799.0,0
2025-01-03,A02,0.0,0.0,1799.0,0
2025-01-04,A02,4.0,7196.0,1799.0,0
2025-01-05,A02,1.0,1799.0,1799.0,0
2025-01-06,A02,1.0,1799.0,1799.0,0
2025-01-07,A02,0.0,0.0,1799.0,0
2025-01-08,A02,1.0,1799.0,1799.0,0
2025-01-09,A02,3.0,5397.0,1799.0,0
2025-01-10,A02,2.0,3598.0,1799.0,0
2025-01-11,A02,1.0,1799.0,1799.0,0
2025-01-12,A02,3.0,5397.0,1799.0,0
2025-01-13,A02,0.0,0.0,1799.0,0
2025-01-14,A02,2.0,3598.0,1799.0,0
2025-01-15,A02,1.0,1799.0,1799.0,0
2025-01-16,A02,2.0,3598.0,1799.0,0
2025-01-17,A02,3.0,5397.0,1799.0,0
2025-01-18,A02,5.0,8995.0,1799.0,0
2025-01-19,A02,4.0,7196.0,1799.0,0
2025-01-20,A02,2.0,3598.0,1799.0,0
2025-01-21,A02,2.0,3598.0,1799.0,0
2025-01-22,A02,1.0,1529.0,1529.0,1
2025-01-23,A02,1.0,1529.0,1529.0,1
2025-01-24,A02,2.0,3058.0,1529.0,1
2025-01-25,A02,5.0,7645.0,1529.0,1
2025-01-26,A02,3.0,4587.0,1529.0,1
2025-01-27,A02,3.0,4587.0,1529.0,1
2025-01-28,A02,2.0,3058.0,1529.0,1
2025-01-29,A02,4.0,7196.0,1799.0,0
2025-01-30,A02,4.0,7196.0,1799.0,0
2025-01-31,A02,6.0,10794.0,1799.0,0
2025-02-01,A02,8.0,14392.0,1799.0,0
2025-02-02,A02,5.0,8995.0,1799.0,0
2025-02-03,A02,5.0,8995.0,1799.0,0
2025-02-04,A02,1.0,1799.0,1799.0,0
2025-02-05,A02,5.0,8995.0,1799.0,0
2025-02-06,A02,1.0,1799.0,1799.0,0
2025-02-07,A02,2.0,3598.0,1799.0,0
2025-02-08,A02,3.0,5397.0,1799.0,0
2025-02-09,A02,3.0,5397.0,1799.0,0
2025-02-10,A02,5.0,8995.0,1799.0,0
2025-02-11,A02,2.0,3598.0,1799.0,0
2025-02-12,A02,3.0,5397.0,1799.0,0
2025-02-13,A02,1.0,1799.0,1799.0,0
2025-02-14,A02,6.0,10794.0,1799.0,0
2025-02-15,A02,0.0,0.0,1799.0,0
2025-02-16,A02,3.0,5397.0,1799.0,0
2025-02-17,A02,3.0,5397.0,1799.0,0
2025-02-18,A02,4.0,7196.0,1799.0,0
2025-02-19,A02,1.0,1799.0,1799.0,0
2025-02-20,A02,1.0,1799.0,1799.0,0
2025-02-21,A02,3.0,5397.0,1799.0,0
2025-02-22,A02,6.0,10794.0,1799.0,0
2025-02-23,A02,3.0,5397.0,1799.0,0
2025-02-24,A02,3.0,5397.0,1799.0,0
2025-02-25,A02,0.0,0.0,1799.0,0
2025-02-26,A02,4.0,7196.0,1799.0,0
2025-02-27,A02,7.0,12593.0,1799.0,0
2025-02-28,A02,7.0,12593.0,1799.0,0
2025-03-01,A02,3.0,5397.0,1799.0,0
2025-03-02,A02,6.0,10794.0,1799.0,0
2025-03-03,A02,1.0,1799.0,1799.0,0
2025-03-04,A02,2.0,3598.0,1799.0,0
2025-03-05,A02,3.0,5397.0,1799.0,0
2025-03-06,A02,3.0,5397.0,1799.0,0
2025-03-07,A02,6.0,10794.0,1799.0,0
2025-03-08,A02,3.0,5397.0,1799.0,0
2025-03-09,A02,6.0,10794.0,1799.0,0
2025-03-10,A02,3.0,5397.0,1799.0,0
2025-03-11,A02,4.0,7196.0,1799.0,0
2025-03-12,A02,3.0,5397.0,1799.0,0
2025-03-13,A02,3.0,5397.0,1799.0,0
2025-03-14,A02,1.0,1799.0,1799.0,0
2025-03-15,A02,5.0,8995.0,1799.0,0
2025-03-16,A02,4.0,7196.0,1799.0,0
2025-03-17,A02,3.0,5397.0,1799.0,0
2025-03-18,A02,3.0,5397.0,1799.0,0
2025-03-19,A02,5.0,8995.0,1799.0,0
2025-03-20,A02,5.0,8995.0,1799.0,0
2025-03-21,A02,0.0,0.0,1799.0,0
2025-03-22,A02,4.0,7196.0,1799.0,0
2025-03-23,A02,3.0,5397.0,1799.0,0
2025-03-24,A02,4.0,7196.0,1799.0,0
2025-03-25,A02,6.0,10794.0,1799.0,0
2025-03-26,A02,2.0,3598.0,1799.0,0
2025-03-27,A02,5.0,8995.0,1799.0,0
2025-03-28,A02,7.0,12593.0,1799.0,0
2025-03-29,A02,6.0,10794.0,1799.0,0
2025-03-30,A02,5.0,8995.0,1799.0,0
2025-03-31,A02,7.0,12593.0,1799.0,0
2025-04-01,A02,2.0,3598.0,1799.0,0
2025-04-02,A02,3.0,5397.0,1799.0,0
2025-04-03,A02,5.0,8995.0,1799.0,0
2025-04-04,A02,5.0,8995.0,1799.0,0
2025-04-05,A02,5.0,8995.0,1799.0,0
2025-04-06,A02,7.0,12593.0,1799.0,0
2025-04-07,A02,3.0,5397.0,1799.0,0
2025-04-08,A02,5.0,8995.0,1799.0,0
2025-04-09,A02,7.0,12593.0,1799.0,0
2025-04-10,A02,2.0,3598.0,1799.0,0
2025-04-11,A02,4.0,7196.0,1799.0,0
2025-04-12,A02,4.0,7196.0,1799.0,0
2025-04-13,A02,7.0,12593.0,1799.0,0
2025-04-14,A02,4.0,7196.0,1799.0,0
2025-04-15,A02,1.0,1799.0,1799.0,0
2025-04-16,A02,5.0,8995.0,1799.0,0
2025-04-17,A02,5.0,8995.0,1799.0,0
2025-04-18,A02,4.0,7196.0,1799.0,0
2025-04-19,A02,8.0,14392.0,1799.0,0
2025-04-20,A02,5.0,8995.0,1799.0,0
2025-04-21,A02,3.0,5397.0,1799.0,0
2025-04-22,A02,3.0,5397.0,1799.0,0
2025-04-23,A02,3.0,5397.0,1799.0,0
2025-04-24,A02,3.0,5397.0,1799.0,0
2025-04-25,A02,5.0,8995.0,1799.0,0
2025-04-26,A02,1.0,1799.0,1799.0,0
2025-04-27,A02,3.0,5397.0,1799.0,0
2025-04-28,A02,2.0,3598.0,1799.0,0
2025-04-29,A02,6.0,10794.0,1799.0,0
2025-04-30,A02,2.0,3598.0,1799.0,0
2025-05-01,A02,2.0,3598.0,1799.0,0
2025-05-02,A02,6.0,10794.0,1799.0,0
2025-05-03,A02,6.0,10794.0,1799.0,0
2025-05-04,A02,2.0,3598.0,1799.0,0
2025-05-05,A02,5.0,8995.0,1799.0,0
2025-05-06,A02,6.0,10794.0,1799.0,0
2025-05-07,A02,3.0,5397.0,1799.0,0
2025-05-08,A02,3.0,5397.0,1799.0,0
2025-05-09,A02,10.0,17990.0,1799.0,0
2025-05-10,A02,10.0,15290.0,1529.0,1
2025-05-11,A02,3.0,4587.0,1529.0,1
2025-05-12,A02,8.0,12232.0,1529.0,1
2025-05-13,A02,5.0,7645.0,1529.0,1
2025-05-14,A02,6.0,9174.0,1529.0,1
2025-05-15,A02,11.0,16819.0,1529.0,1
2025-05-16,A02,7.0,10703.0,1529.0,1
2025-05-17,A02,3.0,4587.0,1529.0,1
2025-05-18,A02,10.0,15290.0,1529.0,1
2025-05-19,A02,6.0,9174.0,1529.0,1
2025-05-20,A02,6.0,10794.0,1799.0,0
2025-05-21,A02,8.0,14392.0,1799.0,0
2025-05-22,A02,5.0,8995.0,1799.0,0
2025-05-23,A02,10.0,17990.0,1799.0,0
2025-05-24,A02,2.0,3598.0,1799.0,0
2025-05-25,A02,6.0,10794.0,1799.0,0
2025-05-26,A02,8.0,14392.0,1799.0,0
2025-05-27,A02,5.0,8995.0,1799.0,0
2025-05-28,A02,2.0,3598.0,1799.0,0
2025-05-29,A02,7.0,12593.0,1799.0,0
2025-05-30,A02,13.0,23387.0,1799.0,0
2025-05-31,A02,8.0,14392.0,1799.0,0
2025-06-01,A02,8.0,14392.0,1799.0,0
2025-06-02,A02,7.0,12593.0,1799.0,0
2025-06-03,A02,1.0,1799.0,1799.0,0
2025-06-04,A02,11.0,19789.0,1799.0,0
2025-06-05,A02,9.0,16191.0,1799.0,0
2025-06-06,A02,3.0,5397.0,1799.0,0
2025-06-07,A02,4.0,7196.0,1799.0,0
2025-06-08,A02,11.0,19789.0,1799.0,0
2025-06-09,A02,6.0,10794.0,1799.0,0
2025-06-10,A02,8.0,14392.0,1799.0,0
2025-06-11,A02,8.0,14392.0,1799.0,0
2025-06-12,A02,5.0,8995.0,1799.0,0
2025-06-13,A02,5.0,8995.0,1799.0,0
2025-06-14,A02,3.0,5397.0,1799.0,0
2025-06-15,A02,11.0,19789.0,1799.0,0
2025-06-16,A02,6.0,10794.0,1799.0,0
2025-06-17,A02,3.0,5397.0,1799.0,0
2025-06-18,A02,6.0,10794.0,1799.0,0
2025-06-19,A02,2.0,3598.0,1799.0,0
2025-06-20,A02,2.0,3598.0,1799.0,0
2025-06-21,A02,2.0,3598.0,1799.0,0
2025-06-22,A02,9.0,16191.0,1799.0,0
2025-06-23,A02,8.0,14392.0,1799.0,0
2025-06-24,A02,5.0,8995.0,1799.0,0
2025-06-25,A02,5.0,8995.0,1799.0,0
2025-06-26,A02,8.0,14392.0,1799.0,0
2025-06-27,A02,5.0,8995.0,1799.0,0
2025-06-28,A02,3.0,5397.0,1799.0,0
2025-06-29,A02,6.0,10794.0,1799.0,0
2025-06-30,A02,5.0,8995.0,1799.0,0
2025-07-01,A02,4.0,7196.0,1799.0,0
2025-07-02,A02,8.0,14392.0,1799.0,0
2025-07-03,A02,7.0,12593.0,1799.0,0
2025-07-04,A02,1.0,1799.0,1799.0,0
2025-07-05,A02,4.0,7196.0,1799.0,0
2025-07-06,A02,4.0,7196.0,1799.0,0
2025-07-07,A02,5.0,8995.0,1799.0,0
2025-07-08,A02,5.0,8995.0,1799.0,0
2025-07-09,A02,6.0,10794.0,1799.0,0
2025-07-10,A02,5.0,8995.0,1799.0,0
2025-07-11,A02,4.0,7196.0,1799.0,0
2025-07-12,A02,3.0,5397.0,1799.0,0
2025-07-13,A02,13.0,23387.0,1799.0,0
2025-07-14,A02,6.0,10794.0,1799.0,0
2025-07-15,A02,6.0,10794.0,1799.0,0
2025-07-16,A02,12.0,21588.0,1799.0,0
2025-07-17,A02,6.0,10794.0,1799.0,0
2025-07-18,A02,11.0,19789.0,1799.0,0
2025-07-19,A02,8.0,14392.0,1799.0,0
2025-07-20,A02,10.0,17990.0,1799.0,0
2025-07-21,A02,3.0,5397.0,1799.0,0
2025-07-22,A02,6.0,10794.0,1799.0,0
2025-07-23,A02,4.0,7196.0,1799.0,0
2025-07-24,A02,5.0,8995.0,1799.0,0
2025-07-25,A02,5.0,8995.0,1799.0,0
2025-07-26,A02,6.0,10794.0,1799.0,0
2025-07-27,A02,9.0,16191.0,1799.0,0
2025-07-28,A02,5.0,8995.0,1799.0,0
2025-07-29,A02,5.0,8995.0,1799.0,0
2025-07-30,A02,7.0,12593.0,1799.0,0
2025-07-31,A02,5.0,8995.0,1799.0,0
2025-08-01,A02,4.0,7196.0,1799.0,0
2025-08-02,A02,3.0,5397.0,1799.0,0
2025-08-03,A02,5.0,8995.0,1799.0,0
2025-08-04,A02,4.0,7196.0,1799.0,0
2025-08-05,A02,5.0,8995.0,1799.0,0
2025-08-06,A02,6.0,10794.0,1799.0,0
2025-08-07,A02,5.0,8995.0,1799.0,0
2025-08-08,A02,7.0,12593.0,1799.0,0
2025-08-09,A02,8.0,14392.0,1799.0,0
2025-08-10,A02,4.0,7196.0,1799.0,0
2025-08-11,A02,4.0,7196.0,1799.0,0
2025-08-12,A02,2.0,3598.0,1799.0,0
2025-08-13,A02,4.0,7196.0,1799.0,0
2025-08-14,A02,4.0,7196.0,1799.0,0
2025-08-15,A02,4.0,7196.0,1799.0,0
2025-08-16,A02,3.0,5397.0,1799.0,0
2025-08-17,A02,5.0,8995.0,1799.0,0
2025-08-18,A02,4.0,7196.0,1799.0,0
2025-08-19,A02,5.0,8995.0,1799.0,0
2025-08-20,A02,4.0,7196.0,1799.0,0
2025-08-21,A02,6.0,10794.0,1799.0,0
2025-08-22,A02,6.0,10794.0,1799.0,0
2025-08-23,A02,5.0,8995.0,1799.0,0
2025-08-24,A02,8.0,14392.0,1799.0,0
2025-08-25,A02,3.0,5397.0,1799.0,0
2025-08-26,A02,2.0,3598.0,1799.0,0
2025-08-27,A02,1.0,1799.0,1799.0,0
2025-08-28,A02,2.0,3598.0,1799.0,0
2025-08-29,A02,3.0,5397.0,1799.0,0
2025-08-30,A02,2.0,3598.0,1799.0,0
2025-08-31,A02,5.0,8995.0,1799.0,0
2025-09-01,A02,4.0,7196.0,1799.0,0
2025-09-02,A02,5.0,8995.0,1799.0,0
2025-09-03,A02,9.0,16191.0,1799.0,0
2025-09-04,A02,7.0,12593.0,1799.0,0
2025-09-05,A02,5.0,8995.0,1799.0,0
2025-09-06,A02,8.0,14392.0,1799.0,0
2025-09-07,A02,7.0,12593.0,1799.0,0
2025-09-08,A02,1.0,1799.0,1799.0,0
2025-09-09,A02,3.0,5397.0,1799.0,0
2025-09-10,A02,7.0,12593.0,1799.0,0
2025-09-11,A02,8.0,14392.0,1799.0,0
2025-09-12,A02,5.0,8995.0,1799.0,0
2025-09-13,A02,6.0,10794.0,1799.0,0
2025-09-14,A02,4.0,7196.0,1799.0,0
2025-09-15,A02,2.0,3598.0,1799.0,0
2025-09-16,A02,4.0,7196.0,1799.0,0
2025-09-17,A02,2.0,3598.0,1799.0,0
2025-09-18,A02,6.0,10794.0,1799.0,0
2025-09-19,A02,4.0,7196.0,1799.0,0
2025-09-20,A02,5.0,8995.0,1799.0,0
2025-09-21,A02,4.0,7196.0,1799.0,0
2025-09-22,A02,4.0,7196.0,1799.0,0
2025-09-23,A02,2.0,3598.0,1799.0,0
2025-09-24,A02,6.0,10794.0,1799.0,0
2025-09-25,A02,2.0,3598.0,1799.0,0
2025-09-26,A02,2.0,3598.0,1799.0,0
2025-09-27,A02,5.0,8995.0,1799.0,0
2025-09-28,A02,3.0,5397.0,1799.0,0
2025-09-29,A02,3.0,5397.0,1799.0,0
2025-09-30,A02,3.0,5397.0,1799.0,0
2025-10-01,A02,4.0,7196.0,1799.0,0
2025-10-02,A02,4.0,7196.0,1799.0,0
2025-10-03,A02,5.0,8995.0,1799.0,0
2025-10-04,A02,4.0,7196.0,1799.0,0
2025-10-05,A02,1.0,1799.0,1799.0,0
2025-10-06,A02,1.0,1799.0,1799.0,0
2025-10-07,A02,7.0,12593.0,1799.0,0
2025-10-08,A02,2.0,3598.0,1799.0,0
2025-10-09,A02,6.0,10794.0,1799.0,0
2025-10-10,A02,3.0,5397.0,1799.0,0
2025-10-11,A02,10.0,17990.0,1799.0,0
2025-10-12,A02,2.0,3598.0,1799.0,0
2025-10-13,A02,4.0,7196.0,1799.0,0
2025-10-14,A02,2.0,3598.0,1799.0,0
2025-10-15,A02,4.0,6116.0,1529.0,1
2025-10-16,A02,3.0,4587.0,1529.0,1
2025-10-17,A02,5.0,7645.0,1529.0,1
2025-10-18,A02,5.0,7645.0,1529.0,1
2025-10-19,A02,4.0,6116.0,1529.0,1
2025-10-20,A02,3.0,4587.0,1529.0,1
2025-10-21,A02,5.0,7645.0,1529.0,1
2025-10-22,A02,2.0,3598.0,1799.0,0
2025-10-23,A02,4.0,7196.0,1799.0,0
2025-10-24,A02,3.0,5397.0,1799.0,0
2025-10-25,A02,5.0,8995.0,1799.0,0
2025-10-26,A02,1.0,1799.0,1799.0,0
2025-10-27,A02,1.0,1799.0,1799.0,0
2025-10-28,A02,4.0,7196.0,1799.0,0
2025-10-29,A02,0.0,0.0,1799.0,0
2025-10-30,A02,1.0,1799.0,1799.0,0
2025-10-31,A02,3.0,5397.0,1799.0,0
2025-11-01,A02,1.0,1799.0,1799.0,0
2025-11-02,A02,2.0,3598.0,1799.0,0
2025-11-03,A02,2.0,3598.0,1799.0,0
2025-11-04,A02,2.0,3598.0,1799.0,0
2025-11-05,A02,1.0,1799.0,1799.0,0
2025-11-06,A02,4.0,7196.0,1799.0,0
2025-11-07,A02,3.0,5397.0,1799.0,0
2025-11-08,A02,2.0,3598.0,1799.0,0
2025-11-09,A02,1.0,1799.0,1799.0,0
2025-11-10,A02,1.0,1799.0,1799.0,0
2025-11-11,A02,2.0,3598.0,1799.0,0
2025-11-12,A02,0.0,0.0,1799.0,0
2025-11-13,A02,0.0,0.0,1799.0,0
2025-11-14,A02,1.0,1799.0,1799.0,0
2025-11-15,A02,1.0,1799.0,1799.0,0
2025-11-16,A02,3.0,5397.0,1799.0,0
2025-11-17,A02,4.0,7196.0,1799.0,0
2025-11-18,A02,2.0,3598.0,1799.0,0
2025-11-19,A02,6.0,10794.0,1799.0,0
2025-11-20,A02,3.0,5397.0,1799.0,0
2025-11-21,A02,3.0,5397.0,1799.0,0
2025-11-22,A02,1.0,1799.0,1799.0,0
2025-11-23,A02,4.0,7196.0,1799.0,0
2025-11-24,A02,5.0,8995.0,1799.0,0
2025-11-25,A02,1.0,1799.0,1799.0,0
2025-11-26,A02,4.0,7196.0,1799.0,0
2025-11-27,A02,0.0,0.0,1799.0,0
2025-11-28,A02,0.0,0.0,1799.0,0
2025-11-29,A02,3.0,5397.0,1799.0,0
2025-11-30,A02,1.0,1799.0,1799.0,0
2025-12-01,A02,2.0,3598.0,1799.0,0
2025-12-02,A02,3.0,5397.0,1799.0,0
2025-12-03,A02,2.0,3598.0,1799.0,0
2025-12-04,A02,1.0,1799.0,1799.0,0
2025-12-05,A02,3.0,5397.0,1799.0,0
2025-12-06,A02,3.0,5397.0,1799.0,0
2025-12-07,A02,2.0,3598.0,1799.0,0
2025-12-08,A02,2.0,3598.0,1799.0,0
2025-12-09,A02,0.0,0.0,1799.0,0
2025-12-10,A02,0.0,0.0,1799.0,0
2025-12-11,A02,2.0,3598.0,1799.0,0
2025-12-12,A02,1.0,1799.0,1799.0,0
2025-12-13,A02,1.0,1799.0,1799.0,0
2025-12-14,A02,2.0,3598.0,1799.0,0
2025-12-15,A02,3.0,5397.0,1799.0,0
2025-12-16,A02,5.0,8995.0,1799.0,0
2025-12-17,A02,0.0,0.0,1799.0,0
2025-12-18,A02,2.0,3598.0,1799.0,0
2025-12-19,A02,0.0,0.0,1799.0,0
2025-12-20,A02,3.0,5397.0,1799.0,0
2025-12-21,A02,4.0,7196.0,1799.0,0
2025-12-22,A02,2.0,3598.0,1799.0,0
2025-12-23,A02,3.0,5397.0,1799.0,0
2025-12-24,A02,2.0,3598.0,1799.0,0
2025-12-25,A02,3.0,5397.0,1799.0,0
2025-12-26,A02,2.0,3598.0,1799.0,0
2025-12-27,A02,1.0,1799.0,1799.0,0
2025-12-28,A02,2.0,3598.0,1799.0,0
2025-12-29,A02,1.0,1799.0,1799.0,0
2025-12-30,A02,1.0,1799.0,1799.0,0
2025-12-31,A02,1.0,1799.0,1799.0,0
2026-01-01,A02,0.0,0.0,1799.0,0
2026-01-02,A02,0.0,0.0,1799.0,0
2026-01-03,A02,3.0,5397.0,1799.0,0
2026-01-04,A02,1.0,1799.0,1799.0,0
2026-01-05,A02,1.0,1799.0,1799.0,0
2026-01-06,A02,3.0,5397.0,1799.0,0
2026-01-07,A02,2.0,3598.0,1799.0,0
2026-01-08,A02,4.0,7196.0,1799.0,0
2026-01-09,A02,1.0,1799.0,1799.0,0
2026-01-10,A02,1.0,1799.0,1799.0,0
2026-01-11,A02,2.0,3598.0,1799.0,0
2026-01-12,A02,0.0,0.0,1799.0,0
2026-01-13,A02,3.0,5397.0,1799.0,0
2026-01-14,A02,2.0,3598.0,1799.0,0
2026-01-15,A02,1.0,1799.0,1799.0,0
2026-01-16,A02,2.0,3598.0,1799.0,0
2026-01-17,A02,2.0,3598.0,1799.0,0
2026-01-18,A02,1.0,1799.0,1799.0,0
2026-01-19,A02,3.0,5397.0,1799.0,0
2026-01-20,A02,2.0,3598.0,1799.0,0
2026-01-21,A02,0.0,0.0,1799.0,0
2026-01-22,A02,3.0,4587.0,1529.0,1
2026-01-23,A02,0.0,0.0,1529.0,1
2026-01-24,A02,0.0,0.0,1529.0,1
2026-01-25,A02,5.0,7645.0,1529.0,1
2026-01-26,A02,3.0,4587.0,1529.0,1
2026-01-27,A02,5.0,7645.0,1529.0,1
2026-01-28,A02,3.0,4587.0,1529.0,1
2026-01-29,A02,4.0,7196.0,1799.0,0
2026-01-30,A02,1.0,1799.0,1799.0,0
2026-01-31,A02,0.0,0.0,1799.0,0
2026-02-01,A02,6.0,10794.0,1799.0,0
2026-02-02,A02,0.0,0.0,1799.0,0
2026-02-03,A02,2.0,3598.0,1799.0,0
2026-02-04,A02,3.0,5397.0,1799.0,0
2026-02-05,A02,3.0,5397.0,1799.0,0
2026-02-06,A02,1.0,1799.0,1799.0,0
2026-02-07,A02,3.0,5397.0,1799.0,0
2026-02-08,A02,3.0,5397.0,1799.0,0
2026-02-09,A02,6.0,10794.0,1799.0,0
2026-02-10,A02,1.0,1799.0,1799.0,0
2026-02-11,A02,2.0,3598.0,1799.0,0
2026-02-12,A02,4.0,7196.0,1799.0,0
2026-02-13,A02,2.0,3598.0,1799.0,0
2026-02-14,A02,4.0,7196.0,1799.0,0
2026-02-15,A02,2.0,3598.0,1799.0,0
2026-02-16,A02,3.0,5397.0,1799.0,0
2026-02-17,A02,1.0,1799.0,1799.0,0
2026-02-18,A02,0.0,0.0,1799.0,0
2026-02-19,A02,4.0,7196.0,1799.0,0
2026-02-20,A02,8.0,14392.0,1799.0,0
2026-02-21,A02,2.0,3598.0,1799.0,0
2026-02-22,A02,5.0,8995.0,1799.0,0
2026-02-23,A02,0.0,0.0,1799.0,0
2026-02-24,A02,4.0,7196.0,1799.0,0
2026-02-25,A02,4.0,7196.0,1799.0,0
2026-02-26,A02,1.0,1799.0,1799.0,0
2026-02-27,A02,4.0,7196.0,1799.0,0
2026-02-28,A02,6.0,10794.0,1799.0,0
2026-03-01,A02,3.0,5397.0,1799.0,0
2026-03-02,A02,2.0,3598.0,1799.0,0
2026-03-03,A02,7.0,12593.0,1799.0,0
2026-03-04,A02,5.0,8995.0,1799.0,0
2026-03-05,A02,1.0,1799.0,1799.0,0
2026-03-06,A02,5.0,8995.0,1799.0,0
2026-03-07,A02,2.0,3598.0,1799.0,0
2026-03-08,A02,4.0,7196.0,1799.0,0
2026-03-09,A02,3.0,5397.0,1799.0,0
2026-03-10,A02,0.0,0.0,1799.0,0
2026-03-11,A02,4.0,7196.0,1799.0,0
2026-03-12,A02,5.0,8995.0,1799.0,0
2026-03-13,A02,4.0,7196.0,1799.0,0
2026-03-14,A02,4.0,7196.0,1799.0,0
2026-03-15,A02,6.0,10794.0,1799.0,0
2026-03-16,A02,3.0,5397.0,1799.0,0
2026-03-17,A02,6.0,10794.0,1799.0,0
2026-03-18,A02,6.0,10794.0,1799.0,0
2026-03-19,A02,8.0,14392.0,1799.0,0
2026-03-20,A02,2.0,3598.0,1799.0,0
2026-03-21,A02,5.0,8995.0,1799.0,0
2026-03-22,A02,3.0,5397.0,1799.0,0
2026-03-23,A02,4.0,7196.0,1799.0,0
2026-03-24,A02,4.0,7196.0,1799.0,0
2026-03-25,A02,5.0,8995.0,1799.0,0
2026-03-26,A02,4.0,7196.0,1799.0,0
2026-03-27,A02,4.0,7196.0,1799.0,0
2026-03-28,A02,2.0,3598.0,1799.0,0
2026-03-29,A02,5.0,8995.0,1799.0,0
2026-03-30,A02,1.0,1799.0,1799.0,0
2026-03-31,A02,5.0,8995.0,1799.0,0
2026-04-01,A02,2.0,3598.0,1799.0,0
2026-04-02,A02,5.0,8995.0,1799.0,0
2026-04-03,A02,5.0,8995.0,1799.0,0
2026-04-04,A02,6.0,10794.0,1799.0,0
2026-04-05,A02,3.0,5397.0,1799.0,0
2026-04-06,A02,3.0,5397.0,1799.0,0
2026-04-07,A02,5.0,8995.0,1799.0,0
2026-04-08,A02,4.0,7196.0,1799.0,0
2026-04-09,A02,4.0,7196.0,1799.0,0
2026-04-10,A02,7.0,12593.0,1799.0,0
2026-04-11,A02,4.0,7196.0,1799.0,0
2026-04-12,A02,6.0,10794.0,1799.0,0
2026-04-13,A02,4.0,7196.0,1799.0,0
2026-04-14,A02,4.0,7196.0,1799.0,0
2026-04-15,A02,6.0,10794.0,1799.0,0
2026-04-16,A02,5.0,8995.0,1799.0,0
2026-04-17,A02,6.0,10794.0,1799.0,0
2026-04-18,A02,6.0,10794.0,1799.0,0
2026-04-19,A02,9.0,16191.0,1799.0,0
2026-04-20,A02,5.0,8995.0,1799.0,0
2026-04-21,A02,8.0,14392.0,1799.0,0
2026-04-22,A02,3.0,5397.0,1799.0,0
2026-04-23,A02,5.0,8995.0,1799.0,0
2026-04-24,A02,5.0,8995.0,1799.0,0
2026-04-25,A02,4.0,7196.0,1799.0,0
2026-04-26,A02,5.0,8995.0,1799.0,0
2026-04-27,A02,5.0,8995.0,1799.0,0
2026-04-28,A02,7.0,12593.0,1799.0,0
2026-04-29,A02,1.0,1799.0,1799.0,0
2026-04-30,A02,5.0,8995.0,1799.0,0
2026-05-01,A02,6.0,10794.0,1799.0,0
2026-05-02,A02,2.0,3598.0,1799.0,0
2026-05-03,A02,11.0,19789.0,1799.0,0
2026-05-04,A02,3.0,5397.0,1799.0,0
2026-05-05,A02,6.0,10794.0,1799.0,0
2026-05-06,A02,4.0,7196.0,1799.0,0
2026-05-07,A02,4.0,7196.0,1799.0,0
2026-05-08,A02,4.0,7196.0,1799.0,0
2026-05-09,A02,6.0,10794.0,1799.0,0
2026-05-10,A02,10.0,15290.0,1529.0,1
2026-05-11,A02,9.0,13761.0,1529.0,1
2026-05-12,A02,4.0,6116.0,1529.0,1
2026-05-13,A02,5.0,7645.0,1529.0,1
2026-05-14,A02,8.0,12232.0,1529.0,1
2026-05-15,A02,4.0,6116.0,1529.0,1
2026-05-16,A02,10.0,15290.0,1529.0,1
2026-05-17,A02,8.0,12232.0,1529.0,1
2026-05-18,A02,9.0,13761.0,1529.0,1
2026-05-19,A02,4.0,6116.0,1529.0,1
2026-05-20,A02,4.0,7196.0,1799.0,0
2026-05-21,A02,5.0,8995.0,1799.0,0
2026-05-22,A02,7.0,12593.0,1799.0,0
2026-05-23,A02,3.0,5397.0,1799.0,0
2026-05-24,A02,5.0,8995.0,1799.0,0
2026-05-25,A02,2.0,3598.0,1799.0,0
2026-05-26,A02,12.0,21588.0,1799.0,0
2026-05-27,A02,6.0,10794.0,1799.0,0
2026-05-28,A02,4.0,7196.0,1799.0,0
2026-05-29,A02,4.0,7196.0,1799.0,0
2026-05-30,A02,6.0,10794.0,1799.0,0
2026-05-31,A02,4.0,7196.0,1799.0,0
2026-06-01,A02,6.0,10794.0,1799.0,0
2026-06-02,A02,6.0,10794.0,1799.0,0
2026-06-03,A02,4.0,7196.0,1799.0,0
2026-06-04,A02,9.0,16191.0,1799.0,0
2026-06-05,A02,6.0,10794.0,1799.0,0
2026-06-06,A02,4.0,7196.0,1799.0,0
2026-06-07,A02,1.0,1799.0,1799.0,0
2026-06-08,A02,9.0,16191.0,1799.0,0
2026-06-09,A02,1.0,1799.0,1799.0,0
2026-06-10,A02,2.0,3598.0,1799.0,0
2026-06-11,A02,2.0,3598.0,1799.0,0
2026-06-12,A02,5.0,8995.0,1799.0,0
2026-06-13,A02,6.0,10794.0,1799.0,0
2026-06-14,A02,6.0,10794.0,1799.0,0
2026-06-15,A02,4.0,7196.0,1799.0,0
2026-06-16,A02,3.0,5397.0,1799.0,0
2026-06-17,A02,6.0,10794.0,1799.0,0
2026-06-18,A02,2.0,3598.0,1799.0,0
2026-06-19,A02,2.0,3598.0,1799.0,0
2026-06-20,A02,10.0,17990.0,1799.0,0
2026-06-21,A02,7.0,12593.0,1799.0,0
2026-06-22,A02,7.0,12593.0,1799.0,0
2026-06-23,A02,2.0,3598.0,1799.0,0
2026-06-24,A02,6.0,10794.0,1799.0,0
2026-06-25,A02,7.0,12593.0,1799.0,0
2026-06-26,A02,11.0,19789.0,1799.0,0
2026-06-27,A02,8.0,14392.0,1799.0,0
2026-06-28,A02,8.0,14392.0,1799.0,0
2026-06-29,A02,5.0,8995.0,1799.0,0
2026-06-30,A02,10.0,17990.0,1799.0,0
2026-07-01,A02,4.0,7196.0,1799.0,0
2026-07-02,A02,3.0,5397.0,1799.0,0
2026-07-03,A02,3.0,5397.0,1799.0,0
2026-07-04,A02,9.0,16191.0,1799.0,0
2026-07-05,A02,7.0,12593.0,1799.0,0
2026-07-06,A02,2.0,3598.0,1799.0,0
2026-07-07,A02,6.0,10794.0,1799.0,0
2026-07-08,A02,3.0,5397.0,1799.0,0
2026-07-09,A02,5.0,8995.0,1799.0,0
2026-07-10,A02,6.0,10794.0,1799.0,0
2026-07-11,A02,7.0,12593.0,1799.0,0
2026-07-12,A02,7.0,12593.0,1799.0,0
2026-07-13,A02,7.0,12593.0,1799.0,0
2026-07-14,A02,9.0,16191.0,1799.0,0
2026-07-15,A02,4.0,7196.0,1799.0,0
2026-07-16,A02,6.0,10794.0,1799.0,0
2026-07-17,A02,1.0,1799.0,1799.0,0
2026-07-18,A02,8.0,14392.0,1799.0,0
2026-07-19,A02,7.0,12593.0,1799.0,0
2026-07-20,A02,6.0,10794.0,1799.0,0
2026-07-21,A02,4.0,7196.0,1799.0,0
2026-07-22,A02,1.0,1799.0,1799.0,0
2026-07-23,A02,3.0,5397.0,1799.0,0
2026-07-24,A02,11.0,19789.0,1799.0,0
2026-07-25,A02,6.0,10794.0,1799.0,0
2026-07-26,A02,6.0,10794.0,1799.0,0
2026-07-27,A02,4.0,7196.0,1799.0,0
2026-07-28,A02,10.0,17990.0,1799.0,0
2026-07-29,A02,2.0,3598.0,1799.0,0
2026-07-30,A02,5.0,8995.0,1799.0,0
2026-07-31,A02,4.0,7196.0,1799.0,0
2026-08-01,A02,6.0,10794.0,1799.0,0
2026-08-02,A02,5.0,8995.0,1799.0,0
2026-08-03,A02,11.0,19789.0,1799.0,0
2026-08-04,A02,5.0,8995.0,1799.0,0
2026-08-05,A02,5.0,8995.0,1799.0,0
2026-08-06,A02,6.0,10794.0,1799.0,0
2026-08-07,A02,3.0,5397.0,1799.0,0
2026-08-08,A02,5.0,8995.0,1799.0,0
2026-08-09,A02,2.0,3598.0,1799.0,0
2026-08-10,A02,3.0,5397.0,1799.0,0
2026-08-11,A02,2.0,3598.0,1799.0,0
2026-08-12,A02,4.0,7196.0,1799.0,0
2026-08-13,A02,6.0,10794.0,1799.0,0
2026-08-14,A02,6.0,10794.0,1799.0,0
2026-08-15,A02,7.0,12593.0,1799.0,0
2026-08-16,A02,5.0,8995.0,1799.0,0
2026-08-17,A02,4.0,7196.0,1799.0,0
2026-08-18,A02,5.0,8995.0,1799.0,0
2026-08-19,A02,9.0,16191.0,1799.0,0
2026-08-20,A02,3.0,5397.0,1799.0,0
2026-08-21,A02,6.0,10794.0,1799.0,0
2026-08-22,A02,9.0,16191.0,1799.0,0
2026-08-23,A02,12.0,21588.0,1799.0,0
2026-08-24,A02,1.0,1799.0,1799.0,0
2026-08-25,A02,8.0,14392.0,1799.0,0
2026-08-26,A02,7.0,12593.0,1799.0,0
2026-08-27,A02,6.0,10794.0,1799.0,0
2026-08-28,A02,7.0,12593.0,1799.0,0
2026-08-29,A02,7.0,12593.0,1799.0,0
2026-08-30,A02,3.0,5397.0,1799.0,0
2026-08-31,A02,7.0,12593.0,1799.0,0
2026-09-01,A02,5.0,8995.0,1799.0,0
2026-09-02,A02,7.0,12593.0,1799.0,0
2026-09-03,A02,4.0,7196.0,1799.0,0
2026-09-04,A02,4.0,7196.0,1799.0,0
2026-09-05,A02,8.0,14392.0,1799.0,0
2026-09-06,A02,4.0,7196.0,1799.0,0
2026-09-07,A02,4.0,7196.0,1799.0,0
2026-09-08,A02,5.0,8995.0,1799.0,0
2026-09-09,A02,4.0,7196.0,1799.0,0
2026-09-10,A02,4.0,7196.0,1799.0,0
2026-09-11,A02,3.0,5397.0,1799.0,0
2026-09-12,A02,1.0,1799.0,1799.0,0
2026-09-13,A02,10.0,17990.0,1799.0,0
2026-09-14,A02,3.0,5397.0,1799.0,0
2026-09-15,A02,3.0,5397.0,1799.0,0
2026-09-16,A02,3.0,5397.0,1799.0,0
2026-09-17,A02,6.0,10794.0,1799.0,0
2026-09-18,A02,2.0,3598.0,1799.0,0
2026-09-19,A02,5.0,8995.0,1799.0,0
2026-09-20,A02,6.0,10794.0,1799.0,0
2026-09-21,A02,7.0,12593.0,1799.0,0
2026-09-22,A02,5.0,8995.0,1799.0,0
2026-09-23,A02,6.0,10794.0,1799.0,0
2026-09-24,A02,4.0,7196.0,1799.0,0
2026-09-25,A02,7.0,12593.0,1799.0,0
2026-09-26,A02,3.0,5397.0,1799.0,0
2026-09-27,A02,4.0,7196.0,1799.0,0
2024-01-01,D01,13.0,2587.0,199.0,0
2024-01-02,D01,7.0,1393.0,199.0,0
2024-01-03,D01,8.0,1592.0,199.0,0
2024-01-04,D01,13.0,2587.0,199.0,0
2024-01-05,D01,6.0,1194.0,199.0,0
2024-01-06,D01,16.0,3184.0,199.0,0
2024-01-07,D01,8.0,1592.0,199.0,0
2024-01-08,D01,8.0,1592.0,199.0,0
2024-01-09,D01,13.0,2587.0,199.0,0
2024-01-10,D01,10.0,1990.0,199.0,0
2024-01-11,D01,7.0,1393.0,199.0,0
2024-01-12,D01,12.0,2388.0,199.0,0
2024-01-13,D01,11.0,2189.0,199.0,0
2024-01-14,D01,11.0,2189.0,199.0,0
2024-01-15,D01,8.0,1592.0,199.0,0
2024-01-16,D01,8.0,1592.0,199.0,0
2024-01-17,D01,9.0,1791.0,199.0,0
2024-01-18,D01,11.0,2189.0,199.0,0
2024-01-19,D01,10.0,1990.0,199.0,0
2024-01-20,D01,22.0,4378.0,199.0,0
2024-01-21,D01,18.0,3582.0,199.0,0
2024-01-22,D01,17.0,2873.0,169.0,1
2024-01-23,D01,12.0,2028.0,169.0,1
2024-01-24,D01,7.0,1183.0,169.0,1
2024-01-25,D01,19.0,3211.0,169.0,1
2024-01-26,D01,14.0,2366.0,169.0,1
2024-01-27,D01,21.0,3549.0,169.0,1
2024-01-28,D01,20.0,3380.0,169.0,1
2024-01-29,D01,10.0,1990.0,199.0,0
2024-01-30,D01,12.0,2388.0,199.0,0
2024-01-31,D01,7.0,1393.0,199.0,0
2024-02-01,D01,10.0,1990.0,199.0,0
2024-02-02,D01,9.0,1791.0,199.0,0
2024-02-03,D01,12.0,2388.0,199.0,0
2024-02-04,D01,12.0,2388.0,199.0,0
2024-02-05,D01,14.0,2786.0,199.0,0
2024-02-06,D01,9.0,1791.0,199.0,0
2024-02-07,D01,12.0,2388.0,199.0,0
2024-02-08,D01,16.0,3184.0,199.0,0
2024-02-09,D01,9.0,1791.0,199.0,0
2024-02-10,D01,15.0,2985.0,199.0,0
2024-02-11,D01,13.0,2587.0,199.0,0
2024-02-12,D01,6.0,1194.0,199.0,0
2024-02-13,D01,8.0,1592.0,199.0,0
2024-02-14,D01,5.0,995.0,199.0,0
2024-02-15,D01,9.0,1791.0,199.0,0
2024-02-16,D01,6.0,1194.0,199.0,0
2024-02-17,D01,13.0,2587.0,199.0,0
2024-02-18,D01,13.0,2587.0,199.0,0
2024-02-19,D01,9.0,1791.0,199.0,0
2024-02-20,D01,16.0,3184.0,199.0,0
2024-02-21,D01,9.0,1791.0,199.0,0
2024-02-22,D01,12.0,2388.0,199.0,0
2024-02-23,D01,9.0,1791.0,199.0,0
2024-02-24,D01,21.0,4179.0,199.0,0
2024-02-25,D01,19.0,3781.0,199.0,0
2024-02-26,D01,11.0,2189.0,199.0,0
2024-02-27,D01,8.0,1592.0,199.0,0
2024-02-28,D01,8.0,1592.0,199.0,0
2024-02-29,D01,4.0,796.0,199.0,0
2024-03-01,D01,11.0,2189.0,199.0,0
2024-03-02,D01,13.0,2587.0,199.0,0
2024-03-03,D01,11.0,2189.0,199.0,0
2024-03-04,D01,6.0,1194.0,199.0,0
2024-03-05,D01,13.0,2587.0,199.0,0
2024-03-06,D01,8.0,1592.0,199.0,0
2024-03-07,D01,8.0,1592.0,199.0,0
2024-03-08,D01,14.0,2786.0,199.0,0
2024-03-09,D01,11.0,2189.0,199.0,0
2024-03-10,D01,14.0,2786.0,199.0,0
2024-03-11,D01,14.0,2786.0,199.0,0
2024-03-12,D01,7.0,1393.0,199.0,0
2024-03-13,D01,9.0,1791.0,199.0,0
2024-03-14,D01,10.0,1990.0,199.0,0
2024-03-15,D01,12.0,2388.0,199.0,0
2024-03-16,D01,11.0,2189.0,199.0,0
2024-03-17,D01,11.0,2189.0,199.0,0
2024-03-18,D01,10.0,1990.0,199.0,0
2024-03-19,D01,9.0,1791.0,199.0,0
2024-03-20,D01,7.0,1393.0,199.0,0
2024-03-21,D01,8.0,1592.0,199.0,0
2024-03-22,D01,12.0,2388.0,199.0,0
2024-03-23,D01,15.0,2985.0,199.0,0
2024-03-24,D01,9.0,1791.0,199.0,0
2024-03-25,D01,6.0,1194.0,199.0,0
2024-03-26,D01,11.0,2189.0,199.0,0
2024-03-27,D01,9.0,1791.0,199.0,0
2024-03-28,D01,12.0,2388.0,199.0,0
2024-03-29,D01,7.0,1393.0,199.0,0
2024-03-30,D01,16.0,3184.0,199.0,0
2024-03-31,D01,13.0,2587.0,199.0,0
2024-04-01,D01,14.0,2786.0,199.0,0
2024-04-02,D01,5.0,995.0,199.0,0
2024-04-03,D01,9.0,1791.0,199.0,0
2024-04-04,D01,9.0,1791.0,199.0,0
2024-04-05,D01,7.0,1393.0,199.0,0
2024-04-06,D01,16.0,3184.0,199.0,0
2024-04-07,D01,14.0,2786.0,199.0,0
2024-04-08,D01,11.0,2189.0,199.0,0
2024-04-09,D01,15.0,2985.0,199.0,0
2024-04-10,D01,9.0,1791.0,199.0,0
2024-04-11,D01,12.0,2388.0,199.0,0
2024-04-12,D01,10.0,1990.0,199.0,0
2024-04-13,D01,17.0,3383.0,199.0,0
2024-04-14,D01,12.0,2388.0,199.0,0
2024-04-15,D01,10.0,1990.0,199.0,0
2024-04-16,D01,12.0,2388.0,199.0,0
2024-04-17,D01,7.0,1393.0,199.0,0
2024-04-18,D01,9.0,1791.0,199.0,0
2024-04-19,D01,5.0,995.0,199.0,0
2024-04-20,D01,14.0,2786.0,199.0,0
2024-04-21,D01,11.0,2189.0,199.0,0
2024-04-22,D01,10.0,1990.0,199.0,0
2024-04-23,D01,12.0,2388.0,199.0,0
2024-04-24,D01,12.0,2388.0,199.0,0
2024-04-25,D01,6.0,1194.0,199.0,0
2024-04-26,D01,11.0,2189.0,199.0,0
2024-04-27,D01,18.0,3582.0,199.0,0
2024-04-28,D01,6.0,1194.0,199.0,0
2024-04-29,D01,7.0,1393.0,199.0,0
2024-04-30,D01,8.0,1592.0,199.0,0
2024-05-01,D01,13.0,2587.0,199.0,0
2024-05-02,D01,11.0,2189.0,199.0,0
2024-05-03,D01,11.0,2189.0,199.0,0
2024-05-04,D01,15.0,2985.0,199.0,0
2024-05-05,D01,12.0,2388.0,199.0,0
2024-05-06,D01,11.0,2189.0,199.0,0
2024-05-07,D01,11.0,2189.0,199.0,0
2024-05-08,D01,15.0,2985.0,199.0,0
2024-05-09,D01,16.0,3184.0,199.0,0
2024-05-10,D01,18.0,3042.0,169.0,1
2024-05-11,D01,17.0,2873.0,169.0,1
2024-05-12,D01,23.0,3887.0,169.0,1
2024-05-13,D01,13.0,2197.0,169.0,1
2024-05-14,D01,12.0,2028.0,169.0,1
2024-05-15,D01,12.0,2028.0,169.0,1
2024-05-16,D01,13.0,2197.0,169.0,1
2024-05-17,D01,14.0,2366.0,169.0,1
2024-05-18,D01,13.0,2197.0,169.0,1
2024-05-19,D01,17.0,2873.0,169.0,1
2024-05-20,D01,7.0,1393.0,199.0,0
2024-05-21,D01,5.0,995.0,199.0,0
2024-05-22,D01,8.0,1592.0,199.0,0
2024-05-23,D01,5.0,995.0,199.0,0
2024-05-24,D01,10.0,1990.0,199.0,0
2024-05-25,D01,8.0,1592.0,199.0,0
2024-05-26,D01,13.0,2587.0,199.0,0
2024-05-27,D01,8.0,1592.0,199.0,0
2024-05-28,D01,10.0,1990.0,199.0,0
2024-05-29,D01,17.0,3383.0,199.0,0
2024-05-30,D01,11.0,2189.0,199.0,0
2024-05-31,D01,21.0,4179.0,199.0,0
2024-06-01,D01,10.0,1990.0,199.0,0
2024-06-02,D01,7.0,1393.0,199.0,0
2024-06-03,D01,7.0,1393.0,199.0,0
2024-06-04,D01,9.0,1791.0,199.0,0
2024-06-05,D01,13.0,2587.0,199.0,0
2024-06-06,D01,14.0,2786.0,199.0,0
2024-06-07,D01,11.0,2189.0,199.0,0
2024-06-08,D01,9.0,1791.0,199.0,0
2024-06-09,D01,12.0,2388.0,199.0,0
2024-06-10,D01,12.0,2388.0,199.0,0
2024-06-11,D01,13.0,2587.0,199.0,0
2024-06-12,D01,9.0,1791.0,199.0,0
2024-06-13,D01,13.0,2587.0,199.0,0
2024-06-14,D01,9.0,1791.0,199.0,0
2024-06-15,D01,15.0,2985.0,199.0,0
2024-06-16,D01,6.0,1194.0,199.0,0
2024-06-17,D01,6.0,1194.0,199.0,0
2024-06-18,D01,11.0,2189.0,199.0,0
2024-06-19,D01,12.0,2388.0,199.0,0
2024-06-20,D01,13.0,2587.0,199.0,0
2024-06-21,D01,17.0,3383.0,199.0,0
2024-06-22,D01,9.0,1791.0,199.0,0
2024-06-23,D01,12.0,2388.0,199.0,0
2024-06-24,D01,14.0,2786.0,199.0,0
2024-06-25,D01,,2388.0,199.0,0
2024-06-26,D01,9.0,1791.0,199.0,0
2024-06-27,D01,7.0,1393.0,199.0,0
2024-06-28,D01,6.0,1194.0,199.0,0
2024-06-29,D01,12.0,2388.0,199.0,0
2024-06-30,D01,14.0,2786.0,199.0,0
2024-07-01,D01,8.0,1592.0,199.0,0
2024-07-02,D01,8.0,1592.0,199.0,0
2024-07-03,D01,7.0,1393.0,199.0,0
2024-07-04,D01,5.0,995.0,199.0,0
2024-07-05,D01,12.0,2388.0,199.0,0
2024-07-06,D01,7.0,1393.0,199.0,0
2024-07-07,D01,12.0,2388.0,199.0,0
2024-07-08,D01,10.0,1990.0,199.0,0
2024-07-09,D01,6.0,1194.0,199.0,0
2024-07-10,D01,12.0,2388.0,199.0,0
2024-07-11,D01,15.0,2985.0,199.0,0
2024-07-12,D01,6.0,1194.0,199.0,0
2024-07-13,D01,12.0,2388.0,199.0,0
2024-07-14,D01,9.0,1791.0,199.0,0
2024-07-15,D01,17.0,3383.0,199.0,0
2024-07-16,D01,8.0,1592.0,199.0,0
2024-07-17,D01,10.0,1990.0,199.0,0
2024-07-18,D01,11.0,2189.0,199.0,0
2024-07-19,D01,8.0,1592.0,199.0,0
2024-07-20,D01,12.0,2388.0,199.0,0
2024-07-21,D01,13.0,2587.0,199.0,0
2024-07-22,D01,10.0,1990.0,199.0,0
2024-07-23,D01,13.0,2587.0,199.0,0
2024-07-24,D01,11.0,2189.0,199.0,0
2024-07-25,D01,7.0,1393.0,199.0,0
2024-07-26,D01,6.0,1194.0,199.0,0
2024-07-27,D01,8.0,1592.0,199.0,0
2024-07-28,D01,13.0,2587.0,199.0,0
2024-07-29,D01,9.0,1791.0,199.0,0
2024-07-30,D01,7.0,1393.0,199.0,0
2024-07-31,D01,13.0,2587.0,199.0,0
2024-08-01,D01,12.0,2388.0,199.0,0
2024-08-02,D01,10.0,1990.0,199.0,0
2024-08-03,D01,16.0,3184.0,199.0,0
2024-08-04,D01,8.0,1592.0,199.0,0
2024-08-05,D01,8.0,1592.0,199.0,0
2024-08-06,D01,8.0,1592.0,199.0,0
2024-08-07,D01,13.0,2587.0,199.0,0
2024-08-08,D01,10.0,1990.0,199.0,0
2024-08-09,D01,14.0,2786.0,199.0,0
2024-08-10,D01,22.0,4378.0,199.0,0
2024-08-11,D01,11.0,2189.0,199.0,0
2024-08-12,D01,11.0,2189.0,199.0,0
2024-08-13,D01,11.0,2189.0,199.0,0
2024-08-14,D01,12.0,2388.0,199.0,0
2024-08-15,D01,14.0,2786.0,199.0,0
2024-08-16,D01,11.0,2189.0,199.0,0
2024-08-17,D01,8.0,1592.0,199.0,0
2024-08-18,D01,13.0,2587.0,199.0,0
2024-08-19,D01,13.0,2587.0,199.0,0
2024-08-20,D01,10.0,1990.0,199.0,0
2024-08-21,D01,10.0,1990.0,199.0,0
2024-08-22,D01,16.0,3184.0,199.0,0
2024-08-23,D01,6.0,1194.0,199.0,0
2024-08-24,D01,20.0,3980.0,199.0,0
2024-08-25,D01,13.0,2587.0,199.0,0
2024-08-26,D01,10.0,1990.0,199.0,0
2024-08-27,D01,17.0,3383.0,199.0,0
2024-08-28,D01,11.0,2189.0,199.0,0
2024-08-29,D01,9.0,1791.0,199.0,0
2024-08-30,D01,17.0,3383.0,199.0,0
2024-08-31,D01,8.0,1592.0,199.0,0
2024-09-01,D01,19.0,3781.0,199.0,0
2024-09-02,D01,11.0,2189.0,199.0,0
2024-09-03,D01,10.0,1990.0,199.0,0
2024-09-04,D01,20.0,3980.0,199.0,0
2024-09-05,D01,11.0,2189.0,199.0,0
2024-09-06,D01,9.0,1791.0,199.0,0
2024-09-07,D01,15.0,2985.0,199.0,0
2024-09-08,D01,10.0,1990.0,199.0,0
2024-09-09,D01,8.0,1592.0,199.0,0
2024-09-10,D01,12.0,2388.0,199.0,0
2024-09-11,D01,11.0,2189.0,199.0,0
2024-09-12,D01,13.0,2587.0,199.0,0
2024-09-13,D01,16.0,3184.0,199.0,0
2024-09-14,D01,8.0,1592.0,199.0,0
2024-09-15,D01,9.0,1791.0,199.0,0
2024-09-16,D01,9.0,1791.0,199.0,0
2024-09-17,D01,14.0,2786.0,199.0,0
2024-09-18,D01,20.0,3980.0,199.0,0
2024-09-19,D01,12.0,2388.0,199.0,0
2024-09-20,D01,15.0,2985.0,199.0,0
2024-09-21,D01,14.0,2786.0,199.0,0
2024-09-22,D01,12.0,2388.0,199.0,0
2024-09-23,D01,7.0,1393.0,199.0,0
2024-09-24,D01,10.0,1990.0,199.0,0
2024-09-25,D01,12.0,2388.0,199.0,0
2024-09-26,D01,8.0,1592.0,199.0,0
2024-09-27,D01,20.0,3980.0,199.0,0
2024-09-28,D01,15.0,2985.0,199.0,0
2024-09-29,D01,7.0,1393.0,199.0,0
2024-09-30,D01,9.0,1791.0,199.0,0
2024-10-01,D01,16.0,3184.0,199.0,0
2024-10-02,D01,13.0,2587.0,199.0,0
2024-10-03,D01,11.0,2189.0,199.0,0
2024-10-04,D01,13.0,2587.0,199.0,0
2024-10-05,D01,20.0,3980.0,199.0,0
2024-10-06,D01,23.0,4577.0,199.0,0
2024-10-07,D01,13.0,2587.0,199.0,0
2024-10-08,D01,19.0,3781.0,199.0,0
2024-10-09,D01,14.0,2786.0,199.0,0
2024-10-10,D01,11.0,2189.0,199.0,0
2024-10-11,D01,17.0,3383.0,199.0,0
2024-10-12,D01,18.0,3582.0,199.0,0
2024-10-13,D01,15.0,2985.0,199.0,0
2024-10-14,D01,12.0,2388.0,199.0,0
2024-10-15,D01,13.0,2587.0,199.0,0
2024-10-16,D01,15.0,2985.0,199.0,0
2024-10-17,D01,20.0,3980.0,199.0,0
2024-10-18,D01,18.0,3582.0,199.0,0
2024-10-19,D01,26.0,5174.0,199.0,0
2024-10-20,D01,22.0,4378.0,199.0,0
2024-10-21,D01,16.0,3184.0,199.0,0
2024-10-22,D01,12.0,2388.0,199.0,0
2024-10-23,D01,23.0,4577.0,199.0,0
2024-10-24,D01,25.0,4975.0,199.0,0
2024-10-25,D01,17.0,3383.0,199.0,0
2024-10-26,D01,16.0,3184.0,199.0,0
2024-10-27,D01,16.0,3184.0,199.0,0
2024-10-28,D01,20.0,3380.0,169.0,1
2024-10-29,D01,19.0,3211.0,169.0,1
2024-10-30,D01,21.0,3549.0,169.0,1
2024-10-31,D01,23.0,3887.0,169.0,1
2024-11-01,D01,27.0,4563.0,169.0,1
2024-11-02,D01,30.0,5070.0,169.0,1
2024-11-03,D01,30.0,5070.0,169.0,1
2024-11-04,D01,8.0,1592.0,199.0,0
2024-11-05,D01,20.0,3980.0,199.0,0
2024-11-06,D01,17.0,3383.0,199.0,0
2024-11-07,D01,10.0,1990.0,199.0,0
2024-11-08,D01,16.0,3184.0,199.0,0
2024-11-09,D01,22.0,4378.0,199.0,0
2024-11-10,D01,10.0,1990.0,199.0,0
2024-11-11,D01,20.0,3980.0,199.0,0
2024-11-12,D01,19.0,3781.0,199.0,0
2024-11-13,D01,16.0,3184.0,199.0,0
2024-11-14,D01,16.0,3184.0,199.0,0
2024-11-15,D01,11.0,2189.0,199.0,0
2024-11-16,D01,17.0,3383.0,199.0,0
2024-11-17,D01,14.0,2786.0,199.0,0
2024-11-18,D01,10.0,1990.0,199.0,0
2024-11-19,D01,15.0,2985.0,199.0,0
2024-11-20,D01,23.0,4577.0,199.0,0
2024-11-21,D01,18.0,3582.0,199.0,0
2024-11-22,D01,8.0,1592.0,199.0,0
2024-11-23,D01,15.0,2985.0,199.0,0
2024-11-24,D01,16.0,3184.0,199.0,0
2024-11-25,D01,10.0,1990.0,199.0,0
2024-11-26,D01,13.0,2587.0,199.0,0
2024-11-27,D01,15.0,2985.0,199.0,0
2024-11-28,D01,11.0,2189.0,199.0,0
2024-11-29,D01,15.0,2985.0,199.0,0
2024-11-30,D01,11.0,2189.0,199.0,0
2024-12-01,D01,11.0,2189.0,199.0,0
2024-12-02,D01,9.0,1791.0,199.0,0
2024-12-03,D01,11.0,2189.0,199.0,0
2024-12-04,D01,11.0,2189.0,199.0,0
2024-12-05,D01,11.0,2189.0,199.0,0
2024-12-06,D01,10.0,1990.0,199.0,0
2024-12-07,D01,15.0,2985.0,199.0,0
2024-12-08,D01,13.0,2587.0,199.0,0
2024-12-09,D01,13.0,2587.0,199.0,0
2024-12-10,D01,10.0,1990.0,199.0,0
2024-12-11,D01,8.0,1592.0,199.0,0
2024-12-12,D01,14.0,2786.0,199.0,0
2024-12-13,D01,12.0,2388.0,199.0,0
2024-12-14,D01,14.0,2786.0,199.0,0
2024-12-15,D01,16.0,3184.0,199.0,0
2024-12-16,D01,8.0,1592.0,199.0,0
2024-12-17,D01,7.0,1393.0,199.0,0
2024-12-18,D01,15.0,2985.0,199.0,0
2024-12-19,D01,15.0,2985.0,199.0,0
2024-12-20,D01,8.0,1592.0,199.0,0
2024-12-21,D01,14.0,2786.0,199.0,0
2024-12-22,D01,16.0,3184.0,199.0,0
2024-12-23,D01,11.0,2189.0,199.0,0
2024-12-24,D01,11.0,2189.0,199.0,0
2024-12-25,D01,14.0,2786.0,199.0,0
2024-12-26,D01,10.0,1990.0,199.0,0
2024-12-27,D01,16.0,3184.0,199.0,0
2024-12-28,D01,17.0,3383.0,199.0,0
2024-12-29,D01,9.0,1791.0,199.0,0
2024-12-30,D01,8.0,1592.0,199.0,0
2024-12-31,D01,12.0,2388.0,199.0,0
2025-01-01,D01,11.0,2189.0,199.0,0
2025-01-02,D01,14.0,2786.0,199.0,0
2025-01-03,D01,6.0,1194.0,199.0,0
2025-01-04,D01,11.0,2189.0,199.0,0
2025-01-05,D01,13.0,2587.0,199.0,0
2025-01-06,D01,8.0,1592.0,199.0,0
2025-01-07,D01,13.0,2587.0,199.0,0
2025-01-08,D01,8.0,1592.0,199.0,0
2025-01-09,D01,11.0,2189.0,199.0,0
2025-01-10,D01,19.0,3781.0,199.0,0
2025-01-11,D01,11.0,2189.0,199.0,0
2025-01-12,D01,14.0,2786.0,199.0,0
2025-01-13,D01,11.0,2189.0,199.0,0
2025-01-14,D01,6.0,1194.0,199.0,0
2025-01-15,D01,15.0,2985.0,199.0,0
2025-01-16,D01,17.0,3383.0,199.0,0
2025-01-17,D01,11.0,2189.0,199.0,0
2025-01-18,D01,10.0,1990.0,199.0,0
2025-01-19,D01,12.0,2388.0,199.0,0
2025-01-20,D01,17.0,3383.0,199.0,0
2025-01-21,D01,9.0,1791.0,199.0,0
2025-01-22,D01,23.0,3887.0,169.0,1
2025-01-23,D01,22.0,3718.0,169.0,1
2025-01-24,D01,15.0,2535.0,169.0,1
2025-01-25,D01,25.0,4225.0,169.0,1
2025-01-26,D01,12.0,2028.0,169.0,1
2025-01-27,D01,14.0,2366.0,169.0,1
2025-01-28,D01,16.0,2704.0,169.0,1
2025-01-29,D01,10.0,1990.0,199.0,0
2025-01-30,D01,11.0,2189.0,199.0,0
2025-01-31,D01,17.0,3383.0,199.0,0
2025-02-01,D01,16.0,3184.0,199.0,0
2025-02-02,D01,14.0,2786.0,199.0,0
2025-02-03,D01,12.0,2388.0,199.0,0
2025-02-04,D01,15.0,2985.0,199.0,0
2025-02-05,D01,11.0,2189.0,199.0,0
2025-02-06,D01,13.0,2587.0,199.0,0
2025-02-07,D01,17.0,3383.0,199.0,0
2025-02-08,D01,12.0,2388.0,199.0,0
2025-02-09,D01,9.0,1791.0,199.0,0
2025-02-10,D01,6.0,1194.0,199.0,0
2025-02-11,D01,16.0,3184.0,199.0,0
2025-02-12,D01,14.0,2786.0,199.0,0
2025-02-13,D01,10.0,1990.0,199.0,0
2025-02-14,D01,13.0,2587.0,199.0,0
2025-02-15,D01,6.0,1194.0,199.0,0
2025-02-16,D01,19.0,3781.0,199.0,0
2025-02-17,D01,10.0,1990.0,199.0,0
2025-02-18,D01,11.0,2189.0,199.0,0
2025-02-19,D01,7.0,1393.0,199.0,0
2025-02-20,D01,9.0,1791.0,199.0,0
2025-02-21,D01,10.0,1990.0,199.0,0
2025-02-22,D01,13.0,2587.0,199.0,0
2025-02-23,D01,7.0,1393.0,199.0,0
2025-02-24,D01,6.0,1194.0,199.0,0
2025-02-25,D01,10.0,1990.0,199.0,0
2025-02-26,D01,17.0,3383.0,199.0,0
2025-02-27,D01,6.0,1194.0,199.0,0
2025-02-28,D01,13.0,2587.0,199.0,0
2025-03-01,D01,6.0,1194.0,199.0,0
2025-03-02,D01,15.0,2985.0,199.0,0
2025-03-03,D01,10.0,1990.0,199.0,0
2025-03-04,D01,9.0,1791.0,199.0,0
2025-03-05,D01,13.0,2587.0,199.0,0
2025-03-06,D01,9.0,1791.0,199.0,0
2025-03-07,D01,10.0,1990.0,199.0,0
2025-03-08,D01,13.0,2587.0,199.0,0
2025-03-09,D01,7.0,1393.0,199.0,0
2025-03-10,D01,7.0,1393.0,199.0,0
2025-03-11,D01,10.0,1990.0,199.0,0
2025-03-12,D01,6.0,1194.0,199.0,0
2025-03-13,D01,8.0,1592.0,199.0,0
2025-03-14,D01,14.0,2786.0,199.0,0
2025-03-15,D01,9.0,1791.0,199.0,0
2025-03-16,D01,11.0,2189.0,199.0,0
2025-03-17,D01,8.0,1592.0,199.0,0
2025-03-18,D01,11.0,2189.0,199.0,0
2025-03-19,D01,7.0,1393.0,199.0,0
2025-03-20,D01,12.0,2388.0,199.0,0
2025-03-21,D01,8.0,1592.0,199.0,0
2025-03-22,D01,10.0,1990.0,199.0,0
2025-03-23,D01,15.0,2985.0,199.0,0
2025-03-24,D01,6.0,1194.0,199.0,0
2025-03-25,D01,9.0,1791.0,199.0,0
2025-03-26,D01,8.0,1592.0,199.0,0
2025-03-27,D01,13.0,2587.0,199.0,0
2025-03-28,D01,8.0,1592.0,199.0,0
2025-03-29,D01,13.0,2587.0,199.0,0
2025-03-30,D01,12.0,2388.0,199.0,0
2025-03-31,D01,8.0,1592.0,199.0,0
2025-04-01,D01,17.0,3383.0,199.0,0
2025-04-02,D01,21.0,4179.0,199.0,0
2025-04-03,D01,13.0,2587.0,199.0,0
2025-04-04,D01,9.0,1791.0,199.0,0
2025-04-05,D01,14.0,2786.0,199.0,0
2025-04-06,D01,8.0,1592.0,199.0,0
2025-04-07,D01,11.0,2189.0,199.0,0
2025-04-08,D01,12.0,2388.0,199.0,0
2025-04-09,D01,19.0,3781.0,199.0,0
2025-04-10,D01,15.0,2985.0,199.0,0
2025-04-11,D01,13.0,2587.0,199.0,0
2025-04-12,D01,16.0,3184.0,199.0,0
2025-04-13,D01,13.0,2587.0,199.0,0
2025-04-14,D01,14.0,2786.0,199.0,0
2025-04-15,D01,6.0,1194.0,199.0,0
2025-04-16,D01,10.0,1990.0,199.0,0
2025-04-17,D01,11.0,2189.0,199.0,0
2025-04-18,D01,12.0,2388.0,199.0,0
2025-04-19,D01,16.0,3184.0,199.0,0
2025-04-20,D01,14.0,2786.0,199.0,0
2025-04-21,D01,14.0,2786.0,199.0,0
2025-04-22,D01,14.0,2786.0,199.0,0
2025-04-23,D01,20.0,3980.0,199.0,0
2025-04-24,D01,6.0,1194.0,199.0,0
2025-04-25,D01,14.0,2786.0,199.0,0
2025-04-26,D01,16.0,3184.0,199.0,0
2025-04-27,D01,18.0,3582.0,199.0,0
2025-04-28,D01,7.0,1393.0,199.0,0
2025-04-29,D01,12.0,2388.0,199.0,0
2025-04-30,D01,10.0,1990.0,199.0,0
2025-05-01,D01,11.0,2189.0,199.0,0
2025-05-02,D01,9.0,1791.0,199.0,0
2025-05-03,D01,11.0,2189.0,199.0,0
2025-05-04,D01,10.0,1990.0,199.0,0
2025-05-05,D01,10.0,1990.0,199.0,0
2025-05-06,D01,12.0,2388.0,199.0,0
2025-05-07,D01,14.0,2786.0,199.0,0
2025-05-08,D01,14.0,2786.0,199.0,0
2025-05-09,D01,10.0,1990.0,199.0,0
2025-05-10,D01,18.0,3042.0,169.0,1
2025-05-11,D01,12.0,2028.0,169.0,1
2025-05-12,D01,18.0,3042.0,169.0,1
2025-05-13,D01,23.0,3887.0,169.0,1
2025-05-14,D01,20.0,3380.0,169.0,1
2025-05-15,D01,14.0,2366.0,169.0,1
2025-05-16,D01,20.0,3380.0,169.0,1
2025-05-17,D01,15.0,2535.0,169.0,1
2025-05-18,D01,24.0,4056.0,169.0,1
2025-05-19,D01,15.0,2535.0,169.0,1
2025-05-20,D01,16.0,3184.0,199.0,0
2025-05-21,D01,12.0,2388.0,199.0,0
2025-05-22,D01,7.0,1393.0,199.0,0
2025-05-23,D01,11.0,2189.0,199.0,0
2025-05-24,D01,13.0,2587.0,199.0,0
2025-05-25,D01,16.0,3184.0,199.0,0
2025-05-26,D01,10.0,1990.0,199.0,0
2025-05-27,D01,10.0,1990.0,199.0,0
2025-05-28,D01,14.0,2786.0,199.0,0
2025-05-29,D01,15.0,2985.0,199.0,0
2025-05-30,D01,11.0,2189.0,199.0,0
2025-05-31,D01,12.0,2388.0,199.0,0
2025-06-01,D01,15.0,2985.0,199.0,0
2025-06-02,D01,10.0,1990.0,199.0,0
2025-06-03,D01,12.0,2388.0,199.0,0
2025-06-04,D01,12.0,2388.0,199.0,0
2025-06-05,D01,10.0,1990.0,199.0,0
2025-06-06,D01,11.0,2189.0,199.0,0
2025-06-07,D01,14.0,2786.0,199.0,0
2025-06-08,D01,19.0,3781.0,199.0,0
2025-06-09,D01,8.0,1592.0,199.0,0
2025-06-10,D01,14.0,2786.0,199.0,0
2025-06-11,D01,13.0,2587.0,199.0,0
2025-06-12,D01,7.0,1393.0,199.0,0
2025-06-13,D01,13.0,2587.0,199.0,0
2025-06-14,D01,17.0,3383.0,199.0,0
2025-06-15,D01,10.0,1990.0,199.0,0
2025-06-16,D01,10.0,1990.0,199.0,0
2025-06-17,D01,14.0,2786.0,199.0,0
2025-06-18,D01,16.0,3184.0,199.0,0
2025-06-19,D01,9.0,1791.0,199.0,0
2025-06-20,D01,8.0,1592.0,199.0,0
2025-06-21,D01,13.0,2587.0,199.0,0
2025-06-22,D01,15.0,2985.0,199.0,0
2025-06-23,D01,14.0,2786.0,199.0,0
2025-06-24,D01,12.0,2388.0,199.0,0
2025-06-25,D01,12.0,2388.0,199.0,0
2025-06-26,D01,10.0,1990.0,199.0,0
2025-06-27,D01,11.0,2189.0,199.0,0
2025-06-28,D01,9.0,1791.0,199.0,0
2025-06-29,D01,10.0,1990.0,199.0,0
2025-06-30,D01,13.0,2587.0,199.0,0
2025-07-01,D01,17.0,3383.0,199.0,0
2025-07-02,D01,15.0,2985.0,199.0,0
2025-07-03,D01,17.0,3383.0,199.0,0
2025-07-04,D01,,3781.0,199.0,0
2025-07-05,D01,7.0,1393.0,199.0,0
2025-07-06,D01,14.0,2786.0,199.0,0
2025-07-07,D01,8.0,1592.0,199.0,0
2025-07-08,D01,13.0,2587.0,199.0,0
2025-07-09,D01,12.0,2388.0,199.0,0
2025-07-10,D01,17.0,3383.0,199.0,0
2025-07-11,D01,14.0,2786.0,199.0,0
2025-07-12,D01,4.0,796.0,199.0,0
2025-07-13,D01,10.0,1990.0,199.0,0
2025-07-14,D01,11.0,2189.0,199.0,0
2025-07-15,D01,18.0,3582.0,199.0,0
2025-07-16,D01,16.0,3184.0,199.0,0
2025-07-17,D01,15.0,2985.0,199.0,0
2025-07-18,D01,13.0,2587.0,199.0,0
2025-07-19,D01,10.0,1990.0,199.0,0
2025-07-20,D01,16.0,3184.0,199.0,0
2025-07-21,D01,14.0,2786.0,199.0,0
2025-07-22,D01,9.0,1791.0,199.0,0
2025-07-23,D01,9.0,1791.0,199.0,0
2025-07-24,D01,5.0,995.0,199.0,0
2025-07-25,D01,11.0,2189.0,199.0,0
2025-07-26,D01,14.0,2786.0,199.0,0
2025-07-27,D01,16.0,3184.0,199.0,0
2025-07-28,D01,14.0,2786.0,199.0,0
2025-07-29,D01,15.0,2985.0,199.0,0
2025-07-30,D01,11.0,2189.0,199.0,0
2025-07-31,D01,10.0,1990.0,199.0,0
2025-08-01,D01,12.0,2388.0,199.0,0
2025-08-02,D01,14.0,2786.0,199.0,0
2025-08-03,D01,15.0,2985.0,199.0,0
2025-08-04,D01,10.0,1990.0,199.0,0
2025-08-05,D01,9.0,1791.0,199.0,0
2025-08-06,D01,15.0,2985.0,199.0,0
2025-08-07,D01,8.0,1592.0,199.0,0
2025-08-08,D01,15.0,2985.0,199.0,0
2025-08-09,D01,20.0,3980.0,199.0,0
2025-08-10,D01,19.0,3781.0,199.0,0
2025-08-11,D01,12.0,2388.0,199.0,0
2025-08-12,D01,11.0,2189.0,199.0,0
2025-08-13,D01,13.0,2587.0,199.0,0
2025-08-14,D01,8.0,1592.0,199.0,0
2025-08-15,D01,7.0,1393.0,199.0,0
2025-08-16,D01,13.0,2587.0,199.0,0
2025-08-17,D01,14.0,2786.0,199.0,0
2025-08-18,D01,8.0,1592.0,199.0,0
2025-08-19,D01,8.0,1592.0,199.0,0
2025-08-20,D01,12.0,2388.0,199.0,0
2025-08-21,D01,15.0,2985.0,199.0,0
2025-08-22,D01,11.0,2189.0,199.0,0
2025-08-23,D01,10.0,1990.0,199.0,0
2025-08-24,D01,12.0,2388.0,199.0,0
2025-08-25,D01,11.0,2189.0,199.0,0
2025-08-26,D01,11.0,2189.0,199.0,0
2025-08-27,D01,12.0,2388.0,199.0,0
2025-08-28,D01,9.0,1791.0,199.0,0
2025-08-29,D01,16.0,3184.0,199.0,0
2025-08-30,D01,15.0,2985.0,199.0,0
2025-08-31,D01,11.0,2189.0,199.0,0
2025-09-01,D01,15.0,2985.0,199.0,0
2025-09-02,D01,12.0,2388.0,199.0,0
2025-09-03,D01,14.0,2786.0,199.0,0
2025-09-04,D01,5.0,995.0,199.0,0
2025-09-05,D01,13.0,2587.0,199.0,0
2025-09-06,D01,15.0,2985.0,199.0,0
2025-09-07,D01,12.0,2388.0,199.0,0
2025-09-08,D01,13.0,2587.0,199.0,0
2025-09-09,D01,11.0,2189.0,199.0,0
2025-09-10,D01,15.0,2985.0,199.0,0
2025-09-11,D01,10.0,1990.0,199.0,0
2025-09-12,D01,7.0,1393.0,199.0,0
2025-09-13,D01,8.0,1592.0,199.0,0
2025-09-14,D01,23.0,4577.0,199.0,0
2025-09-15,D01,16.0,3184.0,199.0,0
2025-09-16,D01,10.0,1990.0,199.0,0
2025-09-17,D01,12.0,2388.0,199.0,0
2025-09-18,D01,12.0,2388.0,199.0,0
2025-09-19,D01,10.0,1990.0,199.0,0
2025-09-20,D01,12.0,2388.0,199.0,0
2025-09-21,D01,15.0,2985.0,199.0,0
2025-09-22,D01,13.0,2587.0,199.0,0
2025-09-23,D01,14.0,2786.0,199.0,0
2025-09-24,D01,25.0,4975.0,199.0,0
2025-09-25,D01,7.0,1393.0,199.0,0
2025-09-26,D01,14.0,2786.0,199.0,0
2025-09-27,D01,17.0,3383.0,199.0,0
2025-09-28,D01,12.0,2388.0,199.0,0
2025-09-29,D01,11.0,2189.0,199.0,0
2025-09-30,D01,18.0,3582.0,199.0,0
2025-10-01,D01,16.0,3184.0,199.0,0
2025-10-02,D01,13.0,2587.0,199.0,0
2025-10-03,D01,13.0,2587.0,199.0,0
2025-10-04,D01,17.0,3383.0,199.0,0
2025-10-05,D01,17.0,3383.0,199.0,0
2025-10-06,D01,14.0,2786.0,199.0,0
2025-10-07,D01,12.0,2388.0,199.0,0
2025-10-08,D01,17.0,3383.0,199.0,0
2025-10-09,D01,25.0,4975.0,199.0,0
2025-10-10,D01,15.0,2985.0,199.0,0
2025-10-11,D01,20.0,3980.0,199.0,0
2025-10-12,D01,24.0,4776.0,199.0,0
2025-10-13,D01,18.0,3582.0,199.0,0
2025-10-14,D01,24.0,4776.0,199.0,0
2025-10-15,D01,21.0,3549.0,169.0,1
2025-10-16,D01,25.0,4225.0,169.0,1
2025-10-17,D01,23.0,3887.0,169.0,1
2025-10-18,D01,32.0,5408.0,169.0,1
2025-10-19,D01,23.0,3887.0,169.0,1
2025-10-20,D01,22.0,3718.0,169.0,1
2025-10-21,D01,18.0,3042.0,169.0,1
2025-10-22,D01,15.0,2985.0,199.0,0
2025-10-23,D01,28.0,5572.0,199.0,0
2025-10-24,D01,22.0,4378.0,199.0,0
2025-10-25,D01,24.0,4776.0,199.0,0
2025-10-26,D01,20.0,3980.0,199.0,0
2025-10-27,D01,19.0,3781.0,199.0,0
2025-10-28,D01,24.0,4776.0,199.0,0
2025-10-29,D01,19.0,3781.0,199.0,0
2025-10-30,D01,21.0,4179.0,199.0,0
2025-10-31,D01,16.0,3184.0,199.0,0
2025-11-01,D01,25.0,4975.0,199.0,0
2025-11-02,D01,20.0,3980.0,199.0,0
2025-11-03,D01,24.0,4776.0,199.0,0
2025-11-04,D01,21.0,4179.0,199.0,0
2025-11-05,D01,14.0,2786.0,199.0,0
2025-11-06,D01,20.0,3980.0,199.0,0
2025-11-07,D01,20.0,3980.0,199.0,0
2025-11-08,D01,18.0,3582.0,199.0,0
2025-11-09,D01,12.0,2388.0,199.0,0
2025-11-10,D01,19.0,3781.0,199.0,0
2025-11-11,D01,24.0,4776.0,199.0,0
2025-11-12,D01,21.0,4179.0,199.0,0
2025-11-13,D01,14.0,2786.0,199.0,0
2025-11-14,D01,18.0,3582.0,199.0,0
2025-11-15,D01,14.0,2786.0,199.0,0
2025-11-16,D01,13.0,2587.0,199.0,0
2025-11-17,D01,13.0,2587.0,199.0,0
2025-11-18,D01,15.0,2985.0,199.0,0
2025-11-19,D01,14.0,2786.0,199.0,0
2025-11-20,D01,17.0,3383.0,199.0,0
2025-11-21,D01,23.0,4577.0,199.0,0
2025-11-22,D01,17.0,3383.0,199.0,0
2025-11-23,D01,13.0,2587.0,199.0,0
2025-11-24,D01,11.0,2189.0,199.0,0
2025-11-25,D01,17.0,3383.0,199.0,0
2025-11-26,D01,13.0,2587.0,199.0,0
2025-11-27,D01,15.0,2985.0,199.0,0
2025-11-28,D01,13.0,2587.0,199.0,0
2025-11-29,D01,18.0,3582.0,199.0,0
2025-11-30,D01,17.0,3383.0,199.0,0
2025-12-01,D01,16.0,3184.0,199.0,0
2025-12-02,D01,17.0,3383.0,199.0,0
2025-12-03,D01,12.0,2388.0,199.0,0
2025-12-04,D01,18.0,3582.0,199.0,0
2025-12-05,D01,13.0,2587.0,199.0,0
2025-12-06,D01,18.0,3582.0,199.0,0
2025-12-07,D01,16.0,3184.0,199.0,0
2025-12-08,D01,11.0,2189.0,199.0,0
2025-12-09,D01,13.0,2587.0,199.0,0
2025-12-10,D01,14.0,2786.0,199.0,0
2025-12-11,D01,10.0,1990.0,199.0,0
2025-12-12,D01,15.0,2985.0,199.0,0
2025-12-13,D01,17.0,3383.0,199.0,0
2025-12-14,D01,21.0,4179.0,199.0,0
2025-12-15,D01,10.0,1990.0,199.0,0
2025-12-16,D01,22.0,4378.0,199.0,0
2025-12-17,D01,11.0,2189.0,199.0,0
2025-12-18,D01,10.0,1990.0,199.0,0
2025-12-19,D01,7.0,1393.0,199.0,0
2025-12-20,D01,8.0,1592.0,199.0,0
2025-12-21,D01,15.0,2985.0,199.0,0
2025-12-22,D01,12.0,2388.0,199.0,0
2025-12-23,D01,14.0,2786.0,199.0,0
2025-12-24,D01,7.0,1393.0,199.0,0
2025-12-25,D01,11.0,2189.0,199.0,0
2025-12-26,D01,13.0,2587.0,199.0,0
2025-12-27,D01,15.0,2985.0,199.0,0
2025-12-28,D01,13.0,2587.0,199.0,0
2025-12-29,D01,10.0,1990.0,199.0,0
2025-12-30,D01,17.0,3383.0,199.0,0
2025-12-31,D01,15.0,2985.0,199.0,0
2026-01-01,D01,11.0,2189.0,199.0,0
2026-01-02,D01,22.0,4378.0,199.0,0
2026-01-03,D01,14.0,2786.0,199.0,0
2026-01-04,D01,11.0,2189.0,199.0,0
2026-01-05,D01,12.0,2388.0,199.0,0
2026-01-06,D01,12.0,2388.0,199.0,0
2026-01-07,D01,11.0,2189.0,199.0,0
2026-01-08,D01,16.0,3184.0,199.0,0
2026-01-09,D01,10.0,1990.0,199.0,0
2026-01-10,D01,15.0,2985.0,199.0,0
2026-01-11,D01,12.0,2388.0,199.0,0
2026-01-12,D01,12.0,2388.0,199.0,0
2026-01-13,D01,12.0,2388.0,199.0,0
2026-01-14,D01,13.0,2587.0,199.0,0
2026-01-15,D01,18.0,3582.0,199.0,0
2026-01-16,D01,16.0,3184.0,199.0,0
2026-01-17,D01,13.0,2587.0,199.0,0
2026-01-18,D01,15.0,2985.0,199.0,0
2026-01-19,D01,11.0,2189.0,199.0,0
2026-01-20,D01,6.0,1194.0,199.0,0
2026-01-21,D01,18.0,3582.0,199.0,0
2026-01-22,D01,12.0,2028.0,169.0,1
2026-01-23,D01,19.0,3211.0,169.0,1
2026-01-24,D01,11.0,1859.0,169.0,1
2026-01-25,D01,16.0,2704.0,169.0,1
2026-01-26,D01,11.0,1859.0,169.0,1
2026-01-27,D01,21.0,3549.0,169.0,1
2026-01-28,D01,17.0,2873.0,169.0,1
2026-01-29,D01,15.0,2985.0,199.0,0
2026-01-30,D01,13.0,2587.0,199.0,0
2026-01-31,D01,14.0,2786.0,199.0,0
2026-02-01,D01,15.0,2985.0,199.0,0
2026-02-02,D01,6.0,1194.0,199.0,0
2026-02-03,D01,13.0,2587.0,199.0,0
2026-02-04,D01,13.0,2587.0,199.0,0
2026-02-05,D01,15.0,2985.0,199.0,0
2026-02-06,D01,21.0,4179.0,199.0,0
2026-02-07,D01,9.0,1791.0,199.0,0
2026-02-08,D01,12.0,2388.0,199.0,0
2026-02-09,D01,11.0,2189.0,199.0,0
2026-02-10,D01,16.0,3184.0,199.0,0
2026-02-11,D01,8.0,1592.0,199.0,0
2026-02-12,D01,9.0,1791.0,199.0,0
2026-02-13,D01,13.0,2587.0,199.0,0
2026-02-14,D01,12.0,2388.0,199.0,0
2026-02-15,D01,17.0,3383.0,199.0,0
2026-02-16,D01,11.0,2189.0,199.0,0
2026-02-17,D01,6.0,1194.0,199.0,0
2026-02-18,D01,12.0,2388.0,199.0,0
2026-02-19,D01,13.0,2587.0,199.0,0
2026-02-20,D01,11.0,2189.0,199.0,0
2026-02-21,D01,11.0,2189.0,199.0,0
2026-02-22,D01,10.0,1990.0,199.0,0
2026-02-23,D01,4.0,796.0,199.0,0
2026-02-24,D01,10.0,1990.0,199.0,0
2026-02-25,D01,14.0,2786.0,199.0,0
2026-02-26,D01,15.0,2985.0,199.0,0
2026-02-27,D01,6.0,1194.0,199.0,0
2026-02-28,D01,12.0,2388.0,199.0,0
2026-03-01,D01,14.0,2786.0,199.0,0
2026-03-02,D01,8.0,1592.0,199.0,0
2026-03-03,D01,17.0,3383.0,199.0,0
2026-03-04,D01,13.0,2587.0,199.0,0
2026-03-05,D01,12.0,2388.0,199.0,0
2026-03-06,D01,14.0,2786.0,199.0,0
2026-03-07,D01,11.0,2189.0,199.0,0
2026-03-08,D01,15.0,2985.0,199.0,0
2026-03-09,D01,17.0,3383.0,199.0,0
2026-03-10,D01,9.0,1791.0,199.0,0
2026-03-11,D01,10.0,1990.0,199.0,0
2026-03-12,D01,15.0,2985.0,199.0,0
2026-03-13,D01,9.0,1791.0,199.0,0
2026-03-14,D01,13.0,2587.0,199.0,0
2026-03-15,D01,12.0,2388.0,199.0,0
2026-03-16,D01,7.0,1393.0,199.0,0
2026-03-17,D01,11.0,2189.0,199.0,0
2026-03-18,D01,15.0,2985.0,199.0,0
2026-03-19,D01,13.0,2587.0,199.0,0
2026-03-20,D01,20.0,3980.0,199.0,0
2026-03-21,D01,10.0,1990.0,199.0,0
2026-03-22,D01,11.0,2189.0,199.0,0
2026-03-23,D01,10.0,1990.0,199.0,0
2026-03-24,D01,10.0,1990.0,199.0,0
2026-03-25,D01,11.0,2189.0,199.0,0
2026-03-26,D01,12.0,2388.0,199.0,0
2026-03-27,D01,6.0,1194.0,199.0,0
2026-03-28,D01,12.0,2388.0,199.0,0
2026-03-29,D01,18.0,3582.0,199.0,0
2026-03-30,D01,8.0,1592.0,199.0,0
2026-03-31,D01,14.0,2786.0,199.0,0
2026-04-01,D01,14.0,2786.0,199.0,0
2026-04-02,D01,22.0,4378.0,199.0,0
2026-04-03,D01,13.0,2587.0,199.0,0
2026-04-04,D01,11.0,2189.0,199.0,0
2026-04-05,D01,15.0,2985.0,199.0,0
2026-04-06,D01,11.0,2189.0,199.0,0
2026-04-07,D01,10.0,1990.0,199.0,0
2026-04-08,D01,14.0,2786.0,199.0,0
2026-04-09,D01,11.0,2189.0,199.0,0
2026-04-10,D01,14.0,2786.0,199.0,0
2026-04-11,D01,21.0,4179.0,199.0,0
2026-04-12,D01,11.0,2189.0,199.0,0
2026-04-13,D01,9.0,1791.0,199.0,0
2026-04-14,D01,11.0,2189.0,199.0,0
2026-04-15,D01,15.0,2985.0,199.0,0
2026-04-16,D01,11.0,2189.0,199.0,0
2026-04-17,D01,18.0,3582.0,199.0,0
2026-04-18,D01,15.0,2985.0,199.0,0
2026-04-19,D01,14.0,2786.0,199.0,0
2026-04-20,D01,5.0,995.0,199.0,0
2026-04-21,D01,14.0,2786.0,199.0,0
2026-04-22,D01,10.0,1990.0,199.0,0
2026-04-23,D01,9.0,1791.0,199.0,0
2026-04-24,D01,12.0,2388.0,199.0,0
2026-04-25,D01,19.0,3781.0,199.0,0
2026-04-26,D01,16.0,3184.0,199.0,0
2026-04-27,D01,13.0,2587.0,199.0,0
2026-04-28,D01,14.0,2786.0,199.0,0
2026-04-29,D01,9.0,1791.0,199.0,0
2026-04-30,D01,15.0,2985.0,199.0,0
2026-05-01,D01,10.0,1990.0,199.0,0
2026-05-02,D01,19.0,3781.0,199.0,0
2026-05-03,D01,14.0,2786.0,199.0,0
2026-05-04,D01,9.0,1791.0,199.0,0
2026-05-05,D01,15.0,2985.0,199.0,0
2026-05-06,D01,7.0,1393.0,199.0,0
2026-05-07,D01,17.0,3383.0,199.0,0
2026-05-08,D01,13.0,2587.0,199.0,0
2026-05-09,D01,14.0,2786.0,199.0,0
2026-05-10,D01,21.0,3549.0,169.0,1
2026-05-11,D01,10.0,1690.0,169.0,1
2026-05-12,D01,27.0,4563.0,169.0,1
2026-05-13,D01,18.0,3042.0,169.0,1
2026-05-14,D01,18.0,3042.0,169.0,1
2026-05-15,D01,15.0,2535.0,169.0,1
2026-05-16,D01,19.0,3211.0,169.0,1
2026-05-17,D01,25.0,4225.0,169.0,1
2026-05-18,D01,19.0,3211.0,169.0,1
2026-05-19,D01,15.0,2535.0,169.0,1
2026-05-20,D01,12.0,2388.0,199.0,0
2026-05-21,D01,7.0,1393.0,199.0,0
2026-05-22,D01,14.0,2786.0,199.0,0
2026-05-23,D01,8.0,1592.0,199.0,0
2026-05-24,D01,8.0,1592.0,199.0,0
2026-05-25,D01,11.0,2189.0,199.0,0
2026-05-26,D01,6.0,1194.0,199.0,0
2026-05-27,D01,10.0,1990.0,199.0,0
2026-05-28,D01,14.0,2786.0,199.0,0
2026-05-29,D01,13.0,2587.0,199.0,0
2026-05-30,D01,11.0,2189.0,199.0,0
2026-05-31,D01,10.0,1990.0,199.0,0
2026-06-01,D01,16.0,3184.0,199.0,0
2026-06-02,D01,14.0,2786.0,199.0,0
2026-06-03,D01,14.0,2786.0,199.0,0
2026-06-04,D01,10.0,1990.0,199.0,0
2026-06-05,D01,11.0,2189.0,199.0,0
2026-06-06,D01,12.0,2388.0,199.0,0
2026-06-07,D01,11.0,2189.0,199.0,0
2026-06-08,D01,12.0,2388.0,199.0,0
2026-06-09,D01,16.0,3184.0,199.0,0
2026-06-10,D01,11.0,2189.0,199.0,0
2026-06-11,D01,16.0,3184.0,199.0,0
2026-06-12,D01,13.0,2587.0,199.0,0
2026-06-13,D01,12.0,2388.0,199.0,0
2026-06-14,D01,9.0,1791.0,199.0,0
2026-06-15,D01,15.0,2985.0,199.0,0
2026-06-16,D01,17.0,3383.0,199.0,0
2026-06-17,D01,11.0,2189.0,199.0,0
2026-06-18,D01,12.0,2388.0,199.0,0
2026-06-19,D01,14.0,2786.0,199.0,0
2026-06-20,D01,24.0,4776.0,199.0,0
2026-06-21,D01,16.0,3184.0,199.0,0
2026-06-22,D01,13.0,2587.0,199.0,0
2026-06-23,D01,8.0,1592.0,199.0,0
2026-06-24,D01,12.0,2388.0,199.0,0
2026-06-25,D01,15.0,2985.0,199.0,0
2026-06-26,D01,11.0,2189.0,199.0,0
2026-06-27,D01,8.0,1592.0,199.0,0
2026-06-28,D01,14.0,2786.0,199.0,0
2026-06-29,D01,13.0,2587.0,199.0,0
2026-06-30,D01,9.0,1791.0,199.0,0
2026-07-01,D01,6.0,1194.0,199.0,0
2026-07-02,D01,9.0,1791.0,199.0,0
2026-07-03,D01,10.0,1990.0,199.0,0
2026-07-04,D01,13.0,2587.0,199.0,0
2026-07-05,D01,20.0,3980.0,199.0,0
2026-07-06,D01,15.0,2985.0,199.0,0
2026-07-07,D01,15.0,2985.0,199.0,0
2026-07-08,D01,15.0,2985.0,199.0,0
2026-07-09,D01,15.0,2985.0,199.0,0
2026-07-10,D01,9.0,1791.0,199.0,0
2026-07-11,D01,14.0,2786.0,199.0,0
2026-07-12,D01,15.0,2985.0,199.0,0
2026-07-13,D01,11.0,2189.0,199.0,0
2026-07-14,D01,8.0,1592.0,199.0,0
2026-07-15,D01,14.0,2786.0,199.0,0
2026-07-16,D01,18.0,3582.0,199.0,0
2026-07-17,D01,15.0,2985.0,199.0,0
2026-07-18,D01,11.0,2189.0,199.0,0
2026-07-19,D01,12.0,2388.0,199.0,0
2026-07-20,D01,8.0,1592.0,199.0,0
2026-07-21,D01,11.0,2189.0,199.0,0
2026-07-22,D01,14.0,2786.0,199.0,0
2026-07-23,D01,13.0,2587.0,199.0,0
2026-07-24,D01,9.0,1791.0,199.0,0
2026-07-25,D01,12.0,2388.0,199.0,0
2026-07-26,D01,18.0,3582.0,199.0,0
2026-07-27,D01,20.0,3980.0,199.0,0
2026-07-28,D01,12.0,2388.0,199.0,0
2026-07-29,D01,9.0,1791.0,199.0,0
2026-07-30,D01,10.0,1990.0,199.0,0
2026-07-31,D01,6.0,1194.0,199.0,0
2026-08-01,D01,13.0,2587.0,199.0,0
2026-08-02,D01,16.0,3184.0,199.0,0
2026-08-03,D01,13.0,2587.0,199.0,0
2026-08-04,D01,7.0,1393.0,199.0,0
2026-08-05,D01,17.0,3383.0,199.0,0
2026-08-06,D01,6.0,1194.0,199.0,0
2026-08-07,D01,9.0,1791.0,199.0,0
2026-08-08,D01,24.0,4776.0,199.0,0
2026-08-09,D01,12.0,2388.0,199.0,0
2026-08-10,D01,13.0,2587.0,199.0,0
2026-08-11,D01,14.0,2786.0,199.0,0
2026-08-12,D01,15.0,2985.0,199.0,0
2026-08-13,D01,12.0,2388.0,199.0,0
2026-08-14,D01,16.0,3184.0,199.0,0
2026-08-15,D01,11.0,2189.0,199.0,0
2026-08-16,D01,14.0,2786.0,199.0,0
2026-08-17,D01,13.0,2587.0,199.0,0
2026-08-18,D01,16.0,3184.0,199.0,0
2026-08-19,D01,13.0,2587.0,199.0,0
2026-08-20,D01,12.0,2388.0,199.0,0
2026-08-21,D01,16.0,3184.0,199.0,0
2026-08-22,D01,10.0,1990.0,199.0,0
2026-08-23,D01,17.0,3383.0,199.0,0
2026-08-24,D01,21.0,4179.0,199.0,0
2026-08-25,D01,12.0,2388.0,199.0,0
2026-08-26,D01,10.0,1990.0,199.0,0
2026-08-27,D01,8.0,1592.0,199.0,0
2026-08-28,D01,9.0,1791.0,199.0,0
2026-08-29,D01,15.0,2985.0,199.0,0
2026-08-30,D01,18.0,3582.0,199.0,0
2026-08-31,D01,9.0,1791.0,199.0,0
2026-09-01,D01,14.0,2786.0,199.0,0
2026-09-02,D01,7.0,1393.0,199.0,0
2026-09-03,D01,10.0,1990.0,199.0,0
2026-09-04,D01,9.0,1791.0,199.0,0
2026-09-05,D01,17.0,3383.0,199.0,0
2026-09-06,D01,15.0,2985.0,199.0,0
2026-09-07,D01,9.0,1791.0,199.0,0
2026-09-08,D01,7.0,1393.0,199.0,0
2026-09-09,D01,11.0,2189.0,199.0,0
2026-09-10,D01,14.0,2786.0,199.0,0
2026-09-11,D01,16.0,3184.0,199.0,0
2026-09-12,D01,14.0,2786.0,199.0,0
2026-09-13,D01,8.0,1592.0,199.0,0
2026-09-14,D01,16.0,3184.0,199.0,0
2026-09-15,D01,18.0,3582.0,199.0,0
2026-09-16,D01,14.0,2786.0,199.0,0
2026-09-17,D01,16.0,3184.0,199.0,0
2026-09-18,D01,15.0,2985.0,199.0,0
2026-09-19,D01,18.0,3582.0,199.0,0
2026-09-20,D01,9.0,1791.0,199.0,0
2026-09-21,D01,25.0,4975.0,199.0,0
2026-09-22,D01,20.0,3980.0,199.0,0
2026-09-23,D01,13.0,2587.0,199.0,0
2026-09-24,D01,16.0,3184.0,199.0,0
2026-09-25,D01,13.0,2587.0,199.0,0
2026-09-26,D01,19.0,3781.0,199.0,0
2026-09-27,D01,18.0,3582.0,199.0,0
2024-01-01,D02,3.0,2247.0,749.0,0
2024-01-02,D02,2.0,1498.0,749.0,0
2024-01-03,D02,5.0,3745.0,749.0,0
2024-01-04,D02,5.0,3745.0,749.0,0
2024-01-05,D02,4.0,2996.0,749.0,0
2024-01-06,D02,7.0,5243.0,749.0,0
2024-01-07,D02,3.0,2247.0,749.0,0
2024-01-08,D02,5.0,3745.0,749.0,0
2024-01-09,D02,5.0,3745.0,749.0,0
2024-01-10,D02,5.0,3745.0,749.0,0
2024-01-11,D02,3.0,2247.0,749.0,0
2024-01-12,D02,2.0,1498.0,749.0,0
2024-01-13,D02,5.0,3745.0,749.0,0
2024-01-14,D02,1.0,749.0,749.0,0
2024-01-15,D02,2.0,1498.0,749.0,0
2024-01-16,D02,3.0,2247.0,749.0,0
2024-01-17,D02,3.0,2247.0,749.0,0
2024-01-18,D02,4.0,2996.0,749.0,0
2024-01-19,D02,7.0,5243.0,749.0,0
2024-01-20,D02,3.0,2247.0,749.0,0
2024-01-21,D02,6.0,4494.0,749.0,0
2024-01-22,D02,9.0,5733.0,637.0,1
2024-01-23,D02,4.0,2548.0,637.0,1
2024-01-24,D02,3.0,1911.0,637.0,1
2024-01-25,D02,4.0,2548.0,637.0,1
2024-01-26,D02,1.0,637.0,637.0,1
2024-01-27,D02,10.0,6370.0,637.0,1
2024-01-28,D02,7.0,4459.0,637.0,1
2024-01-29,D02,2.0,1498.0,749.0,0
2024-01-30,D02,2.0,1498.0,749.0,0
2024-01-31,D02,3.0,2247.0,749.0,0
2024-02-01,D02,8.0,5992.0,749.0,0
2024-02-02,D02,2.0,1498.0,749.0,0
2024-02-03,D02,1.0,749.0,749.0,0
2024-02-04,D02,4.0,2996.0,749.0,0
2024-02-05,D02,6.0,4494.0,749.0,0
2024-02-06,D02,5.0,3745.0,749.0,0
2024-02-07,D02,4.0,2996.0,749.0,0
2024-02-08,D02,2.0,1498.0,749.0,0
2024-02-09,D02,3.0,2247.0,749.0,0
2024-02-10,D02,0.0,0.0,749.0,0
2024-02-11,D02,3.0,2247.0,749.0,0
2024-02-12,D02,3.0,2247.0,749.0,0
2024-02-13,D02,5.0,3745.0,749.0,0
2024-02-14,D02,7.0,5243.0,749.0,0
2024-02-15,D02,5.0,3745.0,749.0,0
2024-02-16,D02,7.0,5243.0,749.0,0
2024-02-17,D02,9.0,6741.0,749.0,0
2024-02-18,D02,2.0,1498.0,749.0,0
2024-02-19,D02,1.0,749.0,749.0,0
2024-02-20,D02,4.0,2996.0,749.0,0
2024-02-21,D02,4.0,2996.0,749.0,0
2024-02-22,D02,5.0,3745.0,749.0,0
2024-02-23,D02,1.0,749.0,749.0,0
2024-02-24,D02,1.0,749.0,749.0,0
2024-02-25,D02,2.0,1498.0,749.0,0
2024-02-26,D02,2.0,1498.0,749.0,0
2024-02-27,D02,8.0,5992.0,749.0,0
2024-02-28,D02,5.0,3745.0,749.0,0
2024-02-29,D02,3.0,2247.0,749.0,0
2024-03-01,D02,6.0,4494.0,749.0,0
2024-03-02,D02,3.0,2247.0,749.0,0
2024-03-03,D02,6.0,4494.0,749.0,0
2024-03-04,D02,3.0,2247.0,749.0,0
2024-03-05,D02,5.0,3745.0,749.0,0
2024-03-06,D02,9.0,6741.0,749.0,0
2024-03-07,D02,6.0,4494.0,749.0,0
2024-03-08,D02,7.0,5243.0,749.0,0
2024-03-09,D02,2.0,1498.0,749.0,0
2024-03-10,D02,2.0,1498.0,749.0,0
2024-03-11,D02,2.0,1498.0,749.0,0
2024-03-12,D02,7.0,5243.0,749.0,0
2024-03-13,D02,4.0,2996.0,749.0,0
2024-03-14,D02,5.0,3745.0,749.0,0
2024-03-15,D02,4.0,2996.0,749.0,0
2024-03-16,D02,3.0,2247.0,749.0,0
2024-03-17,D02,4.0,2996.0,749.0,0
2024-03-18,D02,4.0,2996.0,749.0,0
2024-03-19,D02,4.0,2996.0,749.0,0
2024-03-20,D02,1.0,749.0,749.0,0
2024-03-21,D02,6.0,4494.0,749.0,0
2024-03-22,D02,2.0,1498.0,749.0,0
2024-03-23,D02,2.0,1498.0,749.0,0
2024-03-24,D02,8.0,5992.0,749.0,0
2024-03-25,D02,4.0,2996.0,749.0,0
2024-03-26,D02,6.0,4494.0,749.0,0
2024-03-27,D02,3.0,2247.0,749.0,0
2024-03-28,D02,4.0,2996.0,749.0,0
2024-03-29,D02,3.0,2247.0,749.0,0
2024-03-30,D02,8.0,5992.0,749.0,0
2024-03-31,D02,5.0,3745.0,749.0,0
2024-04-01,D02,3.0,2247.0,749.0,0
2024-04-02,D02,4.0,2996.0,749.0,0
2024-04-03,D02,5.0,3745.0,749.0,0
2024-04-04,D02,7.0,5243.0,749.0,0
2024-04-05,D02,4.0,2996.0,749.0,0
2024-04-06,D02,3.0,2247.0,749.0,0
2024-04-07,D02,4.0,2996.0,749.0,0
2024-04-08,D02,2.0,1498.0,749.0,0
2024-04-09,D02,5.0,3745.0,749.0,0
2024-04-10,D02,3.0,2247.0,749.0,0
2024-04-11,D02,7.0,5243.0,749.0,0
2024-04-12,D02,5.0,3745.0,749.0,0
2024-04-13,D02,4.0,2996.0,749.0,0
2024-04-14,D02,4.0,2996.0,749.0,0
2024-04-15,D02,6.0,4494.0,749.0,0
2024-04-16,D02,4.0,2996.0,749.0,0
2024-04-17,D02,6.0,4494.0,749.0,0
2024-04-18,D02,6.0,4494.0,749.0,0
2024-04-19,D02,6.0,4494.0,749.0,0
2024-04-20,D02,8.0,5992.0,749.0,0
2024-04-21,D02,5.0,3745.0,749.0,0
2024-04-22,D02,3.0,2247.0,749.0,0
2024-04-23,D02,4.0,2996.0,749.0,0
2024-04-24,D02,9.0,6741.0,749.0,0
2024-04-25,D02,8.0,5992.0,749.0,0
2024-04-26,D02,1.0,749.0,749.0,0
2024-04-27,D02,2.0,1498.0,749.0,0
2024-04-28,D02,8.0,5992.0,749.0,0
2024-04-29,D02,5.0,3745.0,749.0,0
2024-04-30,D02,2.0,1498.0,749.0,0
2024-05-01,D02,3.0,2247.0,749.0,0
2024-05-02,D02,3.0,2247.0,749.0,0
2024-05-03,D02,6.0,4494.0,749.0,0
2024-05-04,D02,7.0,5243.0,749.0,0
2024-05-05,D02,7.0,5243.0,749.0,0
2024-05-06,D02,3.0,2247.0,749.0,0
2024-05-07,D02,4.0,2996.0,749.0,0
2024-05-08,D02,4.0,2996.0,749.0,0
2024-05-09,D02,8.0,5992.0,749.0,0
2024-05-10,D02,6.0,3822.0,637.0,1
2024-05-11,D02,10.0,6370.0,637.0,1
2024-05-12,D02,4.0,2548.0,637.0,1
2024-05-13,D02,5.0,3185.0,637.0,1
2024-05-14,D02,6.0,3822.0,637.0,1
2024-05-15,D02,4.0,2548.0,637.0,1
2024-05-16,D02,14.0,8918.0,637.0,1
2024-05-17,D02,6.0,3822.0,637.0,1
2024-05-18,D02,12.0,7644.0,637.0,1
2024-05-19,D02,11.0,7007.0,637.0,1
2024-05-20,D02,4.0,2996.0,749.0,0
2024-05-21,D02,3.0,2247.0,749.0,0
2024-05-22,D02,3.0,2247.0,749.0,0
2024-05-23,D02,3.0,2247.0,749.0,0
2024-05-24,D02,4.0,2996.0,749.0,0
2024-05-25,D02,0.0,0.0,749.0,0
2024-05-26,D02,1.0,749.0,749.0,0
2024-05-27,D02,3.0,2247.0,749.0,0
2024-05-28,D02,5.0,3745.0,749.0,0
2024-05-29,D02,5.0,3745.0,749.0,0
2024-05-30,D02,1.0,749.0,749.0,0
2024-05-31,D02,2.0,1498.0,749.0,0
2024-06-01,D02,5.0,3745.0,749.0,0
2024-06-02,D02,5.0,3745.0,749.0,0
2024-06-03,D02,5.0,3745.0,749.0,0
2024-06-04,D02,2.0,1498.0,749.0,0
2024-06-05,D02,7.0,5243.0,749.0,0
2024-06-06,D02,4.0,2996.0,749.0,0
2024-06-07,D02,4.0,2996.0,749.0,0
2024-06-08,D02,3.0,2247.0,749.0,0
2024-06-09,D02,3.0,2247.0,749.0,0
2024-06-10,D02,4.0,2996.0,749.0,0
2024-06-11,D02,4.0,2996.0,749.0,0
2024-06-12,D02,6.0,4494.0,749.0,0
2024-06-13,D02,3.0,2247.0,749.0,0
2024-06-14,D02,1.0,749.0,749.0,0
2024-06-15,D02,9.0,6741.0,749.0,0
2024-06-16,D02,6.0,4494.0,749.0,0
2024-06-17,D02,3.0,2247.0,749.0,0
2024-06-18,D02,1.0,749.0,749.0,0
2024-06-19,D02,4.0,2996.0,749.0,0
2024-06-20,D02,3.0,2247.0,749.0,0
2024-06-21,D02,2.0,1498.0,749.0,0
2024-06-22,D02,2.0,1498.0,749.0,0
2024-06-23,D02,6.0,4494.0,749.0,0
2024-06-24,D02,4.0,2996.0,749.0,0
2024-06-25,D02,3.0,2247.0,749.0,0
2024-06-26,D02,4.0,2996.0,749.0,0
2024-06-27,D02,5.0,3745.0,749.0,0
2024-06-28,D02,6.0,4494.0,749.0,0
2024-06-29,D02,4.0,2996.0,749.0,0
2024-06-30,D02,5.0,3745.0,749.0,0
2024-07-01,D02,3.0,2247.0,749.0,0
2024-07-02,D02,3.0,2247.0,749.0,0
2024-07-03,D02,3.0,2247.0,749.0,0
2024-07-04,D02,4.0,2996.0,749.0,0
2024-07-05,D02,5.0,3745.0,749.0,0
2024-07-06,D02,0.0,0.0,749.0,0
2024-07-07,D02,2.0,1498.0,749.0,0
2024-07-08,D02,3.0,2247.0,749.0,0
2024-07-09,D02,2.0,1498.0,749.0,0
2024-07-10,D02,3.0,2247.0,749.0,0
2024-07-11,D02,5.0,3745.0,749.0,0
2024-07-12,D02,5.0,3745.0,749.0,0
2024-07-13,D02,2.0,1498.0,749.0,0
2024-07-14,D02,5.0,3745.0,749.0,0
2024-07-15,D02,8.0,5992.0,749.0,0
2024-07-16,D02,6.0,4494.0,749.0,0
2024-07-17,D02,4.0,2996.0,749.0,0
2024-07-18,D02,4.0,2996.0,749.0,0
2024-07-19,D02,6.0,4494.0,749.0,0
2024-07-20,D02,5.0,3745.0,749.0,0
2024-07-21,D02,4.0,2996.0,749.0,0
2024-07-22,D02,5.0,3745.0,749.0,0
2024-07-23,D02,2.0,1498.0,749.0,0
2024-07-24,D02,6.0,4494.0,749.0,0
2024-07-25,D02,6.0,4494.0,749.0,0
2024-07-26,D02,5.0,3745.0,749.0,0
2024-07-27,D02,6.0,4494.0,749.0,0
2024-07-28,D02,3.0,2247.0,749.0,0
2024-07-29,D02,6.0,4494.0,749.0,0
2024-07-30,D02,6.0,4494.0,749.0,0
2024-07-31,D02,7.0,5243.0,749.0,0
2024-08-01,D02,4.0,2996.0,749.0,0
2024-08-02,D02,5.0,3745.0,749.0,0
2024-08-03,D02,10.0,7490.0,749.0,0
2024-08-04,D02,3.0,2247.0,749.0,0
2024-08-05,D02,3.0,2247.0,749.0,0
2024-08-06,D02,2.0,1498.0,749.0,0
2024-08-07,D02,6.0,4494.0,749.0,0
2024-08-08,D02,2.0,1498.0,749.0,0
2024-08-09,D02,1.0,749.0,749.0,0
2024-08-10,D02,4.0,2996.0,749.0,0
2024-08-11,D02,7.0,5243.0,749.0,0
2024-08-12,D02,2.0,1498.0,749.0,0
2024-08-13,D02,3.0,2247.0,749.0,0
2024-08-14,D02,7.0,5243.0,749.0,0
2024-08-15,D02,2.0,1498.0,749.0,0
2024-08-16,D02,3.0,2247.0,749.0,0
2024-08-17,D02,4.0,2996.0,749.0,0
2024-08-18,D02,6.0,4494.0,749.0,0
2024-08-19,D02,6.0,4494.0,749.0,0
2024-08-20,D02,7.0,5243.0,749.0,0
2024-08-21,D02,3.0,2247.0,749.0,0
2024-08-22,D02,4.0,2996.0,749.0,0
2024-08-23,D02,8.0,5992.0,749.0,0
2024-08-24,D02,4.0,2996.0,749.0,0
2024-08-25,D02,3.0,2247.0,749.0,0
2024-08-26,D02,2.0,1498.0,749.0,0
2024-08-27,D02,1.0,749.0,749.0,0
2024-08-28,D02,3.0,2247.0,749.0,0
2024-08-29,D02,1.0,749.0,749.0,0
2024-08-30,D02,8.0,5992.0,749.0,0
2024-08-31,D02,3.0,2247.0,749.0,0
2024-09-01,D02,6.0,4494.0,749.0,0
2024-09-02,D02,2.0,1498.0,749.0,0
2024-09-03,D02,3.0,2247.0,749.0,0
2024-09-04,D02,3.0,2247.0,749.0,0
2024-09-05,D02,4.0,2996.0,749.0,0
2024-09-06,D02,6.0,4494.0,749.0,0
2024-09-07,D02,5.0,3745.0,749.0,0
2024-09-08,D02,7.0,5243.0,749.0,0
2024-09-09,D02,3.0,2247.0,749.0,0
2024-09-10,D02,5.0,3745.0,749.0,0
2024-09-11,D02,2.0,1498.0,749.0,0
2024-09-12,D02,4.0,2996.0,749.0,0
2024-09-13,D02,5.0,3745.0,749.0,0
2024-09-14,D02,7.0,5243.0,749.0,0
2024-09-15,D02,7.0,5243.0,749.0,0
2024-09-16,D02,5.0,3745.0,749.0,0
2024-09-17,D02,8.0,5992.0,749.0,0
2024-09-18,D02,3.0,2247.0,749.0,0
2024-09-19,D02,3.0,2247.0,749.0,0
2024-09-20,D02,5.0,3745.0,749.0,0
2024-09-21,D02,6.0,4494.0,749.0,0
2024-09-22,D02,11.0,8239.0,749.0,0
2024-09-23,D02,7.0,5243.0,749.0,0
2024-09-24,D02,5.0,3745.0,749.0,0
2024-09-25,D02,4.0,2996.0,749.0,0
2024-09-26,D02,3.0,2247.0,749.0,0
2024-09-27,D02,3.0,2247.0,749.0,0
2024-09-28,D02,6.0,4494.0,749.0,0
2024-09-29,D02,8.0,5992.0,749.0,0
2024-09-30,D02,2.0,1498.0,749.0,0
2024-10-01,D02,5.0,3745.0,749.0,0
2024-10-02,D02,2.0,1498.0,749.0,0
2024-10-03,D02,7.0,5243.0,749.0,0
2024-10-04,D02,6.0,4494.0,749.0,0
2024-10-05,D02,4.0,2996.0,749.0,0
2024-10-06,D02,11.0,8239.0,749.0,0
2024-10-07,D02,8.0,5992.0,749.0,0
2024-10-08,D02,4.0,2996.0,749.0,0
2024-10-09,D02,10.0,7490.0,749.0,0
2024-10-10,D02,8.0,5992.0,749.0,0
2024-10-11,D02,8.0,5992.0,749.0,0
2024-10-12,D02,1.0,749.0,749.0,0
2024-10-13,D02,10.0,7490.0,749.0,0
2024-10-14,D02,10.0,7490.0,749.0,0
2024-10-15,D02,6.0,4494.0,749.0,0
2024-10-16,D02,9.0,6741.0,749.0,0
2024-10-17,D02,5.0,3745.0,749.0,0
2024-10-18,D02,0.0,0.0,749.0,0
2024-10-19,D02,10.0,7490.0,749.0,0
2024-10-20,D02,7.0,5243.0,749.0,0
2024-10-21,D02,4.0,2996.0,749.0,0
2024-10-22,D02,8.0,5992.0,749.0,0
2024-10-23,D02,10.0,7490.0,749.0,0
2024-10-24,D02,4.0,2996.0,749.0,0
2024-10-25,D02,1.0,749.0,749.0,0
2024-10-26,D02,8.0,5992.0,749.0,0
2024-10-27,D02,6.0,4494.0,749.0,0
2024-10-28,D02,7.0,4459.0,637.0,1
2024-10-29,D02,9.0,5733.0,637.0,1
2024-10-30,D02,5.0,3185.0,637.0,1
2024-10-31,D02,11.0,7007.0,637.0,1
2024-11-01,D02,9.0,5733.0,637.0,1
2024-11-02,D02,6.0,3822.0,637.0,1
2024-11-03,D02,12.0,7644.0,637.0,1
2024-11-04,D02,8.0,5992.0,749.0,0
2024-11-05,D02,9.0,6741.0,749.0,0
2024-11-06,D02,7.0,5243.0,749.0,0
2024-11-07,D02,7.0,5243.0,749.0,0
2024-11-08,D02,8.0,5992.0,749.0,0
2024-11-09,D02,9.0,6741.0,749.0,0
2024-11-10,D02,6.0,4494.0,749.0,0
2024-11-11,D02,8.0,5992.0,749.0,0
2024-11-12,D02,4.0,2996.0,749.0,0
2024-11-13,D02,8.0,5992.0,749.0,0
2024-11-14,D02,8.0,5992.0,749.0,0
2024-11-15,D02,6.0,4494.0,749.0,0
2024-11-16,D02,5.0,3745.0,749.0,0
2024-11-17,D02,2.0,1498.0,749.0,0
2024-11-18,D02,7.0,5243.0,749.0,0
2024-11-19,D02,3.0,2247.0,749.0,0
2024-11-20,D02,4.0,2996.0,749.0,0
2024-11-21,D02,4.0,2996.0,749.0,0
2024-11-22,D02,2.0,1498.0,749.0,0
2024-11-23,D02,5.0,3745.0,749.0,0
2024-11-24,D02,2.0,1498.0,749.0,0
2024-11-25,D02,4.0,2996.0,749.0,0
2024-11-26,D02,6.0,4494.0,749.0,0
2024-11-27,D02,3.0,2247.0,749.0,0
2024-11-28,D02,7.0,5243.0,749.0,0
2024-11-29,D02,5.0,3745.0,749.0,0
2024-11-30,D02,3.0,2247.0,749.0,0
2024-12-01,D02,5.0,3745.0,749.0,0
2024-12-02,D02,5.0,3745.0,749.0,0
2024-12-03,D02,3.0,2247.0,749.0,0
2024-12-04,D02,3.0,2247.0,749.0,0
2024-12-05,D02,2.0,1498.0,749.0,0
2024-12-06,D02,2.0,1498.0,749.0,0
2024-12-07,D02,5.0,3745.0,749.0,0
2024-12-08,D02,1.0,749.0,749.0,0
2024-12-09,D02,1.0,749.0,749.0,0
2024-12-10,D02,3.0,2247.0,749.0,0
2024-12-11,D02,6.0,4494.0,749.0,0
2024-12-12,D02,6.0,4494.0,749.0,0
2024-12-13,D02,2.0,1498.0,749.0,0
2024-12-14,D02,7.0,5243.0,749.0,0
2024-12-15,D02,8.0,5992.0,749.0,0
2024-12-16,D02,7.0,5243.0,749.0,0
2024-12-17,D02,2.0,1498.0,749.0,0
2024-12-18,D02,3.0,2247.0,749.0,0
2024-12-19,D02,4.0,2996.0,749.0,0
2024-12-20,D02,9.0,6741.0,749.0,0
2024-12-21,D02,8.0,5992.0,749.0,0
2024-12-22,D02,3.0,2247.0,749.0,0
2024-12-23,D02,4.0,2996.0,749.0,0
2024-12-24,D02,4.0,2996.0,749.0,0
2024-12-25,D02,1.0,749.0,749.0,0
2024-12-26,D02,4.0,2996.0,749.0,0
2024-12-27,D02,7.0,5243.0,749.0,0
2024-12-28,D02,4.0,2996.0,749.0,0
2024-12-29,D02,6.0,4494.0,749.0,0
2024-12-30,D02,7.0,5243.0,749.0,0
2024-12-31,D02,4.0,2996.0,749.0,0
2025-01-01,D02,2.0,1498.0,749.0,0
2025-01-02,D02,2.0,1498.0,749.0,0
2025-01-03,D02,7.0,5243.0,749.0,0
2025-01-04,D02,9.0,6741.0,749.0,0
2025-01-05,D02,7.0,5243.0,749.0,0
2025-01-06,D02,8.0,5992.0,749.0,0
2025-01-07,D02,3.0,2247.0,749.0,0
2025-01-08,D02,3.0,2247.0,749.0,0
2025-01-09,D02,6.0,4494.0,749.0,0
2025-01-10,D02,4.0,2996.0,749.0,0
2025-01-11,D02,3.0,2247.0,749.0,0
2025-01-12,D02,4.0,2996.0,749.0,0
2025-01-13,D02,7.0,5243.0,749.0,0
2025-01-14,D02,8.0,5992.0,749.0,0
2025-01-15,D02,3.0,2247.0,749.0,0
2025-01-16,D02,3.0,2247.0,749.0,0
2025-01-17,D02,4.0,2996.0,749.0,0
2025-01-18,D02,7.0,5243.0,749.0,0
2025-01-19,D02,8.0,5992.0,749.0,0
2025-01-20,D02,6.0,4494.0,749.0,0
2025-01-21,D02,3.0,2247.0,749.0,0
2025-01-22,D02,3.0,1911.0,637.0,1
2025-01-23,D02,4.0,2548.0,637.0,1
2025-01-24,D02,5.0,3185.0,637.0,1
2025-01-25,D02,7.0,4459.0,637.0,1
2025-01-26,D02,13.0,8281.0,637.0,1
2025-01-27,D02,,3185.0,637.0,1
2025-01-28,D02,7.0,4459.0,637.0,1
2025-01-29,D02,6.0,4494.0,749.0,0
2025-01-30,D02,5.0,3745.0,749.0,0
2025-01-31,D02,7.0,5243.0,749.0,0
2025-02-01,D02,1.0,749.0,749.0,0
2025-02-02,D02,2.0,1498.0,749.0,0
2025-02-03,D02,2.0,1498.0,749.0,0
2025-02-04,D02,7.0,5243.0,749.0,0
2025-02-05,D02,4.0,2996.0,749.0,0
2025-02-06,D02,3.0,2247.0,749.0,0
2025-02-07,D02,8.0,5992.0,749.0,0
2025-02-08,D02,3.0,2247.0,749.0,0
2025-02-09,D02,4.0,2996.0,749.0,0
2025-02-10,D02,3.0,2247.0,749.0,0
2025-02-11,D02,1.0,749.0,749.0,0
2025-02-12,D02,5.0,3745.0,749.0,0
2025-02-13,D02,3.0,2247.0,749.0,0
2025-02-14,D02,5.0,3745.0,749.0,0
2025-02-15,D02,4.0,2996.0,749.0,0
2025-02-16,D02,10.0,7490.0,749.0,0
2025-02-17,D02,3.0,2247.0,749.0,0
2025-02-18,D02,4.0,2996.0,749.0,0
2025-02-19,D02,10.0,7490.0,749.0,0
2025-02-20,D02,1.0,749.0,749.0,0
2025-02-21,D02,3.0,2247.0,749.0,0
2025-02-22,D02,6.0,4494.0,749.0,0
2025-02-23,D02,6.0,4494.0,749.0,0
2025-02-24,D02,1.0,749.0,749.0,0
2025-02-25,D02,4.0,2996.0,749.0,0
2025-02-26,D02,6.0,4494.0,749.0,0
2025-02-27,D02,3.0,2247.0,749.0,0
2025-02-28,D02,7.0,5243.0,749.0,0
2025-03-01,D02,4.0,2996.0,749.0,0
2025-03-02,D02,2.0,1498.0,749.0,0
2025-03-03,D02,2.0,1498.0,749.0,0
2025-03-04,D02,4.0,2996.0,749.0,0
2025-03-05,D02,4.0,2996.0,749.0,0
2025-03-06,D02,0.0,0.0,749.0,0
2025-03-07,D02,5.0,3745.0,749.0,0
2025-03-08,D02,7.0,5243.0,749.0,0
2025-03-09,D02,3.0,2247.0,749.0,0
2025-03-10,D02,8.0,5992.0,749.0,0
2025-03-11,D02,5.0,3745.0,749.0,0
2025-03-12,D02,3.0,2247.0,749.0,0
2025-03-13,D02,5.0,3745.0,749.0,0
2025-03-14,D02,5.0,3745.0,749.0,0
2025-03-15,D02,5.0,3745.0,749.0,0
2025-03-16,D02,3.0,2247.0,749.0,0
2025-03-17,D02,3.0,2247.0,749.0,0
2025-03-18,D02,4.0,2996.0,749.0,0
2025-03-19,D02,5.0,3745.0,749.0,0
2025-03-20,D02,5.0,3745.0,749.0,0
2025-03-21,D02,3.0,2247.0,749.0,0
2025-03-22,D02,2.0,1498.0,749.0,0
2025-03-23,D02,7.0,5243.0,749.0,0
2025-03-24,D02,5.0,3745.0,749.0,0
2025-03-25,D02,4.0,2996.0,749.0,0
2025-03-26,D02,2.0,1498.0,749.0,0
2025-03-27,D02,3.0,2247.0,749.0,0
2025-03-28,D02,8.0,5992.0,749.0,0
2025-03-29,D02,10.0,7490.0,749.0,0
2025-03-30,D02,5.0,3745.0,749.0,0
2025-03-31,D02,3.0,2247.0,749.0,0
2025-04-01,D02,8.0,5992.0,749.0,0
2025-04-02,D02,7.0,5243.0,749.0,0
2025-04-03,D02,8.0,5992.0,749.0,0
2025-04-04,D02,6.0,4494.0,749.0,0
2025-04-05,D02,5.0,3745.0,749.0,0
2025-04-06,D02,7.0,5243.0,749.0,0
2025-04-07,D02,2.0,1498.0,749.0,0
2025-04-08,D02,3.0,2247.0,749.0,0
2025-04-09,D02,3.0,2247.0,749.0,0
2025-04-10,D02,6.0,4494.0,749.0,0
2025-04-11,D02,1.0,749.0,749.0,0
2025-04-12,D02,3.0,2247.0,749.0,0
2025-04-13,D02,4.0,2996.0,749.0,0
2025-04-14,D02,5.0,3745.0,749.0,0
2025-04-15,D02,5.0,3745.0,749.0,0
2025-04-16,D02,5.0,3745.0,749.0,0
2025-04-17,D02,2.0,1498.0,749.0,0
2025-04-18,D02,2.0,1498.0,749.0,0
2025-04-19,D02,2.0,1498.0,749.0,0
2025-04-20,D02,8.0,5992.0,749.0,0
2025-04-21,D02,7.0,5243.0,749.0,0
2025-04-22,D02,3.0,2247.0,749.0,0
2025-04-23,D02,6.0,4494.0,749.0,0
2025-04-24,D02,3.0,2247.0,749.0,0
2025-04-25,D02,4.0,2996.0,749.0,0
2025-04-26,D02,5.0,3745.0,749.0,0
2025-04-27,D02,3.0,2247.0,749.0,0
2025-04-28,D02,3.0,2247.0,749.0,0
2025-04-29,D02,3.0,2247.0,749.0,0
2025-04-30,D02,4.0,2996.0,749.0,0
2025-05-01,D02,6.0,4494.0,749.0,0
2025-05-02,D02,7.0,5243.0,749.0,0
2025-05-03,D02,7.0,5243.0,749.0,0
2025-05-04,D02,6.0,4494.0,749.0,0
2025-05-05,D02,2.0,1498.0,749.0,0
2025-05-06,D02,6.0,4494.0,749.0,0
2025-05-07,D02,6.0,4494.0,749.0,0
2025-05-08,D02,5.0,3745.0,749.0,0
2025-05-09,D02,8.0,5992.0,749.0,0
2025-05-10,D02,7.0,4459.0,637.0,1
2025-05-11,D02,5.0,3185.0,637.0,1
2025-05-12,D02,7.0,4459.0,637.0,1
2025-05-13,D02,3.0,1911.0,637.0,1
2025-05-14,D02,10.0,6370.0,637.0,1
2025-05-15,D02,6.0,3822.0,637.0,1
2025-05-16,D02,9.0,5733.0,637.0,1
2025-05-17,D02,8.0,5096.0,637.0,1
2025-05-18,D02,3.0,1911.0,637.0,1
2025-05-19,D02,6.0,3822.0,637.0,1
2025-05-20,D02,6.0,4494.0,749.0,0
2025-05-21,D02,8.0,5992.0,749.0,0
2025-05-22,D02,4.0,2996.0,749.0,0
2025-05-23,D02,6.0,4494.0,749.0,0
2025-05-24,D02,5.0,3745.0,749.0,0
2025-05-25,D02,5.0,3745.0,749.0,0
2025-05-26,D02,5.0,3745.0,749.0,0
2025-05-27,D02,5.0,3745.0,749.0,0
2025-05-28,D02,3.0,2247.0,749.0,0
2025-05-29,D02,5.0,3745.0,749.0,0
2025-05-30,D02,3.0,2247.0,749.0,0
2025-05-31,D02,5.0,3745.0,749.0,0
2025-06-01,D02,6.0,4494.0,749.0,0
2025-06-02,D02,5.0,3745.0,749.0,0
2025-06-03,D02,4.0,2996.0,749.0,0
2025-06-04,D02,5.0,3745.0,749.0,0
2025-06-05,D02,5.0,3745.0,749.0,0
2025-06-06,D02,4.0,2996.0,749.0,0
2025-06-07,D02,7.0,5243.0,749.0,0
2025-06-08,D02,3.0,2247.0,749.0,0
2025-06-09,D02,6.0,4494.0,749.0,0
2025-06-10,D02,5.0,3745.0,749.0,0
2025-06-11,D02,7.0,5243.0,749.0,0
2025-06-12,D02,2.0,1498.0,749.0,0
2025-06-13,D02,2.0,1498.0,749.0,0
2025-06-14,D02,5.0,3745.0,749.0,0
2025-06-15,D02,3.0,2247.0,749.0,0
2025-06-16,D02,1.0,749.0,749.0,0
2025-06-17,D02,4.0,2996.0,749.0,0
2025-06-18,D02,7.0,5243.0,749.0,0
2025-06-19,D02,1.0,749.0,749.0,0
2025-06-20,D02,5.0,3745.0,749.0,0
2025-06-21,D02,4.0,2996.0,749.0,0
2025-06-22,D02,4.0,2996.0,749.0,0
2025-06-23,D02,3.0,2247.0,749.0,0
2025-06-24,D02,4.0,2996.0,749.0,0
2025-06-25,D02,6.0,4494.0,749.0,0
2025-06-26,D02,3.0,2247.0,749.0,0
2025-06-27,D02,4.0,2996.0,749.0,0
2025-06-28,D02,3.0,2247.0,749.0,0
2025-06-29,D02,5.0,3745.0,749.0,0
2025-06-30,D02,3.0,2247.0,749.0,0
2025-07-01,D02,7.0,5243.0,749.0,0
2025-07-02,D02,6.0,4494.0,749.0,0
2025-07-03,D02,3.0,2247.0,749.0,0
2025-07-04,D02,5.0,3745.0,749.0,0
2025-07-05,D02,8.0,5992.0,749.0,0
2025-07-06,D02,4.0,2996.0,749.0,0
2025-07-07,D02,3.0,2247.0,749.0,0
2025-07-08,D02,6.0,4494.0,749.0,0
2025-07-09,D02,8.0,5992.0,749.0,0
2025-07-10,D02,5.0,3745.0,749.0,0
2025-07-11,D02,3.0,2247.0,749.0,0
2025-07-12,D02,6.0,4494.0,749.0,0
2025-07-13,D02,8.0,5992.0,749.0,0
2025-07-14,D02,4.0,2996.0,749.0,0
2025-07-15,D02,7.0,5243.0,749.0,0
2025-07-16,D02,3.0,2247.0,749.0,0
2025-07-17,D02,6.0,4494.0,749.0,0
2025-07-18,D02,6.0,4494.0,749.0,0
2025-07-19,D02,5.0,3745.0,749.0,0
2025-07-20,D02,2.0,1498.0,749.0,0
2025-07-21,D02,2.0,1498.0,749.0,0
2025-07-22,D02,5.0,3745.0,749.0,0
2025-07-23,D02,4.0,2996.0,749.0,0
2025-07-24,D02,5.0,3745.0,749.0,0
2025-07-25,D02,6.0,4494.0,749.0,0
2025-07-26,D02,4.0,2996.0,749.0,0
2025-07-27,D02,9.0,6741.0,749.0,0
2025-07-28,D02,4.0,2996.0,749.0,0
2025-07-29,D02,3.0,2247.0,749.0,0
2025-07-30,D02,3.0,2247.0,749.0,0
2025-07-31,D02,3.0,2247.0,749.0,0
2025-08-01,D02,2.0,1498.0,749.0,0
2025-08-02,D02,7.0,5243.0,749.0,0
2025-08-03,D02,5.0,3745.0,749.0,0
2025-08-04,D02,4.0,2996.0,749.0,0
2025-08-05,D02,6.0,4494.0,749.0,0
2025-08-06,D02,4.0,2996.0,749.0,0
2025-08-07,D02,3.0,2247.0,749.0,0
2025-08-08,D02,4.0,2996.0,749.0,0
2025-08-09,D02,2.0,1498.0,749.0,0
2025-08-10,D02,6.0,4494.0,749.0,0
2025-08-11,D02,7.0,5243.0,749.0,0
2025-08-12,D02,6.0,4494.0,749.0,0
2025-08-13,D02,7.0,5243.0,749.0,0
2025-08-14,D02,8.0,5992.0,749.0,0
2025-08-15,D02,5.0,3745.0,749.0,0
2025-08-16,D02,10.0,7490.0,749.0,0
2025-08-17,D02,2.0,1498.0,749.0,0
2025-08-18,D02,7.0,5243.0,749.0,0
2025-08-19,D02,6.0,4494.0,749.0,0
2025-08-20,D02,1.0,749.0,749.0,0
2025-08-21,D02,8.0,5992.0,749.0,0
2025-08-22,D02,3.0,2247.0,749.0,0
2025-08-23,D02,8.0,5992.0,749.0,0
2025-08-24,D02,6.0,4494.0,749.0,0
2025-08-25,D02,7.0,5243.0,749.0,0
2025-08-26,D02,5.0,3745.0,749.0,0
2025-08-27,D02,0.0,0.0,749.0,0
2025-08-28,D02,10.0,7490.0,749.0,0
2025-08-29,D02,2.0,1498.0,749.0,0
2025-08-30,D02,5.0,3745.0,749.0,0
2025-08-31,D02,9.0,6741.0,749.0,0
2025-09-01,D02,,2247.0,749.0,0
2025-09-02,D02,6.0,4494.0,749.0,0
2025-09-03,D02,2.0,1498.0,749.0,0
2025-09-04,D02,4.0,2996.0,749.0,0
2025-09-05,D02,7.0,5243.0,749.0,0
2025-09-06,D02,6.0,4494.0,749.0,0
2025-09-07,D02,3.0,2247.0,749.0,0
2025-09-08,D02,1.0,749.0,749.0,0
2025-09-09,D02,3.0,2247.0,749.0,0
2025-09-10,D02,2.0,1498.0,749.0,0
2025-09-11,D02,3.0,2247.0,749.0,0
2025-09-12,D02,5.0,3745.0,749.0,0
2025-09-13,D02,5.0,3745.0,749.0,0
2025-09-14,D02,3.0,2247.0,749.0,0
2025-09-15,D02,7.0,5243.0,749.0,0
2025-09-16,D02,10.0,7490.0,749.0,0
2025-09-17,D02,6.0,4494.0,749.0,0
2025-09-18,D02,2.0,1498.0,749.0,0
2025-09-19,D02,2.0,1498.0,749.0,0
2025-09-20,D02,5.0,3745.0,749.0,0
2025-09-21,D02,14.0,10486.0,749.0,0
2025-09-22,D02,6.0,4494.0,749.0,0
2025-09-23,D02,6.0,4494.0,749.0,0
2025-09-24,D02,3.0,2247.0,749.0,0
2025-09-25,D02,1.0,749.0,749.0,0
2025-09-26,D02,6.0,4494.0,749.0,0
2025-09-27,D02,10.0,7490.0,749.0,0
2025-09-28,D02,11.0,8239.0,749.0,0
2025-09-29,D02,6.0,4494.0,749.0,0
2025-09-30,D02,8.0,5992.0,749.0,0
2025-10-01,D02,5.0,3745.0,749.0,0
2025-10-02,D02,7.0,5243.0,749.0,0
2025-10-03,D02,6.0,4494.0,749.0,0
2025-10-04,D02,10.0,7490.0,749.0,0
2025-10-05,D02,8.0,5992.0,749.0,0
2025-10-06,D02,7.0,5243.0,749.0,0
2025-10-07,D02,9.0,6741.0,749.0,0
2025-10-08,D02,3.0,2247.0,749.0,0
2025-10-09,D02,6.0,4494.0,749.0,0
2025-10-10,D02,7.0,5243.0,749.0,0
2025-10-11,D02,12.0,8988.0,749.0,0
2025-10-12,D02,11.0,8239.0,749.0,0
2025-10-13,D02,3.0,2247.0,749.0,0
2025-10-14,D02,5.0,3745.0,749.0,0
2025-10-15,D02,12.0,7644.0,637.0,1
2025-10-16,D02,14.0,8918.0,637.0,1
2025-10-17,D02,16.0,10192.0,637.0,1
2025-10-18,D02,11.0,7007.0,637.0,1
2025-10-19,D02,10.0,6370.0,637.0,1
2025-10-20,D02,10.0,6370.0,637.0,1
2025-10-21,D02,6.0,3822.0,637.0,1
2025-10-22,D02,6.0,4494.0,749.0,0
2025-10-23,D02,9.0,6741.0,749.0,0
2025-10-24,D02,7.0,5243.0,749.0,0
2025-10-25,D02,7.0,5243.0,749.0,0
2025-10-26,D02,9.0,6741.0,749.0,0
2025-10-27,D02,9.0,6741.0,749.0,0
2025-10-28,D02,8.0,5992.0,749.0,0
2025-10-29,D02,9.0,6741.0,749.0,0
2025-10-30,D02,11.0,8239.0,749.0,0
2025-10-31,D02,8.0,5992.0,749.0,0
2025-11-01,D02,6.0,4494.0,749.0,0
2025-11-02,D02,10.0,7490.0,749.0,0
2025-11-03,D02,10.0,7490.0,749.0,0
2025-11-04,D02,8.0,5992.0,749.0,0
2025-11-05,D02,10.0,7490.0,749.0,0
2025-11-06,D02,10.0,7490.0,749.0,0
2025-11-07,D02,6.0,4494.0,749.0,0
2025-11-08,D02,12.0,8988.0,749.0,0
2025-11-09,D02,7.0,5243.0,749.0,0
2025-11-10,D02,5.0,3745.0,749.0,0
2025-11-11,D02,10.0,7490.0,749.0,0
2025-11-12,D02,8.0,5992.0,749.0,0
2025-11-13,D02,6.0,4494.0,749.0,0
2025-11-14,D02,5.0,3745.0,749.0,0
2025-11-15,D02,9.0,6741.0,749.0,0
2025-11-16,D02,8.0,5992.0,749.0,0
2025-11-17,D02,6.0,4494.0,749.0,0
2025-11-18,D02,9.0,6741.0,749.0,0
2025-11-19,D02,1.0,749.0,749.0,0
2025-11-20,D02,6.0,4494.0,749.0,0
2025-11-21,D02,4.0,2996.0,749.0,0
2025-11-22,D02,11.0,8239.0,749.0,0
2025-11-23,D02,4.0,2996.0,749.0,0
2025-11-24,D02,4.0,2996.0,749.0,0
2025-11-25,D02,5.0,3745.0,749.0,0
2025-11-26,D02,6.0,4494.0,749.0,0
2025-11-27,D02,4.0,2996.0,749.0,0
2025-11-28,D02,8.0,5992.0,749.0,0
2025-11-29,D02,7.0,5243.0,749.0,0
2025-11-30,D02,4.0,2996.0,749.0,0
2025-12-01,D02,5.0,3745.0,749.0,0
2025-12-02,D02,5.0,3745.0,749.0,0
2025-12-03,D02,6.0,4494.0,749.0,0
2025-12-04,D02,7.0,5243.0,749.0,0
2025-12-05,D02,8.0,5992.0,749.0,0
2025-12-06,D02,10.0,7490.0,749.0,0
2025-12-07,D02,7.0,5243.0,749.0,0
2025-12-08,D02,7.0,5243.0,749.0,0
2025-12-09,D02,3.0,2247.0,749.0,0
2025-12-10,D02,2.0,1498.0,749.0,0
2025-12-11,D02,4.0,2996.0,749.0,0
2025-12-12,D02,2.0,1498.0,749.0,0
2025-12-13,D02,7.0,5243.0,749.0,0
2025-12-14,D02,8.0,5992.0,749.0,0
2025-12-15,D02,4.0,2996.0,749.0,0
2025-12-16,D02,7.0,5243.0,749.0,0
2025-12-17,D02,2.0,1498.0,749.0,0
2025-12-18,D02,5.0,3745.0,749.0,0
2025-12-19,D02,6.0,4494.0,749.0,0
2025-12-20,D02,6.0,4494.0,749.0,0
2025-12-21,D02,5.0,3745.0,749.0,0
2025-12-22,D02,5.0,3745.0,749.0,0
2025-12-23,D02,4.0,2996.0,749.0,0
2025-12-24,D02,2.0,1498.0,749.0,0
2025-12-25,D02,4.0,2996.0,749.0,0
2025-12-26,D02,8.0,5992.0,749.0,0
2025-12-27,D02,7.0,5243.0,749.0,0
2025-12-28,D02,5.0,3745.0,749.0,0
2025-12-29,D02,6.0,4494.0,749.0,0
2025-12-30,D02,4.0,2996.0,749.0,0
2025-12-31,D02,8.0,5992.0,749.0,0
2026-01-01,D02,1.0,749.0,749.0,0
2026-01-02,D02,5.0,3745.0,749.0,0
2026-01-03,D02,8.0,5992.0,749.0,0
2026-01-04,D02,7.0,5243.0,749.0,0
2026-01-05,D02,3.0,2247.0,749.0,0
2026-01-06,D02,5.0,3745.0,749.0,0
2026-01-07,D02,1.0,749.0,749.0,0
2026-01-08,D02,8.0,5992.0,749.0,0
2026-01-09,D02,4.0,2996.0,749.0,0
2026-01-10,D02,4.0,2996.0,749.0,0
2026-01-11,D02,3.0,2247.0,749.0,0
2026-01-12,D02,8.0,5992.0,749.0,0
2026-01-13,D02,6.0,4494.0,749.0,0
2026-01-14,D02,3.0,2247.0,749.0,0
2026-01-15,D02,9.0,6741.0,749.0,0
2026-01-16,D02,7.0,5243.0,749.0,0
2026-01-17,D02,7.0,5243.0,749.0,0
2026-01-18,D02,1.0,749.0,749.0,0
2026-01-19,D02,10.0,7490.0,749.0,0
2026-01-20,D02,6.0,4494.0,749.0,0
2026-01-21,D02,6.0,4494.0,749.0,0
2026-01-22,D02,11.0,7007.0,637.0,1
2026-01-23,D02,10.0,6370.0,637.0,1
2026-01-24,D02,11.0,7007.0,637.0,1
2026-01-25,D02,11.0,7007.0,637.0,1
2026-01-26,D02,4.0,2548.0,637.0,1
2026-01-27,D02,12.0,7644.0,637.0,1
2026-01-28,D02,7.0,4459.0,637.0,1
2026-01-29,D02,6.0,4494.0,749.0,0
2026-01-30,D02,1.0,749.0,749.0,0
2026-01-31,D02,4.0,2996.0,749.0,0
2026-02-01,D02,7.0,5243.0,749.0,0
2026-02-02,D02,2.0,1498.0,749.0,0
2026-02-03,D02,3.0,2247.0,749.0,0
2026-02-04,D02,6.0,4494.0,749.0,0
2026-02-05,D02,4.0,2996.0,749.0,0
2026-02-06,D02,5.0,3745.0,749.0,0
2026-02-07,D02,8.0,5992.0,749.0,0
2026-02-08,D02,11.0,8239.0,749.0,0
2026-02-09,D02,6.0,4494.0,749.0,0
2026-02-10,D02,6.0,4494.0,749.0,0
2026-02-11,D02,7.0,5243.0,749.0,0
2026-02-12,D02,5.0,3745.0,749.0,0
2026-02-13,D02,5.0,3745.0,749.0,0
2026-02-14,D02,3.0,2247.0,749.0,0
2026-02-15,D02,3.0,2247.0,749.0,0
2026-02-16,D02,2.0,1498.0,749.0,0
2026-02-17,D02,2.0,1498.0,749.0,0
2026-02-18,D02,7.0,5243.0,749.0,0
2026-02-19,D02,2.0,1498.0,749.0,0
2026-02-20,D02,5.0,3745.0,749.0,0
2026-02-21,D02,3.0,2247.0,749.0,0
2026-02-22,D02,6.0,4494.0,749.0,0
2026-02-23,D02,2.0,1498.0,749.0,0
2026-02-24,D02,2.0,1498.0,749.0,0
2026-02-25,D02,7.0,5243.0,749.0,0
2026-02-26,D02,6.0,4494.0,749.0,0
2026-02-27,D02,5.0,3745.0,749.0,0
2026-02-28,D02,4.0,2996.0,749.0,0
2026-03-01,D02,10.0,7490.0,749.0,0
2026-03-02,D02,7.0,5243.0,749.0,0
2026-03-03,D02,10.0,7490.0,749.0,0
2026-03-04,D02,3.0,2247.0,749.0,0
2026-03-05,D02,4.0,2996.0,749.0,0
2026-03-06,D02,5.0,3745.0,749.0,0
2026-03-07,D02,4.0,2996.0,749.0,0
2026-03-08,D02,7.0,5243.0,749.0,0
2026-03-09,D02,8.0,5992.0,749.0,0
2026-03-10,D02,1.0,749.0,749.0,0
2026-03-11,D02,4.0,2996.0,749.0,0
2026-03-12,D02,10.0,7490.0,749.0,0
2026-03-13,D02,4.0,2996.0,749.0,0
2026-03-14,D02,4.0,2996.0,749.0,0
2026-03-15,D02,5.0,3745.0,749.0,0
2026-03-16,D02,5.0,3745.0,749.0,0
2026-03-17,D02,3.0,2247.0,749.0,0
2026-03-18,D02,4.0,2996.0,749.0,0
2026-03-19,D02,6.0,4494.0,749.0,0
2026-03-20,D02,2.0,1498.0,749.0,0
2026-03-21,D02,5.0,3745.0,749.0,0
2026-03-22,D02,6.0,4494.0,749.0,0
2026-03-23,D02,0.0,0.0,749.0,0
2026-03-24,D02,5.0,3745.0,749.0,0
2026-03-25,D02,0.0,0.0,749.0,0
2026-03-26,D02,14.0,10486.0,749.0,0
2026-03-27,D02,7.0,5243.0,749.0,0
2026-03-28,D02,8.0,5992.0,749.0,0
2026-03-29,D02,4.0,2996.0,749.0,0
2026-03-30,D02,2.0,1498.0,749.0,0
2026-03-31,D02,8.0,5992.0,749.0,0
2026-04-01,D02,5.0,3745.0,749.0,0
2026-04-02,D02,6.0,4494.0,749.0,0
2026-04-03,D02,7.0,5243.0,749.0,0
2026-04-04,D02,7.0,5243.0,749.0,0
2026-04-05,D02,3.0,2247.0,749.0,0
2026-04-06,D02,1.0,749.0,749.0,0
2026-04-07,D02,0.0,0.0,749.0,0
2026-04-08,D02,11.0,8239.0,749.0,0
2026-04-09,D02,7.0,5243.0,749.0,0
2026-04-10,D02,4.0,2996.0,749.0,0
2026-04-11,D02,8.0,5992.0,749.0,0
2026-04-12,D02,4.0,2996.0,749.0,0
2026-04-13,D02,5.0,3745.0,749.0,0
2026-04-14,D02,9.0,6741.0,749.0,0
2026-04-15,D02,7.0,5243.0,749.0,0
2026-04-16,D02,7.0,5243.0,749.0,0
2026-04-17,D02,5.0,3745.0,749.0,0
2026-04-18,D02,7.0,5243.0,749.0,0
2026-04-19,D02,9.0,6741.0,749.0,0
2026-04-20,D02,3.0,2247.0,749.0,0
2026-04-21,D02,5.0,3745.0,749.0,0
2026-04-22,D02,1.0,749.0,749.0,0
2026-04-23,D02,2.0,1498.0,749.0,0
2026-04-24,D02,5.0,3745.0,749.0,0
2026-04-25,D02,4.0,2996.0,749.0,0
2026-04-26,D02,4.0,2996.0,749.0,0
2026-04-27,D02,4.0,2996.0,749.0,0
2026-04-28,D02,6.0,4494.0,749.0,0
2026-04-29,D02,13.0,9737.0,749.0,0
2026-04-30,D02,5.0,3745.0,749.0,0
2026-05-01,D02,5.0,3745.0,749.0,0
2026-05-02,D02,8.0,5992.0,749.0,0
2026-05-03,D02,8.0,5992.0,749.0,0
2026-05-04,D02,5.0,3745.0,749.0,0
2026-05-05,D02,3.0,2247.0,749.0,0
2026-05-06,D02,3.0,2247.0,749.0,0
2026-05-07,D02,8.0,5992.0,749.0,0
2026-05-08,D02,8.0,5992.0,749.0,0
2026-05-09,D02,4.0,2996.0,749.0,0
2026-05-10,D02,11.0,7007.0,637.0,1
2026-05-11,D02,9.0,5733.0,637.0,1
2026-05-12,D02,8.0,5096.0,637.0,1
2026-05-13,D02,7.0,4459.0,637.0,1
2026-05-14,D02,5.0,3185.0,637.0,1
2026-05-15,D02,7.0,4459.0,637.0,1
2026-05-16,D02,11.0,7007.0,637.0,1
2026-05-17,D02,8.0,5096.0,637.0,1
2026-05-18,D02,4.0,2548.0,637.0,1
2026-05-19,D02,3.0,1911.0,637.0,1
2026-05-20,D02,10.0,7490.0,749.0,0
2026-05-21,D02,4.0,2996.0,749.0,0
2026-05-22,D02,5.0,3745.0,749.0,0
2026-05-23,D02,4.0,2996.0,749.0,0
2026-05-24,D02,7.0,5243.0,749.0,0
2026-05-25,D02,4.0,2996.0,749.0,0
2026-05-26,D02,8.0,5992.0,749.0,0
2026-05-27,D02,4.0,2996.0,749.0,0
2026-05-28,D02,6.0,4494.0,749.0,0
2026-05-29,D02,6.0,4494.0,749.0,0
2026-05-30,D02,6.0,4494.0,749.0,0
2026-05-31,D02,3.0,2247.0,749.0,0
2026-06-01,D02,4.0,2996.0,749.0,0
2026-06-02,D02,4.0,2996.0,749.0,0
2026-06-03,D02,5.0,3745.0,749.0,0
2026-06-04,D02,9.0,6741.0,749.0,0
2026-06-05,D02,5.0,3745.0,749.0,0
2026-06-06,D02,4.0,2996.0,749.0,0
2026-06-07,D02,8.0,5992.0,749.0,0
2026-06-08,D02,3.0,2247.0,749.0,0
2026-06-09,D02,6.0,4494.0,749.0,0
2026-06-10,D02,3.0,2247.0,749.0,0
2026-06-11,D02,5.0,3745.0,749.0,0
2026-06-12,D02,4.0,2996.0,749.0,0
2026-06-13,D02,7.0,5243.0,749.0,0
2026-06-14,D02,2.0,1498.0,749.0,0
2026-06-15,D02,4.0,2996.0,749.0,0
2026-06-16,D02,2.0,1498.0,749.0,0
2026-06-17,D02,5.0,3745.0,749.0,0
2026-06-18,D02,5.0,3745.0,749.0,0
2026-06-19,D02,9.0,6741.0,749.0,0
2026-06-20,D02,7.0,5243.0,749.0,0
2026-06-21,D02,10.0,7490.0,749.0,0
2026-06-22,D02,4.0,2996.0,749.0,0
2026-06-23,D02,0.0,0.0,749.0,0
2026-06-24,D02,4.0,2996.0,749.0,0
2026-06-25,D02,4.0,2996.0,749.0,0
2026-06-26,D02,8.0,5992.0,749.0,0
2026-06-27,D02,5.0,3745.0,749.0,0
2026-06-28,D02,4.0,2996.0,749.0,0
2026-06-29,D02,8.0,5992.0,749.0,0
2026-06-30,D02,5.0,3745.0,749.0,0
2026-07-01,D02,5.0,3745.0,749.0,0
2026-07-02,D02,2.0,1498.0,749.0,0
2026-07-03,D02,5.0,3745.0,749.0,0
2026-07-04,D02,7.0,5243.0,749.0,0
2026-07-05,D02,12.0,8988.0,749.0,0
2026-07-06,D02,11.0,8239.0,749.0,0
2026-07-07,D02,4.0,2996.0,749.0,0
2026-07-08,D02,3.0,2247.0,749.0,0
2026-07-09,D02,5.0,3745.0,749.0,0
2026-07-10,D02,7.0,5243.0,749.0,0
2026-07-11,D02,5.0,3745.0,749.0,0
2026-07-12,D02,6.0,4494.0,749.0,0
2026-07-13,D02,4.0,2996.0,749.0,0
2026-07-14,D02,8.0,5992.0,749.0,0
2026-07-15,D02,3.0,2247.0,749.0,0
2026-07-16,D02,5.0,3745.0,749.0,0
2026-07-17,D02,4.0,2996.0,749.0,0
2026-07-18,D02,9.0,6741.0,749.0,0
2026-07-19,D02,4.0,2996.0,749.0,0
2026-07-20,D02,3.0,2247.0,749.0,0
2026-07-21,D02,5.0,3745.0,749.0,0
2026-07-22,D02,8.0,5992.0,749.0,0
2026-07-23,D02,6.0,4494.0,749.0,0
2026-07-24,D02,5.0,3745.0,749.0,0
2026-07-25,D02,7.0,5243.0,749.0,0
2026-07-26,D02,5.0,3745.0,749.0,0
2026-07-27,D02,5.0,3745.0,749.0,0
2026-07-28,D02,4.0,2996.0,749.0,0
2026-07-29,D02,4.0,2996.0,749.0,0
2026-07-30,D02,4.0,2996.0,749.0,0
2026-07-31,D02,6.0,4494.0,749.0,0
2026-08-01,D02,4.0,2996.0,749.0,0
2026-08-02,D02,6.0,4494.0,749.0,0
2026-08-03,D02,4.0,2996.0,749.0,0
2026-08-04,D02,3.0,2247.0,749.0,0
2026-08-05,D02,5.0,3745.0,749.0,0
2026-08-06,D02,5.0,3745.0,749.0,0
2026-08-07,D02,2.0,1498.0,749.0,0
2026-08-08,D02,4.0,2996.0,749.0,0
2026-08-09,D02,11.0,8239.0,749.0,0
2026-08-10,D02,4.0,2996.0,749.0,0
2026-08-11,D02,1.0,749.0,749.0,0
2026-08-12,D02,1.0,749.0,749.0,0
2026-08-13,D02,4.0,2996.0,749.0,0
2026-08-14,D02,5.0,3745.0,749.0,0
2026-08-15,D02,6.0,4494.0,749.0,0
2026-08-16,D02,8.0,5992.0,749.0,0
2026-08-17,D02,11.0,8239.0,749.0,0
2026-08-18,D02,7.0,5243.0,749.0,0
2026-08-19,D02,6.0,4494.0,749.0,0
2026-08-20,D02,12.0,8988.0,749.0,0
2026-08-21,D02,4.0,2996.0,749.0,0
2026-08-22,D02,6.0,4494.0,749.0,0
2026-08-23,D02,8.0,5992.0,749.0,0
2026-08-24,D02,8.0,5992.0,749.0,0
2026-08-25,D02,8.0,5992.0,749.0,0
2026-08-26,D02,8.0,5992.0,749.0,0
2026-08-27,D02,5.0,3745.0,749.0,0
2026-08-28,D02,4.0,2996.0,749.0,0
2026-08-29,D02,6.0,4494.0,749.0,0
2026-08-30,D02,7.0,5243.0,749.0,0
2026-08-31,D02,4.0,2996.0,749.0,0
2026-09-01,D02,11.0,8239.0,749.0,0
2026-09-02,D02,3.0,2247.0,749.0,0
2026-09-03,D02,7.0,5243.0,749.0,0
2026-09-04,D02,4.0,2996.0,749.0,0
2026-09-05,D02,10.0,7490.0,749.0,0
2026-09-06,D02,10.0,7490.0,749.0,0
2026-09-07,D02,3.0,2247.0,749.0,0
2026-09-08,D02,6.0,4494.0,749.0,0
2026-09-09,D02,4.0,2996.0,749.0,0
2026-09-10,D02,4.0,2996.0,749.0,0
2026-09-11,D02,2.0,1498.0,749.0,0
2026-09-12,D02,1.0,749.0,749.0,0
2026-09-13,D02,9.0,6741.0,749.0,0
2026-09-14,D02,4.0,2996.0,749.0,0
2026-09-15,D02,3.0,2247.0,749.0,0
2026-09-16,D02,3.0,2247.0,749.0,0
2026-09-17,D02,7.0,5243.0,749.0,0
2026-09-18,D02,6.0,4494.0,749.0,0
2026-09-19,D02,8.0,5992.0,749.0,0
2026-09-20,D02,5.0,3745.0,749.0,0
2026-09-21,D02,3.0,2247.0,749.0,0
2026-09-22,D02,6.0,4494.0,749.0,0
2026-09-23,D02,6.0,4494.0,749.0,0
2026-09-24,D02,3.0,2247.0,749.0,0
2026-09-25,D02,9.0,6741.0,749.0,0
2026-09-26,D02,3.0,2247.0,749.0,0
2026-09-27,D02,8.0,5992.0,749.0,0
2024-01-01,D03,3.0,1647.0,549.0,0
2024-01-02,D03,5.0,2745.0,549.0,0
2024-01-03,D03,2.0,1098.0,549.0,0
2024-01-04,D03,4.0,2196.0,549.0,0
2024-01-05,D03,4.0,2196.0,549.0,0
2024-01-06,D03,2.0,1098.0,549.0,0
2024-01-07,D03,1.0,549.0,549.0,0
2024-01-08,D03,3.0,1647.0,549.0,0
2024-01-09,D03,2.0,1098.0,549.0,0
2024-01-10,D03,1.0,549.0,549.0,0
2024-01-11,D03,0.0,0.0,549.0,0
2024-01-12,D03,6.0,3294.0,549.0,0
2024-01-13,D03,5.0,2745.0,549.0,0
2024-01-14,D03,5.0,2745.0,549.0,0
2024-01-15,D03,3.0,1647.0,549.0,0
2024-01-16,D03,4.0,2196.0,549.0,0
2024-01-17,D03,2.0,1098.0,549.0,0
2024-01-18,D03,4.0,2196.0,549.0,0
2024-01-19,D03,4.0,2196.0,549.0,0
2024-01-20,D03,3.0,1647.0,549.0,0
2024-01-21,D03,4.0,2196.0,549.0,0
2024-01-22,D03,6.0,2802.0,467.0,1
2024-01-23,D03,3.0,1401.0,467.0,1
2024-01-24,D03,3.0,1401.0,467.0,1
2024-01-25,D03,6.0,2802.0,467.0,1
2024-01-26,D03,2.0,934.0,467.0,1
2024-01-27,D03,8.0,3736.0,467.0,1
2024-01-28,D03,3.0,1401.0,467.0,1
2024-01-29,D03,2.0,1098.0,549.0,0
2024-01-30,D03,4.0,2196.0,549.0,0
2024-01-31,D03,0.0,0.0,549.0,0
2024-02-01,D03,4.0,2196.0,549.0,0
2024-02-02,D03,5.0,2745.0,549.0,0
2024-02-03,D03,3.0,1647.0,549.0,0
2024-02-04,D03,3.0,1647.0,549.0,0
2024-02-05,D03,4.0,2196.0,549.0,0
2024-02-06,D03,2.0,1098.0,549.0,0
2024-02-07,D03,1.0,549.0,549.0,0
2024-02-08,D03,3.0,1647.0,549.0,0
2024-02-09,D03,0.0,0.0,549.0,0
2024-02-10,D03,5.0,2745.0,549.0,0
2024-02-11,D03,3.0,1647.0,549.0,0
2024-02-12,D03,3.0,1647.0,549.0,0
2024-02-13,D03,2.0,1098.0,549.0,0
2024-02-14,D03,5.0,2745.0,549.0,0
2024-02-15,D03,1.0,549.0,549.0,0
2024-02-16,D03,1.0,549.0,549.0,0
2024-02-17,D03,3.0,1647.0,549.0,0
2024-02-18,D03,4.0,2196.0,549.0,0
2024-02-19,D03,4.0,2196.0,549.0,0
2024-02-20,D03,3.0,1647.0,549.0,0
2024-02-21,D03,3.0,1647.0,549.0,0
2024-02-22,D03,4.0,2196.0,549.0,0
2024-02-23,D03,2.0,1098.0,549.0,0
2024-02-24,D03,0.0,0.0,549.0,0
2024-02-25,D03,8.0,4392.0,549.0,0
2024-02-26,D03,2.0,1098.0,549.0,0
2024-02-27,D03,1.0,549.0,549.0,0
2024-02-28,D03,3.0,1647.0,549.0,0
2024-02-29,D03,8.0,4392.0,549.0,0
2024-03-01,D03,4.0,2196.0,549.0,0
2024-03-02,D03,5.0,2745.0,549.0,0
2024-03-03,D03,5.0,2745.0,549.0,0
2024-03-04,D03,2.0,1098.0,549.0,0
2024-03-05,D03,2.0,1098.0,549.0,0
2024-03-06,D03,3.0,1647.0,549.0,0
2024-03-07,D03,4.0,2196.0,549.0,0
2024-03-08,D03,2.0,1098.0,549.0,0
2024-03-09,D03,1.0,549.0,549.0,0
2024-03-10,D03,6.0,3294.0,549.0,0
2024-03-11,D03,5.0,2745.0,549.0,0
2024-03-12,D03,0.0,0.0,549.0,0
2024-03-13,D03,4.0,2196.0,549.0,0
2024-03-14,D03,1.0,549.0,549.0,0
2024-03-15,D03,4.0,2196.0,549.0,0
2024-03-16,D03,5.0,2745.0,549.0,0
2024-03-17,D03,4.0,2196.0,549.0,0
2024-03-18,D03,3.0,1647.0,549.0,0
2024-03-19,D03,3.0,1647.0,549.0,0
2024-03-20,D03,3.0,1647.0,549.0,0
2024-03-21,D03,2.0,1098.0,549.0,0
2024-03-22,D03,5.0,2745.0,549.0,0
2024-03-23,D03,2.0,1098.0,549.0,0
2024-03-24,D03,2.0,1098.0,549.0,0
2024-03-25,D03,4.0,2196.0,549.0,0
2024-03-26,D03,4.0,2196.0,549.0,0
2024-03-27,D03,4.0,2196.0,549.0,0
2024-03-28,D03,1.0,549.0,549.0,0
2024-03-29,D03,6.0,3294.0,549.0,0
2024-03-30,D03,6.0,3294.0,549.0,0
2024-03-31,D03,2.0,1098.0,549.0,0
2024-04-01,D03,3.0,1647.0,549.0,0
2024-04-02,D03,3.0,1647.0,549.0,0
2024-04-03,D03,2.0,1098.0,549.0,0
2024-04-04,D03,0.0,0.0,549.0,0
2024-04-05,D03,3.0,1647.0,549.0,0
2024-04-06,D03,1.0,549.0,549.0,0
2024-04-07,D03,1.0,549.0,549.0,0
2024-04-08,D03,5.0,2745.0,549.0,0
2024-04-09,D03,2.0,1098.0,549.0,0
2024-04-10,D03,7.0,3843.0,549.0,0
2024-04-11,D03,4.0,2196.0,549.0,0
2024-04-12,D03,0.0,0.0,549.0,0
2024-04-13,D03,4.0,2196.0,549.0,0
2024-04-14,D03,1.0,549.0,549.0,0
2024-04-15,D03,1.0,549.0,549.0,0
2024-04-16,D03,2.0,1098.0,549.0,0
2024-04-17,D03,3.0,1647.0,549.0,0
2024-04-18,D03,1.0,549.0,549.0,0
2024-04-19,D03,3.0,1647.0,549.0,0
2024-04-20,D03,2.0,1098.0,549.0,0
2024-04-21,D03,7.0,3843.0,549.0,0
2024-04-22,D03,5.0,2745.0,549.0,0
2024-04-23,D03,1.0,549.0,549.0,0
2024-04-24,D03,2.0,1098.0,549.0,0
2024-04-25,D03,5.0,2745.0,549.0,0
2024-04-26,D03,3.0,1647.0,549.0,0
2024-04-27,D03,8.0,4392.0,549.0,0
2024-04-28,D03,4.0,2196.0,549.0,0
2024-04-29,D03,3.0,1647.0,549.0,0
2024-04-30,D03,4.0,2196.0,549.0,0
2024-05-01,D03,4.0,2196.0,549.0,0
2024-05-02,D03,5.0,2745.0,549.0,0
2024-05-03,D03,1.0,549.0,549.0,0
2024-05-04,D03,6.0,3294.0,549.0,0
2024-05-05,D03,4.0,2196.0,549.0,0
2024-05-06,D03,0.0,0.0,549.0,0
2024-05-07,D03,5.0,2745.0,549.0,0
2024-05-08,D03,4.0,2196.0,549.0,0
2024-05-09,D03,3.0,1647.0,549.0,0
2024-05-10,D03,4.0,1868.0,467.0,1
2024-05-11,D03,5.0,2335.0,467.0,1
2024-05-12,D03,4.0,1868.0,467.0,1
2024-05-13,D03,4.0,1868.0,467.0,1
2024-05-14,D03,4.0,1868.0,467.0,1
2024-05-15,D03,2.0,934.0,467.0,1
2024-05-16,D03,5.0,2335.0,467.0,1
2024-05-17,D03,3.0,1401.0,467.0,1
2024-05-18,D03,3.0,1401.0,467.0,1
2024-05-19,D03,3.0,1401.0,467.0,1
2024-05-20,D03,3.0,1647.0,549.0,0
2024-05-21,D03,6.0,3294.0,549.0,0
2024-05-22,D03,3.0,1647.0,549.0,0
2024-05-23,D03,4.0,2196.0,549.0,0
2024-05-24,D03,3.0,1647.0,549.0,0
2024-05-25,D03,5.0,2745.0,549.0,0
2024-05-26,D03,3.0,1647.0,549.0,0
2024-05-27,D03,6.0,3294.0,549.0,0
2024-05-28,D03,2.0,1098.0,549.0,0
2024-05-29,D03,2.0,1098.0,549.0,0
2024-05-30,D03,3.0,1647.0,549.0,0
2024-05-31,D03,5.0,2745.0,549.0,0
2024-06-01,D03,2.0,1098.0,549.0,0
2024-06-02,D03,3.0,1647.0,549.0,0
2024-06-03,D03,6.0,3294.0,549.0,0
2024-06-04,D03,0.0,0.0,549.0,0
2024-06-05,D03,3.0,1647.0,549.0,0
2024-06-06,D03,4.0,2196.0,549.0,0
2024-06-07,D03,7.0,3843.0,549.0,0
2024-06-08,D03,3.0,1647.0,549.0,0
2024-06-09,D03,3.0,1647.0,549.0,0
2024-06-10,D03,4.0,2196.0,549.0,0
2024-06-11,D03,3.0,1647.0,549.0,0
2024-06-12,D03,5.0,2745.0,549.0,0
2024-06-13,D03,4.0,2196.0,549.0,0
2024-06-14,D03,2.0,1098.0,549.0,0
2024-06-15,D03,4.0,2196.0,549.0,0
2024-06-16,D03,1.0,549.0,549.0,0
2024-06-17,D03,1.0,549.0,549.0,0
2024-06-18,D03,1.0,549.0,549.0,0
2024-06-19,D03,7.0,3843.0,549.0,0
2024-06-20,D03,3.0,1647.0,549.0,0
2024-06-21,D03,1.0,549.0,549.0,0
2024-06-22,D03,2.0,1098.0,549.0,0
2024-06-23,D03,5.0,2745.0,549.0,0
2024-06-24,D03,2.0,1098.0,549.0,0
2024-06-25,D03,6.0,3294.0,549.0,0
2024-06-26,D03,4.0,2196.0,549.0,0
2024-06-27,D03,0.0,0.0,549.0,0
2024-06-28,D03,1.0,549.0,549.0,0
2024-06-29,D03,3.0,1647.0,549.0,0
2024-06-30,D03,2.0,1098.0,549.0,0
2024-07-01,D03,3.0,1647.0,549.0,0
2024-07-02,D03,3.0,1647.0,549.0,0
2024-07-03,D03,4.0,2196.0,549.0,0
2024-07-04,D03,1.0,549.0,549.0,0
2024-07-05,D03,2.0,1098.0,549.0,0
2024-07-06,D03,7.0,3843.0,549.0,0
2024-07-07,D03,4.0,2196.0,549.0,0
2024-07-08,D03,7.0,3843.0,549.0,0
2024-07-09,D03,4.0,2196.0,549.0,0
2024-07-10,D03,5.0,2745.0,549.0,0
2024-07-11,D03,3.0,1647.0,549.0,0
2024-07-12,D03,3.0,1647.0,549.0,0
2024-07-13,D03,3.0,1647.0,549.0,0
2024-07-14,D03,2.0,1098.0,549.0,0
2024-07-15,D03,2.0,1098.0,549.0,0
2024-07-16,D03,4.0,2196.0,549.0,0
2024-07-17,D03,5.0,2745.0,549.0,0
2024-07-18,D03,1.0,549.0,549.0,0
2024-07-19,D03,2.0,1098.0,549.0,0
2024-07-20,D03,4.0,2196.0,549.0,0
2024-07-21,D03,10.0,5490.0,549.0,0
2024-07-22,D03,1.0,549.0,549.0,0
2024-07-23,D03,3.0,1647.0,549.0,0
2024-07-24,D03,3.0,1647.0,549.0,0
2024-07-25,D03,6.0,3294.0,549.0,0
2024-07-26,D03,3.0,1647.0,549.0,0
2024-07-27,D03,5.0,2745.0,549.0,0
2024-07-28,D03,3.0,1647.0,549.0,0
2024-07-29,D03,3.0,1647.0,549.0,0
2024-07-30,D03,2.0,1098.0,549.0,0
2024-07-31,D03,2.0,1098.0,549.0,0
2024-08-01,D03,7.0,3843.0,549.0,0
2024-08-02,D03,3.0,1647.0,549.0,0
2024-08-03,D03,6.0,3294.0,549.0,0
2024-08-04,D03,5.0,2745.0,549.0,0
2024-08-05,D03,2.0,1098.0,549.0,0
2024-08-06,D03,2.0,1098.0,549.0,0
2024-08-07,D03,4.0,2196.0,549.0,0
2024-08-08,D03,3.0,1647.0,549.0,0
2024-08-09,D03,6.0,3294.0,549.0,0
2024-08-10,D03,6.0,3294.0,549.0,0
2024-08-11,D03,7.0,3843.0,549.0,0
2024-08-12,D03,1.0,549.0,549.0,0
2024-08-13,D03,1.0,549.0,549.0,0
2024-08-14,D03,4.0,2196.0,549.0,0
2024-08-15,D03,3.0,1647.0,549.0,0
2024-08-16,D03,3.0,1647.0,549.0,0
2024-08-17,D03,5.0,2745.0,549.0,0
2024-08-18,D03,6.0,3294.0,549.0,0
2024-08-19,D03,4.0,2196.0,549.0,0
2024-08-20,D03,1.0,549.0,549.0,0
2024-08-21,D03,1.0,549.0,549.0,0
2024-08-22,D03,2.0,1098.0,549.0,0
2024-08-23,D03,2.0,1098.0,549.0,0
2024-08-24,D03,4.0,2196.0,549.0,0
2024-08-25,D03,2.0,1098.0,549.0,0
2024-08-26,D03,5.0,2745.0,549.0,0
2024-08-27,D03,5.0,2745.0,549.0,0
2024-08-28,D03,0.0,0.0,549.0,0
2024-08-29,D03,4.0,2196.0,549.0,0
2024-08-30,D03,4.0,2196.0,549.0,0
2024-08-31,D03,5.0,2745.0,549.0,0
2024-09-01,D03,3.0,1647.0,549.0,0
2024-09-02,D03,4.0,2196.0,549.0,0
2024-09-03,D03,5.0,2745.0,549.0,0
2024-09-04,D03,2.0,1098.0,549.0,0
2024-09-05,D03,2.0,1098.0,549.0,0
2024-09-06,D03,1.0,549.0,549.0,0
2024-09-07,D03,1.0,549.0,549.0,0
2024-09-08,D03,5.0,2745.0,549.0,0
2024-09-09,D03,3.0,1647.0,549.0,0
2024-09-10,D03,3.0,1647.0,549.0,0
2024-09-11,D03,1.0,549.0,549.0,0
2024-09-12,D03,6.0,3294.0,549.0,0
2024-09-13,D03,5.0,2745.0,549.0,0
2024-09-14,D03,1.0,549.0,549.0,0
2024-09-15,D03,2.0,1098.0,549.0,0
2024-09-16,D03,1.0,549.0,549.0,0
2024-09-17,D03,2.0,1098.0,549.0,0
2024-09-18,D03,7.0,3843.0,549.0,0
2024-09-19,D03,4.0,2196.0,549.0,0
2024-09-20,D03,1.0,549.0,549.0,0
2024-09-21,D03,1.0,549.0,549.0,0
2024-09-22,D03,3.0,1647.0,549.0,0
2024-09-23,D03,2.0,1098.0,549.0,0
2024-09-24,D03,5.0,2745.0,549.0,0
2024-09-25,D03,5.0,2745.0,549.0,0
2024-09-26,D03,5.0,2745.0,549.0,0
2024-09-27,D03,1.0,549.0,549.0,0
2024-09-28,D03,1.0,549.0,549.0,0
2024-09-29,D03,1.0,549.0,549.0,0
2024-09-30,D03,3.0,1647.0,549.0,0
2024-10-01,D03,1.0,549.0,549.0,0
2024-10-02,D03,3.0,1647.0,549.0,0
2024-10-03,D03,5.0,2745.0,549.0,0
2024-10-04,D03,7.0,3843.0,549.0,0
2024-10-05,D03,5.0,2745.0,549.0,0
2024-10-06,D03,2.0,1098.0,549.0,0
2024-10-07,D03,0.0,0.0,549.0,0
2024-10-08,D03,0.0,0.0,549.0,0
2024-10-09,D03,4.0,2196.0,549.0,0
2024-10-10,D03,3.0,1647.0,549.0,0
2024-10-11,D03,6.0,3294.0,549.0,0
2024-10-12,D03,5.0,2745.0,549.0,0
2024-10-13,D03,7.0,3843.0,549.0,0
2024-10-14,D03,6.0,3294.0,549.0,0
2024-10-15,D03,2.0,1098.0,549.0,0
2024-10-16,D03,2.0,1098.0,549.0,0
2024-10-17,D03,3.0,1647.0,549.0,0
2024-10-18,D03,2.0,1098.0,549.0,0
2024-10-19,D03,7.0,3843.0,549.0,0
2024-10-20,D03,2.0,1098.0,549.0,0
2024-10-21,D03,2.0,1098.0,549.0,0
2024-10-22,D03,2.0,1098.0,549.0,0
2024-10-23,D03,5.0,2745.0,549.0,0
2024-10-24,D03,1.0,549.0,549.0,0
2024-10-25,D03,2.0,1098.0,549.0,0
2024-10-26,D03,5.0,2745.0,549.0,0
2024-10-27,D03,8.0,4392.0,549.0,0
2024-10-28,D03,7.0,3269.0,467.0,1
2024-10-29,D03,5.0,2335.0,467.0,1
2024-10-30,D03,3.0,1401.0,467.0,1
2024-10-31,D03,3.0,1401.0,467.0,1
2024-11-01,D03,4.0,1868.0,467.0,1
2024-11-02,D03,11.0,5137.0,467.0,1
2024-11-03,D03,6.0,2802.0,467.0,1
2024-11-04,D03,3.0,1647.0,549.0,0
2024-11-05,D03,2.0,1098.0,549.0,0
2024-11-06,D03,8.0,4392.0,549.0,0
2024-11-07,D03,5.0,2745.0,549.0,0
2024-11-08,D03,4.0,2196.0,549.0,0
2024-11-09,D03,2.0,1098.0,549.0,0
2024-11-10,D03,5.0,2745.0,549.0,0
2024-11-11,D03,7.0,3843.0,549.0,0
2024-11-12,D03,8.0,4392.0,549.0,0
2024-11-13,D03,1.0,549.0,549.0,0
2024-11-14,D03,2.0,1098.0,549.0,0
2024-11-15,D03,6.0,3294.0,549.0,0
2024-11-16,D03,3.0,1647.0,549.0,0
2024-11-17,D03,3.0,1647.0,549.0,0
2024-11-18,D03,5.0,2745.0,549.0,0
2024-11-19,D03,2.0,1098.0,549.0,0
2024-11-20,D03,5.0,2745.0,549.0,0
2024-11-21,D03,8.0,4392.0,549.0,0
2024-11-22,D03,6.0,3294.0,549.0,0
2024-11-23,D03,3.0,1647.0,549.0,0
2024-11-24,D03,6.0,3294.0,549.0,0
2024-11-25,D03,3.0,1647.0,549.0,0
2024-11-26,D03,4.0,2196.0,549.0,0
2024-11-27,D03,4.0,2196.0,549.0,0
2024-11-28,D03,4.0,2196.0,549.0,0
2024-11-29,D03,3.0,1647.0,549.0,0
2024-11-30,D03,5.0,2745.0,549.0,0
2024-12-01,D03,4.0,2196.0,549.0,0
2024-12-02,D03,3.0,1647.0,549.0,0
2024-12-03,D03,6.0,3294.0,549.0,0
2024-12-04,D03,4.0,2196.0,549.0,0
2024-12-05,D03,2.0,1098.0,549.0,0
2024-12-06,D03,4.0,2196.0,549.0,0
2024-12-07,D03,4.0,2196.0,549.0,0
2024-12-08,D03,1.0,549.0,549.0,0
2024-12-09,D03,2.0,1098.0,549.0,0
2024-12-10,D03,2.0,1098.0,549.0,0
2024-12-11,D03,4.0,2196.0,549.0,0
2024-12-12,D03,3.0,1647.0,549.0,0
2024-12-13,D03,4.0,2196.0,549.0,0
2024-12-14,D03,3.0,1647.0,549.0,0
2024-12-15,D03,3.0,1647.0,549.0,0
2024-12-16,D03,2.0,1098.0,549.0,0
2024-12-17,D03,2.0,1098.0,549.0,0
2024-12-18,D03,1.0,549.0,549.0,0
2024-12-19,D03,6.0,3294.0,549.0,0
2024-12-20,D03,2.0,1098.0,549.0,0
2024-12-21,D03,6.0,3294.0,549.0,0
2024-12-22,D03,3.0,1647.0,549.0,0
2024-12-23,D03,6.0,3294.0,549.0,0
2024-12-24,D03,4.0,2196.0,549.0,0
2024-12-25,D03,3.0,1647.0,549.0,0
2024-12-26,D03,1.0,549.0,549.0,0
2024-12-27,D03,7.0,3843.0,549.0,0
2024-12-28,D03,4.0,2196.0,549.0,0
2024-12-29,D03,4.0,2196.0,549.0,0
2024-12-30,D03,3.0,1647.0,549.0,0
2024-12-31,D03,10.0,5490.0,549.0,0
2025-01-01,D03,4.0,2196.0,549.0,0
2025-01-02,D03,1.0,549.0,549.0,0
2025-01-03,D03,2.0,1098.0,549.0,0
2025-01-04,D03,3.0,1647.0,549.0,0
2025-01-05,D03,3.0,1647.0,549.0,0
2025-01-06,D03,1.0,549.0,549.0,0
2025-01-07,D03,6.0,3294.0,549.0,0
2025-01-08,D03,3.0,1647.0,549.0,0
2025-01-09,D03,3.0,1647.0,549.0,0
2025-01-10,D03,3.0,1647.0,549.0,0
2025-01-11,D03,2.0,1098.0,549.0,0
2025-01-12,D03,7.0,3843.0,549.0,0
2025-01-13,D03,5.0,2745.0,549.0,0
2025-01-14,D03,5.0,2745.0,549.0,0
2025-01-15,D03,4.0,2196.0,549.0,0
2025-01-16,D03,5.0,2745.0,549.0,0
2025-01-17,D03,2.0,1098.0,549.0,0
2025-01-18,D03,1.0,549.0,549.0,0
2025-01-19,D03,5.0,2745.0,549.0,0
2025-01-20,D03,3.0,1647.0,549.0,0
2025-01-21,D03,4.0,2196.0,549.0,0
2025-01-22,D03,4.0,1868.0,467.0,1
2025-01-23,D03,4.0,1868.0,467.0,1
2025-01-24,D03,6.0,2802.0,467.0,1
2025-01-25,D03,4.0,1868.0,467.0,1
2025-01-26,D03,4.0,1868.0,467.0,1
2025-01-27,D03,5.0,2335.0,467.0,1
2025-01-28,D03,7.0,3269.0,467.0,1
2025-01-29,D03,6.0,3294.0,549.0,0
2025-01-30,D03,1.0,549.0,549.0,0
2025-01-31,D03,0.0,0.0,549.0,0
2025-02-01,D03,4.0,2196.0,549.0,0
2025-02-02,D03,2.0,1098.0,549.0,0
2025-02-03,D03,1.0,549.0,549.0,0
2025-02-04,D03,3.0,1647.0,549.0,0
2025-02-05,D03,3.0,1647.0,549.0,0
2025-02-06,D03,2.0,1098.0,549.0,0
2025-02-07,D03,2.0,1098.0,549.0,0
2025-02-08,D03,8.0,4392.0,549.0,0
2025-02-09,D03,1.0,549.0,549.0,0
2025-02-10,D03,4.0,2196.0,549.0,0
2025-02-11,D03,6.0,3294.0,549.0,0
2025-02-12,D03,4.0,2196.0,549.0,0
2025-02-13,D03,6.0,3294.0,549.0,0
2025-02-14,D03,5.0,2745.0,549.0,0
2025-02-15,D03,3.0,1647.0,549.0,0
2025-02-16,D03,5.0,2745.0,549.0,0
2025-02-17,D03,4.0,2196.0,549.0,0
2025-02-18,D03,2.0,1098.0,549.0,0
2025-02-19,D03,4.0,2196.0,549.0,0
2025-02-20,D03,7.0,3843.0,549.0,0
2025-02-21,D03,3.0,1647.0,549.0,0
2025-02-22,D03,2.0,1098.0,549.0,0
2025-02-23,D03,4.0,2196.0,549.0,0
2025-02-24,D03,6.0,3294.0,549.0,0
2025-02-25,D03,2.0,1098.0,549.0,0
2025-02-26,D03,5.0,2745.0,549.0,0
2025-02-27,D03,0.0,0.0,549.0,0
2025-02-28,D03,1.0,549.0,549.0,0
2025-03-01,D03,3.0,1647.0,549.0,0
2025-03-02,D03,2.0,1098.0,549.0,0
2025-03-03,D03,4.0,2196.0,549.0,0
2025-03-04,D03,3.0,1647.0,549.0,0
2025-03-05,D03,6.0,3294.0,549.0,0
2025-03-06,D03,1.0,549.0,549.0,0
2025-03-07,D03,4.0,2196.0,549.0,0
2025-03-08,D03,11.0,6039.0,549.0,0
2025-03-09,D03,3.0,1647.0,549.0,0
2025-03-10,D03,2.0,1098.0,549.0,0
2025-03-11,D03,3.0,1647.0,549.0,0
2025-03-12,D03,4.0,2196.0,549.0,0
2025-03-13,D03,8.0,4392.0,549.0,0
2025-03-14,D03,3.0,1647.0,549.0,0
2025-03-15,D03,3.0,1647.0,549.0,0
2025-03-16,D03,6.0,3294.0,549.0,0
2025-03-17,D03,2.0,1098.0,549.0,0
2025-03-18,D03,1.0,549.0,549.0,0
2025-03-19,D03,4.0,2196.0,549.0,0
2025-03-20,D03,3.0,1647.0,549.0,0
2025-03-21,D03,4.0,2196.0,549.0,0
2025-03-22,D03,2.0,1098.0,549.0,0
2025-03-23,D03,4.0,2196.0,549.0,0
2025-03-24,D03,2.0,1098.0,549.0,0
2025-03-25,D03,2.0,1098.0,549.0,0
2025-03-26,D03,4.0,2196.0,549.0,0
2025-03-27,D03,3.0,1647.0,549.0,0
2025-03-28,D03,4.0,2196.0,549.0,0
2025-03-29,D03,4.0,2196.0,549.0,0
2025-03-30,D03,8.0,4392.0,549.0,0
2025-03-31,D03,2.0,1098.0,549.0,0
2025-04-01,D03,2.0,1098.0,549.0,0
2025-04-02,D03,5.0,2745.0,549.0,0
2025-04-03,D03,1.0,549.0,549.0,0
2025-04-04,D03,3.0,1647.0,549.0,0
2025-04-05,D03,4.0,2196.0,549.0,0
2025-04-06,D03,3.0,1647.0,549.0,0
2025-04-07,D03,4.0,2196.0,549.0,0
2025-04-08,D03,6.0,3294.0,549.0,0
2025-04-09,D03,0.0,0.0,549.0,0
2025-04-10,D03,4.0,2196.0,549.0,0
2025-04-11,D03,3.0,1647.0,549.0,0
2025-04-12,D03,3.0,1647.0,549.0,0
2025-04-13,D03,3.0,1647.0,549.0,0
2025-04-14,D03,3.0,1647.0,549.0,0
2025-04-15,D03,1.0,549.0,549.0,0
2025-04-16,D03,6.0,3294.0,549.0,0
2025-04-17,D03,3.0,1647.0,549.0,0
2025-04-18,D03,3.0,1647.0,549.0,0
2025-04-19,D03,4.0,2196.0,549.0,0
2025-04-20,D03,4.0,2196.0,549.0,0
2025-04-21,D03,4.0,2196.0,549.0,0
2025-04-22,D03,5.0,2745.0,549.0,0
2025-04-23,D03,2.0,1098.0,549.0,0
2025-04-24,D03,3.0,1647.0,549.0,0
2025-04-25,D03,2.0,1098.0,549.0,0
2025-04-26,D03,4.0,2196.0,549.0,0
2025-04-27,D03,1.0,549.0,549.0,0
2025-04-28,D03,4.0,2196.0,549.0,0
2025-04-29,D03,5.0,2745.0,549.0,0
2025-04-30,D03,3.0,1647.0,549.0,0
2025-05-01,D03,2.0,1098.0,549.0,0
2025-05-02,D03,1.0,549.0,549.0,0
2025-05-03,D03,4.0,2196.0,549.0,0
2025-05-04,D03,6.0,3294.0,549.0,0
2025-05-05,D03,2.0,1098.0,549.0,0
2025-05-06,D03,4.0,2196.0,549.0,0
2025-05-07,D03,6.0,3294.0,549.0,0
2025-05-08,D03,3.0,1647.0,549.0,0
2025-05-09,D03,3.0,1647.0,549.0,0
2025-05-10,D03,2.0,934.0,467.0,1
2025-05-11,D03,11.0,5137.0,467.0,1
2025-05-12,D03,5.0,2335.0,467.0,1
2025-05-13,D03,9.0,4203.0,467.0,1
2025-05-14,D03,3.0,1401.0,467.0,1
2025-05-15,D03,7.0,3269.0,467.0,1
2025-05-16,D03,1.0,467.0,467.0,1
2025-05-17,D03,6.0,2802.0,467.0,1
2025-05-18,D03,5.0,2335.0,467.0,1
2025-05-19,D03,8.0,3736.0,467.0,1
2025-05-20,D03,6.0,3294.0,549.0,0
2025-05-21,D03,3.0,1647.0,549.0,0
2025-05-22,D03,7.0,3843.0,549.0,0
2025-05-23,D03,1.0,549.0,549.0,0
2025-05-24,D03,2.0,1098.0,549.0,0
2025-05-25,D03,3.0,1647.0,549.0,0
2025-05-26,D03,7.0,3843.0,549.0,0
2025-05-27,D03,3.0,1647.0,549.0,0
2025-05-28,D03,4.0,2196.0,549.0,0
2025-05-29,D03,3.0,1647.0,549.0,0
2025-05-30,D03,2.0,1098.0,549.0,0
2025-05-31,D03,8.0,4392.0,549.0,0
2025-06-01,D03,7.0,3843.0,549.0,0
2025-06-02,D03,3.0,1647.0,549.0,0
2025-06-03,D03,2.0,1098.0,549.0,0
2025-06-04,D03,1.0,549.0,549.0,0
2025-06-05,D03,3.0,1647.0,549.0,0
2025-06-06,D03,3.0,1647.0,549.0,0
2025-06-07,D03,4.0,2196.0,549.0,0
2025-06-08,D03,5.0,2745.0,549.0,0
2025-06-09,D03,4.0,2196.0,549.0,0
2025-06-10,D03,4.0,2196.0,549.0,0
2025-06-11,D03,2.0,1098.0,549.0,0
2025-06-12,D03,5.0,2745.0,549.0,0
2025-06-13,D03,1.0,549.0,549.0,0
2025-06-14,D03,6.0,3294.0,549.0,0
2025-06-15,D03,3.0,1647.0,549.0,0
2025-06-16,D03,5.0,2745.0,549.0,0
2025-06-17,D03,4.0,2196.0,549.0,0
2025-06-18,D03,4.0,2196.0,549.0,0
2025-06-19,D03,5.0,2745.0,549.0,0
2025-06-20,D03,3.0,1647.0,549.0,0
2025-06-21,D03,7.0,3843.0,549.0,0
2025-06-22,D03,3.0,1647.0,549.0,0
2025-06-23,D03,1.0,549.0,549.0,0
2025-06-24,D03,7.0,3843.0,549.0,0
2025-06-25,D03,3.0,1647.0,549.0,0
2025-06-26,D03,5.0,2745.0,549.0,0
2025-06-27,D03,4.0,2196.0,549.0,0
2025-06-28,D03,1.0,549.0,549.0,0
2025-06-29,D03,3.0,1647.0,549.0,0
2025-06-30,D03,0.0,0.0,549.0,0
2025-07-01,D03,5.0,2745.0,549.0,0
2025-07-02,D03,5.0,2745.0,549.0,0
2025-07-03,D03,6.0,3294.0,549.0,0
2025-07-04,D03,3.0,1647.0,549.0,0
2025-07-05,D03,5.0,2745.0,549.0,0
2025-07-06,D03,4.0,2196.0,549.0,0
2025-07-07,D03,4.0,2196.0,549.0,0
2025-07-08,D03,3.0,1647.0,549.0,0
2025-07-09,D03,3.0,1647.0,549.0,0
2025-07-10,D03,4.0,2196.0,549.0,0
2025-07-11,D03,5.0,2745.0,549.0,0
2025-07-12,D03,1.0,549.0,549.0,0
2025-07-13,D03,5.0,2745.0,549.0,0
2025-07-14,D03,2.0,1098.0,549.0,0
2025-07-15,D03,2.0,1098.0,549.0,0
2025-07-16,D03,7.0,3843.0,549.0,0
2025-07-17,D03,2.0,1098.0,549.0,0
2025-07-18,D03,5.0,2745.0,549.0,0
2025-07-19,D03,8.0,4392.0,549.0,0
2025-07-20,D03,4.0,2196.0,549.0,0
2025-07-21,D03,2.0,1098.0,549.0,0
2025-07-22,D03,7.0,3843.0,549.0,0
2025-07-23,D03,4.0,2196.0,549.0,0
2025-07-24,D03,2.0,1098.0,549.0,0
2025-07-25,D03,0.0,0.0,549.0,0
2025-07-26,D03,2.0,1098.0,549.0,0
2025-07-27,D03,7.0,3843.0,549.0,0
2025-07-28,D03,2.0,1098.0,549.0,0
2025-07-29,D03,2.0,1098.0,549.0,0
2025-07-30,D03,3.0,1647.0,549.0,0
2025-07-31,D03,5.0,2745.0,549.0,0
2025-08-01,D03,3.0,1647.0,549.0,0
2025-08-02,D03,6.0,3294.0,549.0,0
2025-08-03,D03,6.0,3294.0,549.0,0
2025-08-04,D03,5.0,2745.0,549.0,0
2025-08-05,D03,4.0,2196.0,549.0,0
2025-08-06,D03,4.0,2196.0,549.0,0
2025-08-07,D03,5.0,2745.0,549.0,0
2025-08-08,D03,1.0,549.0,549.0,0
2025-08-09,D03,4.0,2196.0,549.0,0
2025-08-10,D03,6.0,3294.0,549.0,0
2025-08-11,D03,3.0,1647.0,549.0,0
2025-08-12,D03,8.0,4392.0,549.0,0
2025-08-13,D03,3.0,1647.0,549.0,0
2025-08-14,D03,5.0,2745.0,549.0,0
2025-08-15,D03,0.0,0.0,549.0,0
2025-08-16,D03,3.0,1647.0,549.0,0
2025-08-17,D03,6.0,3294.0,549.0,0
2025-08-18,D03,3.0,1647.0,549.0,0
2025-08-19,D03,2.0,1098.0,549.0,0
2025-08-20,D03,5.0,2745.0,549.0,0
2025-08-21,D03,4.0,2196.0,549.0,0
2025-08-22,D03,4.0,2196.0,549.0,0
2025-08-23,D03,2.0,1098.0,549.0,0
2025-08-24,D03,3.0,1647.0,549.0,0
2025-08-25,D03,3.0,1647.0,549.0,0
2025-08-26,D03,5.0,2745.0,549.0,0
2025-08-27,D03,2.0,1098.0,549.0,0
2025-08-28,D03,4.0,2196.0,549.0,0
2025-08-29,D03,2.0,1098.0,549.0,0
2025-08-30,D03,2.0,1098.0,549.0,0
2025-08-31,D03,5.0,2745.0,549.0,0
2025-09-01,D03,4.0,2196.0,549.0,0
2025-09-02,D03,1.0,549.0,549.0,0
2025-09-03,D03,3.0,1647.0,549.0,0
2025-09-04,D03,6.0,3294.0,549.0,0
2025-09-05,D03,4.0,2196.0,549.0,0
2025-09-06,D03,5.0,2745.0,549.0,0
2025-09-07,D03,2.0,1098.0,549.0,0
2025-09-08,D03,3.0,1647.0,549.0,0
2025-09-09,D03,3.0,1647.0,549.0,0
2025-09-10,D03,5.0,2745.0,549.0,0
2025-09-11,D03,2.0,1098.0,549.0,0
2025-09-12,D03,2.0,1098.0,549.0,0
2025-09-13,D03,8.0,4392.0,549.0,0
2025-09-14,D03,7.0,3843.0,549.0,0
2025-09-15,D03,4.0,2196.0,549.0,0
2025-09-16,D03,3.0,1647.0,549.0,0
2025-09-17,D03,1.0,549.0,549.0,0
2025-09-18,D03,3.0,1647.0,549.0,0
2025-09-19,D03,2.0,1098.0,549.0,0
2025-09-20,D03,5.0,2745.0,549.0,0
2025-09-21,D03,4.0,2196.0,549.0,0
2025-09-22,D03,2.0,1098.0,549.0,0
2025-09-23,D03,1.0,549.0,549.0,0
2025-09-24,D03,1.0,549.0,549.0,0
2025-09-25,D03,1.0,549.0,549.0,0
2025-09-26,D03,3.0,1647.0,549.0,0
2025-09-27,D03,3.0,1647.0,549.0,0
2025-09-28,D03,2.0,1098.0,549.0,0
2025-09-29,D03,2.0,1098.0,549.0,0
2025-09-30,D03,4.0,2196.0,549.0,0
2025-10-01,D03,2.0,1098.0,549.0,0
2025-10-02,D03,1.0,549.0,549.0,0
2025-10-03,D03,2.0,1098.0,549.0,0
2025-10-04,D03,3.0,1647.0,549.0,0
2025-10-05,D03,4.0,2196.0,549.0,0
2025-10-06,D03,3.0,1647.0,549.0,0
2025-10-07,D03,1.0,549.0,549.0,0
2025-10-08,D03,4.0,2196.0,549.0,0
2025-10-09,D03,4.0,2196.0,549.0,0
2025-10-10,D03,1.0,549.0,549.0,0
2025-10-11,D03,3.0,1647.0,549.0,0
2025-10-12,D03,5.0,2745.0,549.0,0
2025-10-13,D03,5.0,2745.0,549.0,0
2025-10-14,D03,3.0,1647.0,549.0,0
2025-10-15,D03,5.0,2335.0,467.0,1
2025-10-16,D03,5.0,2335.0,467.0,1
2025-10-17,D03,6.0,2802.0,467.0,1
2025-10-18,D03,6.0,2802.0,467.0,1
2025-10-19,D03,4.0,1868.0,467.0,1
2025-10-20,D03,4.0,1868.0,467.0,1
2025-10-21,D03,4.0,1868.0,467.0,1
2025-10-22,D03,2.0,1098.0,549.0,0
2025-10-23,D03,6.0,3294.0,549.0,0
2025-10-24,D03,3.0,1647.0,549.0,0
2025-10-25,D03,7.0,3843.0,549.0,0
2025-10-26,D03,4.0,2196.0,549.0,0
2025-10-27,D03,2.0,1098.0,549.0,0
2025-10-28,D03,3.0,1647.0,549.0,0
2025-10-29,D03,4.0,2196.0,549.0,0
2025-10-30,D03,3.0,1647.0,549.0,0
2025-10-31,D03,3.0,1647.0,549.0,0
2025-11-01,D03,3.0,1647.0,549.0,0
2025-11-02,D03,8.0,4392.0,549.0,0
2025-11-03,D03,6.0,3294.0,549.0,0
2025-11-04,D03,7.0,3843.0,549.0,0
2025-11-05,D03,3.0,1647.0,549.0,0
2025-11-06,D03,1.0,549.0,549.0,0
2025-11-07,D03,8.0,4392.0,549.0,0
2025-11-08,D03,4.0,2196.0,549.0,0
2025-11-09,D03,5.0,2745.0,549.0,0
2025-11-10,D03,4.0,2196.0,549.0,0
2025-11-11,D03,1.0,549.0,549.0,0
2025-11-12,D03,4.0,2196.0,549.0,0
2025-11-13,D03,1.0,549.0,549.0,0
2025-11-14,D03,4.0,2196.0,549.0,0
2025-11-15,D03,8.0,4392.0,549.0,0
2025-11-16,D03,8.0,4392.0,549.0,0
2025-11-17,D03,4.0,2196.0,549.0,0
2025-11-18,D03,8.0,4392.0,549.0,0
2025-11-19,D03,7.0,3843.0,549.0,0
2025-11-20,D03,7.0,3843.0,549.0,0
2025-11-21,D03,3.0,1647.0,549.0,0
2025-11-22,D03,4.0,2196.0,549.0,0
2025-11-23,D03,2.0,1098.0,549.0,0
2025-11-24,D03,3.0,1647.0,549.0,0
2025-11-25,D03,4.0,2196.0,549.0,0
2025-11-26,D03,3.0,1647.0,549.0,0
2025-11-27,D03,3.0,1647.0,549.0,0
2025-11-28,D03,6.0,3294.0,549.0,0
2025-11-29,D03,5.0,2745.0,549.0,0
2025-11-30,D03,3.0,1647.0,549.0,0
2025-12-01,D03,5.0,2745.0,549.0,0
2025-12-02,D03,1.0,549.0,549.0,0
2025-12-03,D03,4.0,2196.0,549.0,0
2025-12-04,D03,2.0,1098.0,549.0,0
2025-12-05,D03,4.0,2196.0,549.0,0
2025-12-06,D03,2.0,1098.0,549.0,0
2025-12-07,D03,4.0,2196.0,549.0,0
2025-12-08,D03,3.0,1647.0,549.0,0
2025-12-09,D03,4.0,2196.0,549.0,0
2025-12-10,D03,7.0,3843.0,549.0,0
2025-12-11,D03,4.0,2196.0,549.0,0
2025-12-12,D03,4.0,2196.0,549.0,0
2025-12-13,D03,7.0,3843.0,549.0,0
2025-12-14,D03,2.0,1098.0,549.0,0
2025-12-15,D03,3.0,1647.0,549.0,0
2025-12-16,D03,6.0,3294.0,549.0,0
2025-12-17,D03,4.0,2196.0,549.0,0
2025-12-18,D03,3.0,1647.0,549.0,0
2025-12-19,D03,0.0,0.0,549.0,0
2025-12-20,D03,5.0,2745.0,549.0,0
2025-12-21,D03,2.0,1098.0,549.0,0
2025-12-22,D03,2.0,1098.0,549.0,0
2025-12-23,D03,6.0,3294.0,549.0,0
2025-12-24,D03,1.0,549.0,549.0,0
2025-12-25,D03,3.0,1647.0,549.0,0
2025-12-26,D03,5.0,2745.0,549.0,0
2025-12-27,D03,3.0,1647.0,549.0,0
2025-12-28,D03,2.0,1098.0,549.0,0
2025-12-29,D03,3.0,1647.0,549.0,0
2025-12-30,D03,4.0,2196.0,549.0,0
2025-12-31,D03,3.0,1647.0,549.0,0
2026-01-01,D03,6.0,3294.0,549.0,0
2026-01-02,D03,1.0,549.0,549.0,0
2026-01-03,D03,6.0,3294.0,549.0,0
2026-01-04,D03,7.0,3843.0,549.0,0
2026-01-05,D03,4.0,2196.0,549.0,0
2026-01-06,D03,5.0,2745.0,549.0,0
2026-01-07,D03,2.0,1098.0,549.0,0
2026-01-08,D03,1.0,549.0,549.0,0
2026-01-09,D03,9.0,4941.0,549.0,0
2026-01-10,D03,5.0,2745.0,549.0,0
2026-01-11,D03,3.0,1647.0,549.0,0
2026-01-12,D03,5.0,2745.0,549.0,0
2026-01-13,D03,2.0,1098.0,549.0,0
2026-01-14,D03,2.0,1098.0,549.0,0
2026-01-15,D03,6.0,3294.0,549.0,0
2026-01-16,D03,4.0,2196.0,549.0,0
2026-01-17,D03,7.0,3843.0,549.0,0
2026-01-18,D03,7.0,3843.0,549.0,0
2026-01-19,D03,3.0,1647.0,549.0,0
2026-01-20,D03,6.0,3294.0,549.0,0
2026-01-21,D03,5.0,2745.0,549.0,0
2026-01-22,D03,4.0,1868.0,467.0,1
2026-01-23,D03,7.0,3269.0,467.0,1
2026-01-24,D03,7.0,3269.0,467.0,1
2026-01-25,D03,7.0,3269.0,467.0,1
2026-01-26,D03,3.0,1401.0,467.0,1
2026-01-27,D03,4.0,1868.0,467.0,1
2026-01-28,D03,4.0,1868.0,467.0,1
2026-01-29,D03,4.0,2196.0,549.0,0
2026-01-30,D03,4.0,2196.0,549.0,0
2026-01-31,D03,4.0,2196.0,549.0,0
2026-02-01,D03,2.0,1098.0,549.0,0
2026-02-02,D03,4.0,2196.0,549.0,0
2026-02-03,D03,0.0,0.0,549.0,0
2026-02-04,D03,4.0,2196.0,549.0,0
2026-02-05,D03,6.0,3294.0,549.0,0
2026-02-06,D03,4.0,2196.0,549.0,0
2026-02-07,D03,5.0,2745.0,549.0,0
2026-02-08,D03,5.0,2745.0,549.0,0
2026-02-09,D03,3.0,1647.0,549.0,0
2026-02-10,D03,6.0,3294.0,549.0,0
2026-02-11,D03,0.0,0.0,549.0,0
2026-02-12,D03,2.0,1098.0,549.0,0
2026-02-13,D03,7.0,3843.0,549.0,0
2026-02-14,D03,1.0,549.0,549.0,0
2026-02-15,D03,3.0,1647.0,549.0,0
2026-02-16,D03,1.0,549.0,549.0,0
2026-02-17,D03,3.0,1647.0,549.0,0
2026-02-18,D03,6.0,3294.0,549.0,0
2026-02-19,D03,3.0,1647.0,549.0,0
2026-02-20,D03,2.0,1098.0,549.0,0
2026-02-21,D03,10.0,5490.0,549.0,0
2026-02-22,D03,7.0,3843.0,549.0,0
2026-02-23,D03,3.0,1647.0,549.0,0
2026-02-24,D03,8.0,4392.0,549.0,0
2026-02-25,D03,3.0,1647.0,549.0,0
2026-02-26,D03,3.0,1647.0,549.0,0
2026-02-27,D03,3.0,1647.0,549.0,0
2026-02-28,D03,2.0,1098.0,549.0,0
2026-03-01,D03,5.0,2745.0,549.0,0
2026-03-02,D03,4.0,2196.0,549.0,0
2026-03-03,D03,2.0,1098.0,549.0,0
2026-03-04,D03,4.0,2196.0,549.0,0
2026-03-05,D03,4.0,2196.0,549.0,0
2026-03-06,D03,4.0,2196.0,549.0,0
2026-03-07,D03,1.0,549.0,549.0,0
2026-03-08,D03,8.0,4392.0,549.0,0
2026-03-09,D03,2.0,1098.0,549.0,0
2026-03-10,D03,2.0,1098.0,549.0,0
2026-03-11,D03,4.0,2196.0,549.0,0
2026-03-12,D03,7.0,3843.0,549.0,0
2026-03-13,D03,2.0,1098.0,549.0,0
2026-03-14,D03,4.0,2196.0,549.0,0
2026-03-15,D03,0.0,0.0,549.0,0
2026-03-16,D03,2.0,1098.0,549.0,0
2026-03-17,D03,4.0,2196.0,549.0,0
2026-03-18,D03,4.0,2196.0,549.0,0
2026-03-19,D03,5.0,2745.0,549.0,0
2026-03-20,D03,8.0,4392.0,549.0,0
2026-03-21,D03,3.0,1647.0,549.0,0
2026-03-22,D03,7.0,3843.0,549.0,0
2026-03-23,D03,2.0,1098.0,549.0,0
2026-03-24,D03,4.0,2196.0,549.0,0
2026-03-25,D03,4.0,2196.0,549.0,0
2026-03-26,D03,5.0,2745.0,549.0,0
2026-03-27,D03,4.0,2196.0,549.0,0
2026-03-28,D03,3.0,1647.0,549.0,0
2026-03-29,D03,5.0,2745.0,549.0,0
2026-03-30,D03,3.0,1647.0,549.0,0
2026-03-31,D03,4.0,2196.0,549.0,0
2026-04-01,D03,4.0,2196.0,549.0,0
2026-04-02,D03,2.0,1098.0,549.0,0
2026-04-03,D03,7.0,3843.0,549.0,0
2026-04-04,D03,4.0,2196.0,549.0,0
2026-04-05,D03,4.0,2196.0,549.0,0
2026-04-06,D03,2.0,1098.0,549.0,0
2026-04-07,D03,2.0,1098.0,549.0,0
2026-04-08,D03,4.0,2196.0,549.0,0
2026-04-09,D03,3.0,1647.0,549.0,0
2026-04-10,D03,4.0,2196.0,549.0,0
2026-04-11,D03,5.0,2745.0,549.0,0
2026-04-12,D03,3.0,1647.0,549.0,0
2026-04-13,D03,4.0,2196.0,549.0,0
2026-04-14,D03,4.0,2196.0,549.0,0
2026-04-15,D03,3.0,1647.0,549.0,0
2026-04-16,D03,2.0,1098.0,549.0,0
2026-04-17,D03,5.0,2745.0,549.0,0
2026-04-18,D03,6.0,3294.0,549.0,0
2026-04-19,D03,1.0,549.0,549.0,0
2026-04-20,D03,2.0,1098.0,549.0,0
2026-04-21,D03,8.0,4392.0,549.0,0
2026-04-22,D03,4.0,2196.0,549.0,0
2026-04-23,D03,6.0,3294.0,549.0,0
2026-04-24,D03,3.0,1647.0,549.0,0
2026-04-25,D03,6.0,3294.0,549.0,0
2026-04-26,D03,2.0,1098.0,549.0,0
2026-04-27,D03,6.0,3294.0,549.0,0
2026-04-28,D03,3.0,1647.0,549.0,0
2026-04-29,D03,6.0,3294.0,549.0,0
2026-04-30,D03,3.0,1647.0,549.0,0
2026-05-01,D03,2.0,1098.0,549.0,0
2026-05-02,D03,7.0,3843.0,549.0,0
2026-05-03,D03,3.0,1647.0,549.0,0
2026-05-04,D03,3.0,1647.0,549.0,0
2026-05-05,D03,4.0,2196.0,549.0,0
2026-05-06,D03,8.0,4392.0,549.0,0
2026-05-07,D03,4.0,2196.0,549.0,0
2026-05-08,D03,8.0,4392.0,549.0,0
2026-05-09,D03,4.0,2196.0,549.0,0
2026-05-10,D03,5.0,2335.0,467.0,1
2026-05-11,D03,7.0,3269.0,467.0,1
2026-05-12,D03,2.0,934.0,467.0,1
2026-05-13,D03,5.0,2335.0,467.0,1
2026-05-14,D03,3.0,1401.0,467.0,1
2026-05-15,D03,4.0,1868.0,467.0,1
2026-05-16,D03,4.0,1868.0,467.0,1
2026-05-17,D03,3.0,1401.0,467.0,1
2026-05-18,D03,2.0,934.0,467.0,1
2026-05-19,D03,4.0,1868.0,467.0,1
2026-05-20,D03,3.0,1647.0,549.0,0
2026-05-21,D03,6.0,3294.0,549.0,0
2026-05-22,D03,6.0,3294.0,549.0,0
2026-05-23,D03,2.0,1098.0,549.0,0
2026-05-24,D03,3.0,1647.0,549.0,0
2026-05-25,D03,5.0,2745.0,549.0,0
2026-05-26,D03,1.0,549.0,549.0,0
2026-05-27,D03,5.0,2745.0,549.0,0
2026-05-28,D03,4.0,2196.0,549.0,0
2026-05-29,D03,8.0,4392.0,549.0,0
2026-05-30,D03,7.0,3843.0,549.0,0
2026-05-31,D03,4.0,2196.0,549.0,0
2026-06-01,D03,1.0,549.0,549.0,0
2026-06-02,D03,2.0,1098.0,549.0,0
2026-06-03,D03,5.0,2745.0,549.0,0
2026-06-04,D03,9.0,4941.0,549.0,0
2026-06-05,D03,2.0,1098.0,549.0,0
2026-06-06,D03,3.0,1647.0,549.0,0
2026-06-07,D03,2.0,1098.0,549.0,0
2026-06-08,D03,3.0,1647.0,549.0,0
2026-06-09,D03,5.0,2745.0,549.0,0
2026-06-10,D03,3.0,1647.0,549.0,0
2026-06-11,D03,5.0,2745.0,549.0,0
2026-06-12,D03,5.0,2745.0,549.0,0
2026-06-13,D03,1.0,549.0,549.0,0
2026-06-14,D03,4.0,2196.0,549.0,0
2026-06-15,D03,3.0,1647.0,549.0,0
2026-06-16,D03,3.0,1647.0,549.0,0
2026-06-17,D03,1.0,549.0,549.0,0
2026-06-18,D03,1.0,549.0,549.0,0
2026-06-19,D03,3.0,1647.0,549.0,0
2026-06-20,D03,3.0,1647.0,549.0,0
2026-06-21,D03,6.0,3294.0,549.0,0
2026-06-22,D03,1.0,549.0,549.0,0
2026-06-23,D03,0.0,0.0,549.0,0
2026-06-24,D03,9.0,4941.0,549.0,0
2026-06-25,D03,4.0,2196.0,549.0,0
2026-06-26,D03,2.0,1098.0,549.0,0
2026-06-27,D03,7.0,3843.0,549.0,0
2026-06-28,D03,10.0,5490.0,549.0,0
2026-06-29,D03,6.0,3294.0,549.0,0
2026-06-30,D03,5.0,2745.0,549.0,0
2026-07-01,D03,6.0,3294.0,549.0,0
2026-07-02,D03,3.0,1647.0,549.0,0
2026-07-03,D03,2.0,1098.0,549.0,0
2026-07-04,D03,5.0,2745.0,549.0,0
2026-07-05,D03,1.0,549.0,549.0,0
2026-07-06,D03,3.0,1647.0,549.0,0
2026-07-07,D03,1.0,549.0,549.0,0
2026-07-08,D03,5.0,2745.0,549.0,0
2026-07-09,D03,5.0,2745.0,549.0,0
2026-07-10,D03,2.0,1098.0,549.0,0
2026-07-11,D03,1.0,549.0,549.0,0
2026-07-12,D03,4.0,2196.0,549.0,0
2026-07-13,D03,4.0,2196.0,549.0,0
2026-07-14,D03,2.0,1098.0,549.0,0
2026-07-15,D03,4.0,2196.0,549.0,0
2026-07-16,D03,2.0,1098.0,549.0,0
2026-07-17,D03,6.0,3294.0,549.0,0
2026-07-18,D03,6.0,3294.0,549.0,0
2026-07-19,D03,5.0,2745.0,549.0,0
2026-07-20,D03,2.0,1098.0,549.0,0
2026-07-21,D03,7.0,3843.0,549.0,0
2026-07-22,D03,6.0,3294.0,549.0,0
2026-07-23,D03,3.0,1647.0,549.0,0
2026-07-24,D03,3.0,1647.0,549.0,0
2026-07-25,D03,3.0,1647.0,549.0,0
2026-07-26,D03,8.0,4392.0,549.0,0
2026-07-27,D03,6.0,3294.0,549.0,0
2026-07-28,D03,7.0,3843.0,549.0,0
2026-07-29,D03,5.0,2745.0,549.0,0
2026-07-30,D03,3.0,1647.0,549.0,0
2026-07-31,D03,4.0,2196.0,549.0,0
2026-08-01,D03,5.0,2745.0,549.0,0
2026-08-02,D03,5.0,2745.0,549.0,0
2026-08-03,D03,2.0,1098.0,549.0,0
2026-08-04,D03,1.0,549.0,549.0,0
2026-08-05,D03,4.0,2196.0,549.0,0
2026-08-06,D03,7.0,3843.0,549.0,0
2026-08-07,D03,7.0,3843.0,549.0,0
2026-08-08,D03,7.0,3843.0,549.0,0
2026-08-09,D03,3.0,1647.0,549.0,0
2026-08-10,D03,1.0,549.0,549.0,0
2026-08-11,D03,2.0,1098.0,549.0,0
2026-08-12,D03,6.0,3294.0,549.0,0
2026-08-13,D03,5.0,2745.0,549.0,0
2026-08-14,D03,3.0,1647.0,549.0,0
2026-08-15,D03,3.0,1647.0,549.0,0
2026-08-16,D03,2.0,1098.0,549.0,0
2026-08-17,D03,2.0,1098.0,549.0,0
2026-08-18,D03,8.0,4392.0,549.0,0
2026-08-19,D03,4.0,2196.0,549.0,0
2026-08-20,D03,2.0,1098.0,549.0,0
2026-08-21,D03,1.0,549.0,549.0,0
2026-08-22,D03,4.0,2196.0,549.0,0
2026-08-23,D03,5.0,2745.0,549.0,0
2026-08-24,D03,6.0,3294.0,549.0,0
2026-08-25,D03,5.0,2745.0,549.0,0
2026-08-26,D03,2.0,1098.0,549.0,0
2026-08-27,D03,4.0,2196.0,549.0,0
2026-08-28,D03,2.0,1098.0,549.0,0
2026-08-29,D03,2.0,1098.0,549.0,0
2026-08-30,D03,5.0,2745.0,549.0,0
2026-08-31,D03,7.0,3843.0,549.0,0
2026-09-01,D03,3.0,1647.0,549.0,0
2026-09-02,D03,7.0,3843.0,549.0,0
2026-09-03,D03,6.0,3294.0,549.0,0
2026-09-04,D03,3.0,1647.0,549.0,0
2026-09-05,D03,2.0,1098.0,549.0,0
2026-09-06,D03,4.0,2196.0,549.0,0
2026-09-07,D03,3.0,1647.0,549.0,0
2026-09-08,D03,4.0,2196.0,549.0,0
2026-09-09,D03,3.0,1647.0,549.0,0
2026-09-10,D03,6.0,3294.0,549.0,0
2026-09-11,D03,3.0,1647.0,549.0,0
2026-09-12,D03,4.0,2196.0,549.0,0
2026-09-13,D03,2.0,1098.0,549.0,0
2026-09-14,D03,1.0,549.0,549.0,0
2026-09-15,D03,1.0,549.0,549.0,0
2026-09-16,D03,2.0,1098.0,549.0,0
2026-09-17,D03,4.0,2196.0,549.0,0
2026-09-18,D03,3.0,1647.0,549.0,0
2026-09-19,D03,5.0,2745.0,549.0,0
2026-09-20,D03,6.0,3294.0,549.0,0
2026-09-21,D03,3.0,1647.0,549.0,0
2026-09-22,D03,2.0,1098.0,549.0,0
2026-09-23,D03,6.0,3294.0,549.0,0
2026-09-24,D03,6.0,3294.0,549.0,0
2026-09-25,D03,9.0,4941.0,549.0,0
2026-09-26,D03,5.0,2745.0,549.0,0
2026-09-27,D03,8.0,4392.0,549.0,0
2024-01-01,D04,0.0,0.0,249.0,0
2024-01-02,D04,3.0,747.0,249.0,0
2024-01-03,D04,3.0,747.0,249.0,0
2024-01-04,D04,3.0,747.0,249.0,0
2024-01-05,D04,0.0,0.0,249.0,0
2024-01-06,D04,1.0,249.0,249.0,0
2024-01-07,D04,4.0,996.0,249.0,0
2024-01-08,D04,4.0,996.0,249.0,0
2024-01-09,D04,3.0,747.0,249.0,0
2024-01-10,D04,2.0,498.0,249.0,0
2024-01-11,D04,2.0,498.0,249.0,0
2024-01-12,D04,1.0,249.0,249.0,0
2024-01-13,D04,3.0,747.0,249.0,0
2024-01-14,D04,4.0,996.0,249.0,0
2024-01-15,D04,1.0,249.0,249.0,0
2024-01-16,D04,1.0,249.0,249.0,0
2024-01-17,D04,1.0,249.0,249.0,0
2024-01-18,D04,3.0,747.0,249.0,0
2024-01-19,D04,1.0,249.0,249.0,0
2024-01-20,D04,1.0,249.0,249.0,0
2024-01-21,D04,2.0,498.0,249.0,0
2024-01-22,D04,2.0,424.0,212.0,1
2024-01-23,D04,2.0,424.0,212.0,1
2024-01-24,D04,5.0,1060.0,212.0,1
2024-01-25,D04,3.0,636.0,212.0,1
2024-01-26,D04,1.0,212.0,212.0,1
2024-01-27,D04,3.0,636.0,212.0,1
2024-01-28,D04,3.0,636.0,212.0,1
2024-01-29,D04,0.0,0.0,249.0,0
2024-01-30,D04,0.0,0.0,249.0,0
2024-01-31,D04,2.0,498.0,249.0,0
2024-02-01,D04,1.0,249.0,249.0,0
2024-02-02,D04,0.0,0.0,249.0,0
2024-02-03,D04,4.0,996.0,249.0,0
2024-02-04,D04,0.0,0.0,249.0,0
2024-02-05,D04,3.0,747.0,249.0,0
2024-02-06,D04,1.0,249.0,249.0,0
2024-02-07,D04,2.0,498.0,249.0,0
2024-02-08,D04,2.0,498.0,249.0,0
2024-02-09,D04,2.0,498.0,249.0,0
2024-02-10,D04,6.0,1494.0,249.0,0
2024-02-11,D04,1.0,249.0,249.0,0
2024-02-12,D04,2.0,498.0,249.0,0
2024-02-13,D04,4.0,996.0,249.0,0
2024-02-14,D04,2.0,498.0,249.0,0
2024-02-15,D04,2.0,498.0,249.0,0
2024-02-16,D04,1.0,249.0,249.0,0
2024-02-17,D04,2.0,498.0,249.0,0
2024-02-18,D04,1.0,249.0,249.0,0
2024-02-19,D04,1.0,249.0,249.0,0
2024-02-20,D04,1.0,249.0,249.0,0
2024-02-21,D04,2.0,498.0,249.0,0
2024-02-22,D04,1.0,249.0,249.0,0
2024-02-23,D04,1.0,249.0,249.0,0
2024-02-24,D04,1.0,249.0,249.0,0
2024-02-25,D04,3.0,747.0,249.0,0
2024-02-26,D04,2.0,498.0,249.0,0
2024-02-27,D04,1.0,249.0,249.0,0
2024-02-28,D04,3.0,747.0,249.0,0
2024-02-29,D04,2.0,498.0,249.0,0
2024-03-01,D04,3.0,747.0,249.0,0
2024-03-02,D04,3.0,747.0,249.0,0
2024-03-03,D04,0.0,0.0,249.0,0
2024-03-04,D04,4.0,996.0,249.0,0
2024-03-05,D04,0.0,0.0,249.0,0
2024-03-06,D04,5.0,1245.0,249.0,0
2024-03-07,D04,3.0,747.0,249.0,0
2024-03-08,D04,3.0,747.0,249.0,0
2024-03-09,D04,1.0,249.0,249.0,0
2024-03-10,D04,2.0,498.0,249.0,0
2024-03-11,D04,0.0,0.0,249.0,0
2024-03-12,D04,1.0,249.0,249.0,0
2024-03-13,D04,4.0,996.0,249.0,0
2024-03-14,D04,5.0,1245.0,249.0,0
2024-03-15,D04,1.0,249.0,249.0,0
2024-03-16,D04,1.0,249.0,249.0,0
2024-03-17,D04,1.0,249.0,249.0,0
2024-03-18,D04,2.0,498.0,249.0,0
2024-03-19,D04,5.0,1245.0,249.0,0
2024-03-20,D04,1.0,249.0,249.0,0
2024-03-21,D04,3.0,747.0,249.0,0
2024-03-22,D04,0.0,0.0,249.0,0
2024-03-23,D04,5.0,1245.0,249.0,0
2024-03-24,D04,0.0,0.0,249.0,0
2024-03-25,D04,3.0,747.0,249.0,0
2024-03-26,D04,1.0,249.0,249.0,0
2024-03-27,D04,3.0,747.0,249.0,0
2024-03-28,D04,5.0,1245.0,249.0,0
2024-03-29,D04,1.0,249.0,249.0,0
2024-03-30,D04,1.0,249.0,249.0,0
2024-03-31,D04,2.0,498.0,249.0,0
2024-04-01,D04,2.0,498.0,249.0,0
2024-04-02,D04,0.0,0.0,249.0,0
2024-04-03,D04,2.0,498.0,249.0,0
2024-04-04,D04,3.0,747.0,249.0,0
2024-04-05,D04,0.0,0.0,249.0,0
2024-04-06,D04,1.0,249.0,249.0,0
2024-04-07,D04,1.0,249.0,249.0,0
2024-04-08,D04,2.0,498.0,249.0,0
2024-04-09,D04,3.0,747.0,249.0,0
2024-04-10,D04,1.0,249.0,249.0,0
2024-04-11,D04,1.0,249.0,249.0,0
2024-04-12,D04,2.0,498.0,249.0,0
2024-04-13,D04,4.0,996.0,249.0,0
2024-04-14,D04,4.0,996.0,249.0,0
2024-04-15,D04,2.0,498.0,249.0,0
2024-04-16,D04,0.0,0.0,249.0,0
2024-04-17,D04,3.0,747.0,249.0,0
2024-04-18,D04,4.0,996.0,249.0,0
2024-04-19,D04,2.0,498.0,249.0,0
2024-04-20,D04,4.0,996.0,249.0,0
2024-04-21,D04,1.0,249.0,249.0,0
2024-04-22,D04,2.0,498.0,249.0,0
2024-04-23,D04,3.0,747.0,249.0,0
2024-04-24,D04,2.0,498.0,249.0,0
2024-04-25,D04,0.0,0.0,249.0,0
2024-04-26,D04,0.0,0.0,249.0,0
2024-04-27,D04,3.0,747.0,249.0,0
2024-04-28,D04,3.0,747.0,249.0,0
2024-04-29,D04,2.0,498.0,249.0,0
2024-04-30,D04,0.0,0.0,249.0,0
2024-05-01,D04,2.0,498.0,249.0,0
2024-05-02,D04,0.0,0.0,249.0,0
2024-05-03,D04,2.0,498.0,249.0,0
2024-05-04,D04,1.0,249.0,249.0,0
2024-05-05,D04,1.0,249.0,249.0,0
2024-05-06,D04,2.0,498.0,249.0,0
2024-05-07,D04,5.0,1245.0,249.0,0
2024-05-08,D04,4.0,996.0,249.0,0
2024-05-09,D04,3.0,747.0,249.0,0
2024-05-10,D04,5.0,1060.0,212.0,1
2024-05-11,D04,1.0,212.0,212.0,1
2024-05-12,D04,0.0,0.0,212.0,1
2024-05-13,D04,2.0,424.0,212.0,1
2024-05-14,D04,1.0,212.0,212.0,1
2024-05-15,D04,2.0,424.0,212.0,1
2024-05-16,D04,4.0,848.0,212.0,1
2024-05-17,D04,2.0,424.0,212.0,1
2024-05-18,D04,2.0,424.0,212.0,1
2024-05-19,D04,2.0,424.0,212.0,1
2024-05-20,D04,1.0,249.0,249.0,0
2024-05-21,D04,3.0,747.0,249.0,0
2024-05-22,D04,2.0,498.0,249.0,0
2024-05-23,D04,2.0,498.0,249.0,0
2024-05-24,D04,1.0,249.0,249.0,0
2024-05-25,D04,3.0,747.0,249.0,0
2024-05-26,D04,2.0,498.0,249.0,0
2024-05-27,D04,0.0,0.0,249.0,0
2024-05-28,D04,4.0,996.0,249.0,0
2024-05-29,D04,3.0,747.0,249.0,0
2024-05-30,D04,1.0,249.0,249.0,0
2024-05-31,D04,2.0,498.0,249.0,0
2024-06-01,D04,2.0,498.0,249.0,0
2024-06-02,D04,4.0,996.0,249.0,0
2024-06-03,D04,2.0,498.0,249.0,0
2024-06-04,D04,3.0,747.0,249.0,0
2024-06-05,D04,3.0,747.0,249.0,0
2024-06-06,D04,1.0,249.0,249.0,0
2024-06-07,D04,2.0,498.0,249.0,0
2024-06-08,D04,4.0,996.0,249.0,0
2024-06-09,D04,2.0,498.0,249.0,0
2024-06-10,D04,2.0,498.0,249.0,0
2024-06-11,D04,2.0,498.0,249.0,0
2024-06-12,D04,1.0,249.0,249.0,0
2024-06-13,D04,0.0,0.0,249.0,0
2024-06-14,D04,1.0,249.0,249.0,0
2024-06-15,D04,2.0,498.0,249.0,0
2024-06-16,D04,6.0,1494.0,249.0,0
2024-06-17,D04,4.0,996.0,249.0,0
2024-06-18,D04,2.0,498.0,249.0,0
2024-06-19,D04,3.0,747.0,249.0,0
2024-06-20,D04,1.0,249.0,249.0,0
2024-06-21,D04,2.0,498.0,249.0,0
2024-06-22,D04,3.0,747.0,249.0,0
2024-06-23,D04,3.0,747.0,249.0,0
2024-06-24,D04,4.0,996.0,249.0,0
2024-06-25,D04,4.0,996.0,249.0,0
2024-06-26,D04,4.0,996.0,249.0,0
2024-06-27,D04,0.0,0.0,249.0,0
2024-06-28,D04,2.0,498.0,249.0,0
2024-06-29,D04,2.0,498.0,249.0,0
2024-06-30,D04,2.0,498.0,249.0,0
2024-07-01,D04,1.0,249.0,249.0,0
2024-07-02,D04,2.0,498.0,249.0,0
2024-07-03,D04,3.0,747.0,249.0,0
2024-07-04,D04,3.0,747.0,249.0,0
2024-07-05,D04,4.0,996.0,249.0,0
2024-07-06,D04,1.0,249.0,249.0,0
2024-07-07,D04,1.0,249.0,249.0,0
2024-07-08,D04,1.0,249.0,249.0,0
2024-07-09,D04,1.0,249.0,249.0,0
2024-07-10,D04,6.0,1494.0,249.0,0
2024-07-11,D04,3.0,747.0,249.0,0
2024-07-12,D04,1.0,249.0,249.0,0
2024-07-13,D04,0.0,0.0,249.0,0
2024-07-14,D04,2.0,498.0,249.0,0
2024-07-15,D04,1.0,249.0,249.0,0
2024-07-16,D04,3.0,747.0,249.0,0
2024-07-17,D04,2.0,498.0,249.0,0
2024-07-18,D04,2.0,498.0,249.0,0
2024-07-19,D04,0.0,0.0,249.0,0
2024-07-20,D04,2.0,498.0,249.0,0
2024-07-21,D04,2.0,498.0,249.0,0
2024-07-22,D04,2.0,498.0,249.0,0
2024-07-23,D04,3.0,747.0,249.0,0
2024-07-24,D04,2.0,498.0,249.0,0
2024-07-25,D04,4.0,996.0,249.0,0
2024-07-26,D04,2.0,498.0,249.0,0
2024-07-27,D04,1.0,249.0,249.0,0
2024-07-28,D04,1.0,249.0,249.0,0
2024-07-29,D04,3.0,747.0,249.0,0
2024-07-30,D04,0.0,0.0,249.0,0
2024-07-31,D04,2.0,498.0,249.0,0
2024-08-01,D04,2.0,498.0,249.0,0
2024-08-02,D04,4.0,996.0,249.0,0
2024-08-03,D04,2.0,498.0,249.0,0
2024-08-04,D04,4.0,996.0,249.0,0
2024-08-05,D04,0.0,0.0,249.0,0
2024-08-06,D04,2.0,498.0,249.0,0
2024-08-07,D04,0.0,0.0,249.0,0
2024-08-08,D04,2.0,498.0,249.0,0
2024-08-09,D04,3.0,747.0,249.0,0
2024-08-10,D04,1.0,249.0,249.0,0
2024-08-11,D04,3.0,747.0,249.0,0
2024-08-12,D04,1.0,249.0,249.0,0
2024-08-13,D04,3.0,747.0,249.0,0
2024-08-14,D04,4.0,996.0,249.0,0
2024-08-15,D04,4.0,996.0,249.0,0
2024-08-16,D04,1.0,249.0,249.0,0
2024-08-17,D04,1.0,249.0,249.0,0
2024-08-18,D04,4.0,996.0,249.0,0
2024-08-19,D04,2.0,498.0,249.0,0
2024-08-20,D04,4.0,996.0,249.0,0
2024-08-21,D04,0.0,0.0,249.0,0
2024-08-22,D04,3.0,747.0,249.0,0
2024-08-23,D04,0.0,0.0,249.0,0
2024-08-24,D04,1.0,249.0,249.0,0
2024-08-25,D04,3.0,747.0,249.0,0
2024-08-26,D04,2.0,498.0,249.0,0
2024-08-27,D04,2.0,498.0,249.0,0
2024-08-28,D04,2.0,498.0,249.0,0
2024-08-29,D04,1.0,249.0,249.0,0
2024-08-30,D04,6.0,1494.0,249.0,0
2024-08-31,D04,6.0,1494.0,249.0,0
2024-09-01,D04,4.0,996.0,249.0,0
2024-09-02,D04,3.0,747.0,249.0,0
2024-09-03,D04,,0.0,249.0,0
2024-09-04,D04,0.0,0.0,249.0,0
2024-09-05,D04,1.0,249.0,249.0,0
2024-09-06,D04,1.0,249.0,249.0,0
2024-09-07,D04,1.0,249.0,249.0,0
2024-09-08,D04,6.0,1494.0,249.0,0
2024-09-09,D04,1.0,249.0,249.0,0
2024-09-10,D04,4.0,996.0,249.0,0
2024-09-11,D04,1.0,249.0,249.0,0
2024-09-12,D04,2.0,498.0,249.0,0
2024-09-13,D04,2.0,498.0,249.0,0
2024-09-14,D04,2.0,498.0,249.0,0
2024-09-15,D04,1.0,249.0,249.0,0
2024-09-16,D04,2.0,498.0,249.0,0
2024-09-17,D04,1.0,249.0,249.0,0
2024-09-18,D04,3.0,747.0,249.0,0
2024-09-19,D04,0.0,0.0,249.0,0
2024-09-20,D04,2.0,498.0,249.0,0
2024-09-21,D04,3.0,747.0,249.0,0
2024-09-22,D04,2.0,498.0,249.0,0
2024-09-23,D04,4.0,996.0,249.0,0
2024-09-24,D04,1.0,249.0,249.0,0
2024-09-25,D04,3.0,747.0,249.0,0
2024-09-26,D04,0.0,0.0,249.0,0
2024-09-27,D04,1.0,249.0,249.0,0
2024-09-28,D04,5.0,1245.0,249.0,0
2024-09-29,D04,2.0,498.0,249.0,0
2024-09-30,D04,2.0,498.0,249.0,0
2024-10-01,D04,4.0,996.0,249.0,0
2024-10-02,D04,2.0,498.0,249.0,0
2024-10-03,D04,4.0,996.0,249.0,0
2024-10-04,D04,2.0,498.0,249.0,0
2024-10-05,D04,3.0,747.0,249.0,0
2024-10-06,D04,1.0,249.0,249.0,0
2024-10-07,D04,5.0,1245.0,249.0,0
2024-10-08,D04,3.0,747.0,249.0,0
2024-10-09,D04,2.0,498.0,249.0,0
2024-10-10,D04,2.0,498.0,249.0,0
2024-10-11,D04,0.0,0.0,249.0,0
2024-10-12,D04,4.0,996.0,249.0,0
2024-10-13,D04,2.0,498.0,249.0,0
2024-10-14,D04,2.0,498.0,249.0,0
2024-10-15,D04,2.0,498.0,249.0,0
2024-10-16,D04,0.0,0.0,249.0,0
2024-10-17,D04,3.0,747.0,249.0,0
2024-10-18,D04,2.0,498.0,249.0,0
2024-10-19,D04,4.0,996.0,249.0,0
2024-10-20,D04,1.0,249.0,249.0,0
2024-10-21,D04,1.0,249.0,249.0,0
2024-10-22,D04,6.0,1494.0,249.0,0
2024-10-23,D04,4.0,996.0,249.0,0
2024-10-24,D04,2.0,498.0,249.0,0
2024-10-25,D04,1.0,249.0,249.0,0
2024-10-26,D04,1.0,249.0,249.0,0
2024-10-27,D04,1.0,249.0,249.0,0
2024-10-28,D04,5.0,1060.0,212.0,1
2024-10-29,D04,4.0,848.0,212.0,1
2024-10-30,D04,3.0,636.0,212.0,1
2024-10-31,D04,3.0,636.0,212.0,1
2024-11-01,D04,7.0,1484.0,212.0,1
2024-11-02,D04,1.0,212.0,212.0,1
2024-11-03,D04,3.0,636.0,212.0,1
2024-11-04,D04,3.0,747.0,249.0,0
2024-11-05,D04,2.0,498.0,249.0,0
2024-11-06,D04,2.0,498.0,249.0,0
2024-11-07,D04,0.0,0.0,249.0,0
2024-11-08,D04,5.0,1245.0,249.0,0
2024-11-09,D04,4.0,996.0,249.0,0
2024-11-10,D04,2.0,498.0,249.0,0
2024-11-11,D04,2.0,498.0,249.0,0
2024-11-12,D04,0.0,0.0,249.0,0
2024-11-13,D04,3.0,747.0,249.0,0
2024-11-14,D04,3.0,747.0,249.0,0
2024-11-15,D04,3.0,747.0,249.0,0
2024-11-16,D04,3.0,747.0,249.0,0
2024-11-17,D04,0.0,0.0,249.0,0
2024-11-18,D04,2.0,498.0,249.0,0
2024-11-19,D04,2.0,498.0,249.0,0
2024-11-20,D04,4.0,996.0,249.0,0
2024-11-21,D04,4.0,996.0,249.0,0
2024-11-22,D04,1.0,249.0,249.0,0
2024-11-23,D04,4.0,996.0,249.0,0
2024-11-24,D04,1.0,249.0,249.0,0
2024-11-25,D04,3.0,747.0,249.0,0
2024-11-26,D04,1.0,249.0,249.0,0
2024-11-27,D04,4.0,996.0,249.0,0
2024-11-28,D04,2.0,498.0,249.0,0
2024-11-29,D04,0.0,0.0,249.0,0
2024-11-30,D04,4.0,996.0,249.0,0
2024-12-01,D04,0.0,0.0,249.0,0
2024-12-02,D04,2.0,498.0,249.0,0
2024-12-03,D04,3.0,747.0,249.0,0
2024-12-04,D04,0.0,0.0,249.0,0
2024-12-05,D04,3.0,747.0,249.0,0
2024-12-06,D04,0.0,0.0,249.0,0
2024-12-07,D04,3.0,747.0,249.0,0
2024-12-08,D04,3.0,747.0,249.0,0
2024-12-09,D04,1.0,249.0,249.0,0
2024-12-10,D04,2.0,498.0,249.0,0
2024-12-11,D04,1.0,249.0,249.0,0
2024-12-12,D04,2.0,498.0,249.0,0
2024-12-13,D04,2.0,498.0,249.0,0
2024-12-14,D04,,249.0,249.0,0
2024-12-15,D04,4.0,996.0,249.0,0
2024-12-16,D04,0.0,0.0,249.0,0
2024-12-17,D04,1.0,249.0,249.0,0
2024-12-18,D04,4.0,996.0,249.0,0
2024-12-19,D04,4.0,996.0,249.0,0
2024-12-20,D04,3.0,747.0,249.0,0
2024-12-21,D04,2.0,498.0,249.0,0
2024-12-22,D04,3.0,747.0,249.0,0
2024-12-23,D04,0.0,0.0,249.0,0
2024-12-24,D04,4.0,996.0,249.0,0
2024-12-25,D04,2.0,498.0,249.0,0
2024-12-26,D04,4.0,996.0,249.0,0
2024-12-27,D04,2.0,498.0,249.0,0
2024-12-28,D04,3.0,747.0,249.0,0
2024-12-29,D04,1.0,249.0,249.0,0
2024-12-30,D04,,1494.0,249.0,0
2024-12-31,D04,1.0,249.0,249.0,0
2025-01-01,D04,1.0,249.0,249.0,0
2025-01-02,D04,0.0,0.0,249.0,0
2025-01-03,D04,1.0,249.0,249.0,0
2025-01-04,D04,5.0,1245.0,249.0,0
2025-01-05,D04,2.0,498.0,249.0,0
2025-01-06,D04,2.0,498.0,249.0,0
2025-01-07,D04,4.0,996.0,249.0,0
2025-01-08,D04,3.0,747.0,249.0,0
2025-01-09,D04,2.0,498.0,249.0,0
2025-01-10,D04,3.0,747.0,249.0,0
2025-01-11,D04,2.0,498.0,249.0,0
2025-01-12,D04,1.0,249.0,249.0,0
2025-01-13,D04,5.0,1245.0,249.0,0
2025-01-14,D04,2.0,498.0,249.0,0
2025-01-15,D04,2.0,498.0,249.0,0
2025-01-16,D04,6.0,1494.0,249.0,0
2025-01-17,D04,2.0,498.0,249.0,0
2025-01-18,D04,5.0,1245.0,249.0,0
2025-01-19,D04,0.0,0.0,249.0,0
2025-01-20,D04,2.0,498.0,249.0,0
2025-01-21,D04,3.0,747.0,249.0,0
2025-01-22,D04,4.0,848.0,212.0,1
2025-01-23,D04,2.0,424.0,212.0,1
2025-01-24,D04,5.0,1060.0,212.0,1
2025-01-25,D04,7.0,1484.0,212.0,1
2025-01-26,D04,2.0,424.0,212.0,1
2025-01-27,D04,2.0,424.0,212.0,1
2025-01-28,D04,7.0,1484.0,212.0,1
2025-01-29,D04,0.0,0.0,249.0,0
2025-01-30,D04,0.0,0.0,249.0,0
2025-01-31,D04,2.0,498.0,249.0,0
2025-02-01,D04,2.0,498.0,249.0,0
2025-02-02,D04,3.0,747.0,249.0,0
2025-02-03,D04,5.0,1245.0,249.0,0
2025-02-04,D04,0.0,0.0,249.0,0
2025-02-05,D04,6.0,1494.0,249.0,0
2025-02-06,D04,4.0,996.0,249.0,0
2025-02-07,D04,2.0,498.0,249.0,0
2025-02-08,D04,2.0,498.0,249.0,0
2025-02-09,D04,1.0,249.0,249.0,0
2025-02-10,D04,2.0,498.0,249.0,0
2025-02-11,D04,3.0,747.0,249.0,0
2025-02-12,D04,2.0,498.0,249.0,0
2025-02-13,D04,3.0,747.0,249.0,0
2025-02-14,D04,1.0,249.0,249.0,0
2025-02-15,D04,1.0,249.0,249.0,0
2025-02-16,D04,5.0,1245.0,249.0,0
2025-02-17,D04,1.0,249.0,249.0,0
2025-02-18,D04,1.0,249.0,249.0,0
2025-02-19,D04,4.0,996.0,249.0,0
2025-02-20,D04,5.0,1245.0,249.0,0
2025-02-21,D04,1.0,249.0,249.0,0
2025-02-22,D04,2.0,498.0,249.0,0
2025-02-23,D04,2.0,498.0,249.0,0
2025-02-24,D04,2.0,498.0,249.0,0
2025-02-25,D04,4.0,996.0,249.0,0
2025-02-26,D04,1.0,249.0,249.0,0
2025-02-27,D04,4.0,996.0,249.0,0
2025-02-28,D04,1.0,249.0,249.0,0
2025-03-01,D04,3.0,747.0,249.0,0
2025-03-02,D04,3.0,747.0,249.0,0
2025-03-03,D04,3.0,747.0,249.0,0
2025-03-04,D04,0.0,0.0,249.0,0
2025-03-05,D04,0.0,0.0,249.0,0
2025-03-06,D04,2.0,498.0,249.0,0
2025-03-07,D04,2.0,498.0,249.0,0
2025-03-08,D04,6.0,1494.0,249.0,0
2025-03-09,D04,1.0,249.0,249.0,0
2025-03-10,D04,0.0,0.0,249.0,0
2025-03-11,D04,2.0,498.0,249.0,0
2025-03-12,D04,2.0,498.0,249.0,0
2025-03-13,D04,0.0,0.0,249.0,0
2025-03-14,D04,0.0,0.0,249.0,0
2025-03-15,D04,3.0,747.0,249.0,0
2025-03-16,D04,0.0,0.0,249.0,0
2025-03-17,D04,2.0,498.0,249.0,0
2025-03-18,D04,3.0,747.0,249.0,0
2025-03-19,D04,2.0,498.0,249.0,0
2025-03-20,D04,2.0,498.0,249.0,0
2025-03-21,D04,3.0,747.0,249.0,0
2025-03-22,D04,2.0,498.0,249.0,0
2025-03-23,D04,3.0,747.0,249.0,0
2025-03-24,D04,4.0,996.0,249.0,0
2025-03-25,D04,3.0,747.0,249.0,0
2025-03-26,D04,2.0,498.0,249.0,0
2025-03-27,D04,3.0,747.0,249.0,0
2025-03-28,D04,1.0,249.0,249.0,0
2025-03-29,D04,5.0,1245.0,249.0,0
2025-03-30,D04,4.0,996.0,249.0,0
2025-03-31,D04,3.0,747.0,249.0,0
2025-04-01,D04,3.0,747.0,249.0,0
2025-04-02,D04,2.0,498.0,249.0,0
2025-04-03,D04,2.0,498.0,249.0,0
2025-04-04,D04,3.0,747.0,249.0,0
2025-04-05,D04,1.0,249.0,249.0,0
2025-04-06,D04,3.0,747.0,249.0,0
2025-04-07,D04,3.0,747.0,249.0,0
2025-04-08,D04,1.0,249.0,249.0,0
2025-04-09,D04,3.0,747.0,249.0,0
2025-04-10,D04,3.0,747.0,249.0,0
2025-04-11,D04,4.0,996.0,249.0,0
2025-04-12,D04,4.0,996.0,249.0,0
2025-04-13,D04,3.0,747.0,249.0,0
2025-04-14,D04,2.0,498.0,249.0,0
2025-04-15,D04,1.0,249.0,249.0,0
2025-04-16,D04,3.0,747.0,249.0,0
2025-04-17,D04,1.0,249.0,249.0,0
2025-04-18,D04,3.0,747.0,249.0,0
2025-04-19,D04,2.0,498.0,249.0,0
2025-04-20,D04,1.0,249.0,249.0,0
2025-04-21,D04,2.0,498.0,249.0,0
2025-04-22,D04,1.0,249.0,249.0,0
2025-04-23,D04,6.0,1494.0,249.0,0
2025-04-24,D04,4.0,996.0,249.0,0
2025-04-25,D04,2.0,498.0,249.0,0
2025-04-26,D04,4.0,996.0,249.0,0
2025-04-27,D04,4.0,996.0,249.0,0
2025-04-28,D04,3.0,747.0,249.0,0
2025-04-29,D04,3.0,747.0,249.0,0
2025-04-30,D04,0.0,0.0,249.0,0
2025-05-01,D04,0.0,0.0,249.0,0
2025-05-02,D04,5.0,1245.0,249.0,0
2025-05-03,D04,2.0,498.0,249.0,0
2025-05-04,D04,3.0,747.0,249.0,0
2025-05-05,D04,0.0,0.0,249.0,0
2025-05-06,D04,3.0,747.0,249.0,0
2025-05-07,D04,2.0,498.0,249.0,0
2025-05-08,D04,2.0,498.0,249.0,0
2025-05-09,D04,2.0,498.0,249.0,0
2025-05-10,D04,6.0,1272.0,212.0,1
2025-05-11,D04,5.0,1060.0,212.0,1
2025-05-12,D04,4.0,848.0,212.0,1
2025-05-13,D04,0.0,0.0,212.0,1
2025-05-14,D04,4.0,848.0,212.0,1
2025-05-15,D04,4.0,848.0,212.0,1
2025-05-16,D04,4.0,848.0,212.0,1
2025-05-17,D04,3.0,636.0,212.0,1
2025-05-18,D04,4.0,848.0,212.0,1
2025-05-19,D04,3.0,636.0,212.0,1
2025-05-20,D04,3.0,747.0,249.0,0
2025-05-21,D04,1.0,249.0,249.0,0
2025-05-22,D04,2.0,498.0,249.0,0
2025-05-23,D04,1.0,249.0,249.0,0
2025-05-24,D04,2.0,498.0,249.0,0
2025-05-25,D04,1.0,249.0,249.0,0
2025-05-26,D04,3.0,747.0,249.0,0
2025-05-27,D04,4.0,996.0,249.0,0
2025-05-28,D04,2.0,498.0,249.0,0
2025-05-29,D04,0.0,0.0,249.0,0
2025-05-30,D04,6.0,1494.0,249.0,0
2025-05-31,D04,7.0,1743.0,249.0,0
2025-06-01,D04,2.0,498.0,249.0,0
2025-06-02,D04,2.0,498.0,249.0,0
2025-06-03,D04,0.0,0.0,249.0,0
2025-06-04,D04,5.0,1245.0,249.0,0
2025-06-05,D04,5.0,1245.0,249.0,0
2025-06-06,D04,5.0,1245.0,249.0,0
2025-06-07,D04,3.0,747.0,249.0,0
2025-06-08,D04,1.0,249.0,249.0,0
2025-06-09,D04,3.0,747.0,249.0,0
2025-06-10,D04,1.0,249.0,249.0,0
2025-06-11,D04,3.0,747.0,249.0,0
2025-06-12,D04,0.0,0.0,249.0,0
2025-06-13,D04,3.0,747.0,249.0,0
2025-06-14,D04,2.0,498.0,249.0,0
2025-06-15,D04,1.0,249.0,249.0,0
2025-06-16,D04,4.0,996.0,249.0,0
2025-06-17,D04,4.0,996.0,249.0,0
2025-06-18,D04,3.0,747.0,249.0,0
2025-06-19,D04,4.0,996.0,249.0,0
2025-06-20,D04,2.0,498.0,249.0,0
2025-06-21,D04,1.0,249.0,249.0,0
2025-06-22,D04,1.0,249.0,249.0,0
2025-06-23,D04,1.0,249.0,249.0,0
2025-06-24,D04,3.0,747.0,249.0,0
2025-06-25,D04,1.0,249.0,249.0,0
2025-06-26,D04,3.0,747.0,249.0,0
2025-06-27,D04,6.0,1494.0,249.0,0
2025-06-28,D04,3.0,747.0,249.0,0
2025-06-29,D04,4.0,996.0,249.0,0
2025-06-30,D04,1.0,249.0,249.0,0
2025-07-01,D04,1.0,249.0,249.0,0
2025-07-02,D04,3.0,747.0,249.0,0
2025-07-03,D04,3.0,747.0,249.0,0
2025-07-04,D04,1.0,249.0,249.0,0
2025-07-05,D04,3.0,747.0,249.0,0
2025-07-06,D04,5.0,1245.0,249.0,0
2025-07-07,D04,2.0,498.0,249.0,0
2025-07-08,D04,6.0,1494.0,249.0,0
2025-07-09,D04,1.0,249.0,249.0,0
2025-07-10,D04,3.0,747.0,249.0,0
2025-07-11,D04,4.0,996.0,249.0,0
2025-07-12,D04,1.0,249.0,249.0,0
2025-07-13,D04,6.0,1494.0,249.0,0
2025-07-14,D04,0.0,0.0,249.0,0
2025-07-15,D04,0.0,0.0,249.0,0
2025-07-16,D04,7.0,1743.0,249.0,0
2025-07-17,D04,2.0,498.0,249.0,0
2025-07-18,D04,4.0,996.0,249.0,0
2025-07-19,D04,6.0,1494.0,249.0,0
2025-07-20,D04,5.0,1245.0,249.0,0
2025-07-21,D04,2.0,498.0,249.0,0
2025-07-22,D04,0.0,0.0,249.0,0
2025-07-23,D04,3.0,747.0,249.0,0
2025-07-24,D04,2.0,498.0,249.0,0
2025-07-25,D04,4.0,996.0,249.0,0
2025-07-26,D04,4.0,996.0,249.0,0
2025-07-27,D04,2.0,498.0,249.0,0
2025-07-28,D04,3.0,747.0,249.0,0
2025-07-29,D04,4.0,996.0,249.0,0
2025-07-30,D04,2.0,498.0,249.0,0
2025-07-31,D04,1.0,249.0,249.0,0
2025-08-01,D04,2.0,498.0,249.0,0
2025-08-02,D04,2.0,498.0,249.0,0
2025-08-03,D04,2.0,498.0,249.0,0
2025-08-04,D04,1.0,249.0,249.0,0
2025-08-05,D04,3.0,747.0,249.0,0
2025-08-06,D04,3.0,747.0,249.0,0
2025-08-07,D04,3.0,747.0,249.0,0
2025-08-08,D04,0.0,0.0,249.0,0
2025-08-09,D04,0.0,0.0,249.0,0
2025-08-10,D04,1.0,249.0,249.0,0
2025-08-11,D04,3.0,747.0,249.0,0
2025-08-12,D04,4.0,996.0,249.0,0
2025-08-13,D04,4.0,996.0,249.0,0
2025-08-14,D04,4.0,996.0,249.0,0
2025-08-15,D04,3.0,747.0,249.0,0
2025-08-16,D04,2.0,498.0,249.0,0
2025-08-17,D04,0.0,0.0,249.0,0
2025-08-18,D04,3.0,747.0,249.0,0
2025-08-19,D04,1.0,249.0,249.0,0
2025-08-20,D04,2.0,498.0,249.0,0
2025-08-21,D04,3.0,747.0,249.0,0
2025-08-22,D04,5.0,1245.0,249.0,0
2025-08-23,D04,3.0,747.0,249.0,0
2025-08-24,D04,4.0,996.0,249.0,0
2025-08-25,D04,3.0,747.0,249.0,0
2025-08-26,D04,1.0,249.0,249.0,0
2025-08-27,D04,1.0,249.0,249.0,0
2025-08-28,D04,3.0,747.0,249.0,0
2025-08-29,D04,1.0,249.0,249.0,0
2025-08-30,D04,1.0,249.0,249.0,0
2025-08-31,D04,3.0,747.0,249.0,0
2025-09-01,D04,3.0,747.0,249.0,0
2025-09-02,D04,4.0,996.0,249.0,0
2025-09-03,D04,2.0,498.0,249.0,0
2025-09-04,D04,2.0,498.0,249.0,0
2025-09-05,D04,3.0,747.0,249.0,0
2025-09-06,D04,2.0,498.0,249.0,0
2025-09-07,D04,4.0,996.0,249.0,0
2025-09-08,D04,2.0,498.0,249.0,0
2025-09-09,D04,4.0,996.0,249.0,0
2025-09-10,D04,2.0,498.0,249.0,0
2025-09-11,D04,4.0,996.0,249.0,0
2025-09-12,D04,4.0,996.0,249.0,0
2025-09-13,D04,1.0,249.0,249.0,0
2025-09-14,D04,2.0,498.0,249.0,0
2025-09-15,D04,3.0,747.0,249.0,0
2025-09-16,D04,1.0,249.0,249.0,0
2025-09-17,D04,1.0,249.0,249.0,0
2025-09-18,D04,2.0,498.0,249.0,0
2025-09-19,D04,2.0,498.0,249.0,0
2025-09-20,D04,2.0,498.0,249.0,0
2025-09-21,D04,5.0,1245.0,249.0,0
2025-09-22,D04,4.0,996.0,249.0,0
2025-09-23,D04,2.0,498.0,249.0,0
2025-09-24,D04,1.0,249.0,249.0,0
2025-09-25,D04,1.0,249.0,249.0,0
2025-09-26,D04,3.0,747.0,249.0,0
2025-09-27,D04,3.0,747.0,249.0,0
2025-09-28,D04,5.0,1245.0,249.0,0
2025-09-29,D04,2.0,498.0,249.0,0
2025-09-30,D04,3.0,747.0,249.0,0
2025-10-01,D04,2.0,498.0,249.0,0
2025-10-02,D04,4.0,996.0,249.0,0
2025-10-03,D04,2.0,498.0,249.0,0
2025-10-04,D04,3.0,747.0,249.0,0
2025-10-05,D04,2.0,498.0,249.0,0
2025-10-06,D04,3.0,747.0,249.0,0
2025-10-07,D04,3.0,747.0,249.0,0
2025-10-08,D04,2.0,498.0,249.0,0
2025-10-09,D04,3.0,747.0,249.0,0
2025-10-10,D04,2.0,498.0,249.0,0
2025-10-11,D04,0.0,0.0,249.0,0
2025-10-12,D04,0.0,0.0,249.0,0
2025-10-13,D04,2.0,498.0,249.0,0
2025-10-14,D04,3.0,747.0,249.0,0
2025-10-15,D04,5.0,1060.0,212.0,1
2025-10-16,D04,4.0,848.0,212.0,1
2025-10-17,D04,3.0,636.0,212.0,1
2025-10-18,D04,2.0,424.0,212.0,1
2025-10-19,D04,0.0,0.0,212.0,1
2025-10-20,D04,6.0,1272.0,212.0,1
2025-10-21,D04,1.0,212.0,212.0,1
2025-10-22,D04,3.0,747.0,249.0,0
2025-10-23,D04,5.0,1245.0,249.0,0
2025-10-24,D04,1.0,249.0,249.0,0
2025-10-25,D04,5.0,1245.0,249.0,0
2025-10-26,D04,0.0,0.0,249.0,0
2025-10-27,D04,1.0,249.0,249.0,0
2025-10-28,D04,1.0,249.0,249.0,0
2025-10-29,D04,2.0,498.0,249.0,0
2025-10-30,D04,2.0,498.0,249.0,0
2025-10-31,D04,3.0,747.0,249.0,0
2025-11-01,D04,4.0,996.0,249.0,0
2025-11-02,D04,2.0,498.0,249.0,0
2025-11-03,D04,3.0,747.0,249.0,0
2025-11-04,D04,2.0,498.0,249.0,0
2025-11-05,D04,2.0,498.0,249.0,0
2025-11-06,D04,2.0,498.0,249.0,0
2025-11-07,D04,1.0,249.0,249.0,0
2025-11-08,D04,3.0,747.0,249.0,0
2025-11-09,D04,3.0,747.0,249.0,0
2025-11-10,D04,3.0,747.0,249.0,0
2025-11-11,D04,1.0,249.0,249.0,0
2025-11-12,D04,1.0,249.0,249.0,0
2025-11-13,D04,4.0,996.0,249.0,0
2025-11-14,D04,3.0,747.0,249.0,0
2025-11-15,D04,7.0,1743.0,249.0,0
2025-11-16,D04,2.0,498.0,249.0,0
2025-11-17,D04,1.0,249.0,249.0,0
2025-11-18,D04,2.0,498.0,249.0,0
2025-11-19,D04,4.0,996.0,249.0,0
2025-11-20,D04,3.0,747.0,249.0,0
2025-11-21,D04,1.0,249.0,249.0,0
2025-11-22,D04,1.0,249.0,249.0,0
2025-11-23,D04,5.0,1245.0,249.0,0
2025-11-24,D04,3.0,747.0,249.0,0
2025-11-25,D04,2.0,498.0,249.0,0
2025-11-26,D04,4.0,996.0,249.0,0
2025-11-27,D04,7.0,1743.0,249.0,0
2025-11-28,D04,2.0,498.0,249.0,0
2025-11-29,D04,2.0,498.0,249.0,0
2025-11-30,D04,2.0,498.0,249.0,0
2025-12-01,D04,2.0,498.0,249.0,0
2025-12-02,D04,4.0,996.0,249.0,0
2025-12-03,D04,1.0,249.0,249.0,0
2025-12-04,D04,2.0,498.0,249.0,0
2025-12-05,D04,3.0,747.0,249.0,0
2025-12-06,D04,2.0,498.0,249.0,0
2025-12-07,D04,2.0,498.0,249.0,0
2025-12-08,D04,3.0,747.0,249.0,0
2025-12-09,D04,3.0,747.0,249.0,0
2025-12-10,D04,4.0,996.0,249.0,0
2025-12-11,D04,1.0,249.0,249.0,0
2025-12-12,D04,4.0,996.0,249.0,0
2025-12-13,D04,5.0,1245.0,249.0,0
2025-12-14,D04,0.0,0.0,249.0,0
2025-12-15,D04,2.0,498.0,249.0,0
2025-12-16,D04,0.0,0.0,249.0,0
2025-12-17,D04,4.0,996.0,249.0,0
2025-12-18,D04,1.0,249.0,249.0,0
2025-12-19,D04,1.0,249.0,249.0,0
2025-12-20,D04,1.0,249.0,249.0,0
2025-12-21,D04,4.0,996.0,249.0,0
2025-12-22,D04,2.0,498.0,249.0,0
2025-12-23,D04,2.0,498.0,249.0,0
2025-12-24,D04,1.0,249.0,249.0,0
2025-12-25,D04,2.0,498.0,249.0,0
2025-12-26,D04,2.0,498.0,249.0,0
2025-12-27,D04,5.0,1245.0,249.0,0
2025-12-28,D04,3.0,747.0,249.0,0
2025-12-29,D04,2.0,498.0,249.0,0
2025-12-30,D04,5.0,1245.0,249.0,0
2025-12-31,D04,3.0,747.0,249.0,0
2026-01-01,D04,1.0,249.0,249.0,0
2026-01-02,D04,0.0,0.0,249.0,0
2026-01-03,D04,2.0,498.0,249.0,0
2026-01-04,D04,7.0,1743.0,249.0,0
2026-01-05,D04,4.0,996.0,249.0,0
2026-01-06,D04,4.0,996.0,249.0,0
2026-01-07,D04,1.0,249.0,249.0,0
2026-01-08,D04,3.0,747.0,249.0,0
2026-01-09,D04,4.0,996.0,249.0,0
2026-01-10,D04,1.0,249.0,249.0,0
2026-01-11,D04,3.0,747.0,249.0,0
2026-01-12,D04,1.0,249.0,249.0,0
2026-01-13,D04,0.0,0.0,249.0,0
2026-01-14,D04,2.0,498.0,249.0,0
2026-01-15,D04,4.0,996.0,249.0,0
2026-01-16,D04,3.0,747.0,249.0,0
2026-01-17,D04,3.0,747.0,249.0,0
2026-01-18,D04,0.0,0.0,249.0,0
2026-01-19,D04,5.0,1245.0,249.0,0
2026-01-20,D04,4.0,996.0,249.0,0
2026-01-21,D04,1.0,249.0,249.0,0
2026-01-22,D04,0.0,0.0,212.0,1
2026-01-23,D04,5.0,1060.0,212.0,1
2026-01-24,D04,5.0,1060.0,212.0,1
2026-01-25,D04,4.0,848.0,212.0,1
2026-01-26,D04,3.0,636.0,212.0,1
2026-01-27,D04,1.0,212.0,212.0,1
2026-01-28,D04,4.0,848.0,212.0,1
2026-01-29,D04,1.0,249.0,249.0,0
2026-01-30,D04,3.0,747.0,249.0,0
2026-01-31,D04,3.0,747.0,249.0,0
2026-02-01,D04,1.0,249.0,249.0,0
2026-02-02,D04,3.0,747.0,249.0,0
2026-02-03,D04,2.0,498.0,249.0,0
2026-02-04,D04,2.0,498.0,249.0,0
2026-02-05,D04,2.0,498.0,249.0,0
2026-02-06,D04,2.0,498.0,249.0,0
2026-02-07,D04,2.0,498.0,249.0,0
2026-02-08,D04,7.0,1743.0,249.0,0
2026-02-09,D04,1.0,249.0,249.0,0
2026-02-10,D04,3.0,747.0,249.0,0
2026-02-11,D04,3.0,747.0,249.0,0
2026-02-12,D04,8.0,1992.0,249.0,0
2026-02-13,D04,1.0,249.0,249.0,0
2026-02-14,D04,3.0,747.0,249.0,0
2026-02-15,D04,2.0,498.0,249.0,0
2026-02-16,D04,3.0,747.0,249.0,0
2026-02-17,D04,,747.0,249.0,0
2026-02-18,D04,0.0,0.0,249.0,0
2026-02-19,D04,2.0,498.0,249.0,0
2026-02-20,D04,4.0,996.0,249.0,0
2026-02-21,D04,2.0,498.0,249.0,0
2026-02-22,D04,3.0,747.0,249.0,0
2026-02-23,D04,3.0,747.0,249.0,0
2026-02-24,D04,2.0,498.0,249.0,0
2026-02-25,D04,3.0,747.0,249.0,0
2026-02-26,D04,2.0,498.0,249.0,0
2026-02-27,D04,1.0,249.0,249.0,0
2026-02-28,D04,1.0,249.0,249.0,0
2026-03-01,D04,2.0,498.0,249.0,0
2026-03-02,D04,2.0,498.0,249.0,0
2026-03-03,D04,2.0,498.0,249.0,0
2026-03-04,D04,1.0,249.0,249.0,0
2026-03-05,D04,8.0,1992.0,249.0,0
2026-03-06,D04,5.0,1245.0,249.0,0
2026-03-07,D04,3.0,747.0,249.0,0
2026-03-08,D04,2.0,498.0,249.0,0
2026-03-09,D04,1.0,249.0,249.0,0
2026-03-10,D04,1.0,249.0,249.0,0
2026-03-11,D04,3.0,747.0,249.0,0
2026-03-12,D04,1.0,249.0,249.0,0
2026-03-13,D04,1.0,249.0,249.0,0
2026-03-14,D04,3.0,747.0,249.0,0
2026-03-15,D04,6.0,1494.0,249.0,0
2026-03-16,D04,1.0,249.0,249.0,0
2026-03-17,D04,1.0,249.0,249.0,0
2026-03-18,D04,1.0,249.0,249.0,0
2026-03-19,D04,4.0,996.0,249.0,0
2026-03-20,D04,0.0,0.0,249.0,0
2026-03-21,D04,2.0,498.0,249.0,0
2026-03-22,D04,2.0,498.0,249.0,0
2026-03-23,D04,3.0,747.0,249.0,0
2026-03-24,D04,0.0,0.0,249.0,0
2026-03-25,D04,3.0,747.0,249.0,0
2026-03-26,D04,2.0,498.0,249.0,0
2026-03-27,D04,3.0,747.0,249.0,0
2026-03-28,D04,3.0,747.0,249.0,0
2026-03-29,D04,3.0,747.0,249.0,0
2026-03-30,D04,3.0,747.0,249.0,0
2026-03-31,D04,3.0,747.0,249.0,0
2026-04-01,D04,4.0,996.0,249.0,0
2026-04-02,D04,1.0,249.0,249.0,0
2026-04-03,D04,4.0,996.0,249.0,0
2026-04-04,D04,2.0,498.0,249.0,0
2026-04-05,D04,3.0,747.0,249.0,0
2026-04-06,D04,6.0,1494.0,249.0,0
2026-04-07,D04,2.0,498.0,249.0,0
2026-04-08,D04,3.0,747.0,249.0,0
2026-04-09,D04,3.0,747.0,249.0,0
2026-04-10,D04,0.0,0.0,249.0,0
2026-04-11,D04,4.0,996.0,249.0,0
2026-04-12,D04,4.0,996.0,249.0,0
2026-04-13,D04,2.0,498.0,249.0,0
2026-04-14,D04,2.0,498.0,249.0,0
2026-04-15,D04,4.0,996.0,249.0,0
2026-04-16,D04,6.0,1494.0,249.0,0
2026-04-17,D04,1.0,249.0,249.0,0
2026-04-18,D04,3.0,747.0,249.0,0
2026-04-19,D04,3.0,747.0,249.0,0
2026-04-20,D04,1.0,249.0,249.0,0
2026-04-21,D04,4.0,996.0,249.0,0
2026-04-22,D04,3.0,747.0,249.0,0
2026-04-23,D04,4.0,996.0,249.0,0
2026-04-24,D04,3.0,747.0,249.0,0
2026-04-25,D04,4.0,996.0,249.0,0
2026-04-26,D04,5.0,1245.0,249.0,0
2026-04-27,D04,3.0,747.0,249.0,0
2026-04-28,D04,5.0,1245.0,249.0,0
2026-04-29,D04,3.0,747.0,249.0,0
2026-04-30,D04,4.0,996.0,249.0,0
2026-05-01,D04,1.0,249.0,249.0,0
2026-05-02,D04,5.0,1245.0,249.0,0
2026-05-03,D04,2.0,498.0,249.0,0
2026-05-04,D04,3.0,747.0,249.0,0
2026-05-05,D04,5.0,1245.0,249.0,0
2026-05-06,D04,2.0,498.0,249.0,0
2026-05-07,D04,1.0,249.0,249.0,0
2026-05-08,D04,1.0,249.0,249.0,0
2026-05-09,D04,3.0,747.0,249.0,0
2026-05-10,D04,4.0,848.0,212.0,1
2026-05-11,D04,5.0,1060.0,212.0,1
2026-05-12,D04,7.0,1484.0,212.0,1
2026-05-13,D04,4.0,848.0,212.0,1
2026-05-14,D04,6.0,1272.0,212.0,1
2026-05-15,D04,6.0,1272.0,212.0,1
2026-05-16,D04,3.0,636.0,212.0,1
2026-05-17,D04,5.0,1060.0,212.0,1
2026-05-18,D04,3.0,636.0,212.0,1
2026-05-19,D04,3.0,636.0,212.0,1
2026-05-20,D04,3.0,747.0,249.0,0
2026-05-21,D04,3.0,747.0,249.0,0
2026-05-22,D04,2.0,498.0,249.0,0
2026-05-23,D04,5.0,1245.0,249.0,0
2026-05-24,D04,3.0,747.0,249.0,0
2026-05-25,D04,8.0,1992.0,249.0,0
2026-05-26,D04,2.0,498.0,249.0,0
2026-05-27,D04,1.0,249.0,249.0,0
2026-05-28,D04,2.0,498.0,249.0,0
2026-05-29,D04,3.0,747.0,249.0,0
2026-05-30,D04,4.0,996.0,249.0,0
2026-05-31,D04,5.0,1245.0,249.0,0
2026-06-01,D04,3.0,747.0,249.0,0
2026-06-02,D04,7.0,1743.0,249.0,0
2026-06-03,D04,0.0,0.0,249.0,0
2026-06-04,D04,3.0,747.0,249.0,0
2026-06-05,D04,3.0,747.0,249.0,0
2026-06-06,D04,4.0,996.0,249.0,0
2026-06-07,D04,2.0,498.0,249.0,0
2026-06-08,D04,3.0,747.0,249.0,0
2026-06-09,D04,3.0,747.0,249.0,0
2026-06-10,D04,3.0,747.0,249.0,0
2026-06-11,D04,3.0,747.0,249.0,0
2026-06-12,D04,2.0,498.0,249.0,0
2026-06-13,D04,1.0,249.0,249.0,0
2026-06-14,D04,7.0,1743.0,249.0,0
2026-06-15,D04,4.0,996.0,249.0,0
2026-06-16,D04,3.0,747.0,249.0,0
2026-06-17,D04,4.0,996.0,249.0,0
2026-06-18,D04,1.0,249.0,249.0,0
2026-06-19,D04,1.0,249.0,249.0,0
2026-06-20,D04,7.0,1743.0,249.0,0
2026-06-21,D04,5.0,1245.0,249.0,0
2026-06-22,D04,4.0,996.0,249.0,0
2026-06-23,D04,0.0,0.0,249.0,0
2026-06-24,D04,1.0,249.0,249.0,0
2026-06-25,D04,6.0,1494.0,249.0,0
2026-06-26,D04,1.0,249.0,249.0,0
2026-06-27,D04,1.0,249.0,249.0,0
2026-06-28,D04,4.0,996.0,249.0,0
2026-06-29,D04,1.0,249.0,249.0,0
2026-06-30,D04,2.0,498.0,249.0,0
2026-07-01,D04,1.0,249.0,249.0,0
2026-07-02,D04,1.0,249.0,249.0,0
2026-07-03,D04,4.0,996.0,249.0,0
2026-07-04,D04,2.0,498.0,249.0,0
2026-07-05,D04,6.0,1494.0,249.0,0
2026-07-06,D04,2.0,498.0,249.0,0
2026-07-07,D04,3.0,747.0,249.0,0
2026-07-08,D04,0.0,0.0,249.0,0
2026-07-09,D04,3.0,747.0,249.0,0
2026-07-10,D04,2.0,498.0,249.0,0
2026-07-11,D04,1.0,249.0,249.0,0
2026-07-12,D04,3.0,747.0,249.0,0
2026-07-13,D04,5.0,1245.0,249.0,0
2026-07-14,D04,3.0,747.0,249.0,0
2026-07-15,D04,2.0,498.0,249.0,0
2026-07-16,D04,2.0,498.0,249.0,0
2026-07-17,D04,8.0,1992.0,249.0,0
2026-07-18,D04,6.0,1494.0,249.0,0
2026-07-19,D04,3.0,747.0,249.0,0
2026-07-20,D04,1.0,249.0,249.0,0
2026-07-21,D04,2.0,498.0,249.0,0
2026-07-22,D04,0.0,0.0,249.0,0
2026-07-23,D04,1.0,249.0,249.0,0
2026-07-24,D04,3.0,747.0,249.0,0
2026-07-25,D04,5.0,1245.0,249.0,0
2026-07-26,D04,3.0,747.0,249.0,0
2026-07-27,D04,2.0,498.0,249.0,0
2026-07-28,D04,4.0,996.0,249.0,0
2026-07-29,D04,1.0,249.0,249.0,0
2026-07-30,D04,4.0,996.0,249.0,0
2026-07-31,D04,1.0,249.0,249.0,0
2026-08-01,D04,3.0,747.0,249.0,0
2026-08-02,D04,6.0,1494.0,249.0,0
2026-08-03,D04,2.0,498.0,249.0,0
2026-08-04,D04,6.0,1494.0,249.0,0
2026-08-05,D04,3.0,747.0,249.0,0
2026-08-06,D04,1.0,249.0,249.0,0
2026-08-07,D04,4.0,996.0,249.0,0
2026-08-08,D04,4.0,996.0,249.0,0
2026-08-09,D04,4.0,996.0,249.0,0
2026-08-10,D04,0.0,0.0,249.0,0
2026-08-11,D04,3.0,747.0,249.0,0
2026-08-12,D04,2.0,498.0,249.0,0
2026-08-13,D04,3.0,747.0,249.0,0
2026-08-14,D04,0.0,0.0,249.0,0
2026-08-15,D04,0.0,0.0,249.0,0
2026-08-16,D04,1.0,249.0,249.0,0
2026-08-17,D04,5.0,1245.0,249.0,0
2026-08-18,D04,3.0,747.0,249.0,0
2026-08-19,D04,3.0,747.0,249.0,0
2026-08-20,D04,3.0,747.0,249.0,0
2026-08-21,D04,1.0,249.0,249.0,0
2026-08-22,D04,3.0,747.0,249.0,0
2026-08-23,D04,5.0,1245.0,249.0,0
2026-08-24,D04,3.0,747.0,249.0,0
2026-08-25,D04,3.0,747.0,249.0,0
2026-08-26,D04,2.0,498.0,249.0,0
2026-08-27,D04,3.0,747.0,249.0,0
2026-08-28,D04,1.0,249.0,249.0,0
2026-08-29,D04,4.0,996.0,249.0,0
2026-08-30,D04,2.0,498.0,249.0,0
2026-08-31,D04,3.0,747.0,249.0,0
2026-09-01,D04,4.0,996.0,249.0,0
2026-09-02,D04,1.0,249.0,249.0,0
2026-09-03,D04,2.0,498.0,249.0,0
2026-09-04,D04,2.0,498.0,249.0,0
2026-09-05,D04,5.0,1245.0,249.0,0
2026-09-06,D04,1.0,249.0,249.0,0
2026-09-07,D04,2.0,498.0,249.0,0
2026-09-08,D04,0.0,0.0,249.0,0
2026-09-09,D04,7.0,1743.0,249.0,0
2026-09-10,D04,3.0,747.0,249.0,0
2026-09-11,D04,4.0,996.0,249.0,0
2026-09-12,D04,2.0,498.0,249.0,0
2026-09-13,D04,4.0,996.0,249.0,0
2026-09-14,D04,4.0,996.0,249.0,0
2026-09-15,D04,5.0,1245.0,249.0,0
2026-09-16,D04,5.0,1245.0,249.0,0
2026-09-17,D04,2.0,498.0,249.0,0
2026-09-18,D04,2.0,498.0,249.0,0
2026-09-19,D04,3.0,747.0,249.0,0
2026-09-20,D04,4.0,996.0,249.0,0
2026-09-21,D04,3.0,747.0,249.0,0
2026-09-22,D04,3.0,747.0,249.0,0
2026-09-23,D04,2.0,498.0,249.0,0
2026-09-24,D04,1.0,249.0,249.0,0
2026-09-25,D04,2.0,498.0,249.0,0
2026-09-26,D04,2.0,498.0,249.0,0
2026-09-27,D04,4.0,996.0,249.0,0
2024-01-01,B01,4.0,3596.0,899.0,0
2024-01-02,B01,7.0,6293.0,899.0,0
2024-01-03,B01,6.0,5394.0,899.0,0
2024-01-04,B01,10.0,8990.0,899.0,0
2024-01-05,B01,7.0,6293.0,899.0,0
2024-01-06,B01,11.0,9889.0,899.0,0
2024-01-07,B01,8.0,7192.0,899.0,0
2024-01-08,B01,2.0,1798.0,899.0,0
2024-01-09,B01,4.0,3596.0,899.0,0
2024-01-10,B01,6.0,5394.0,899.0,0
2024-01-11,B01,5.0,4495.0,899.0,0
2024-01-12,B01,14.0,12586.0,899.0,0
2024-01-13,B01,11.0,9889.0,899.0,0
2024-01-14,B01,7.0,6293.0,899.0,0
2024-01-15,B01,8.0,7192.0,899.0,0
2024-01-16,B01,2.0,1798.0,899.0,0
2024-01-17,B01,10.0,8990.0,899.0,0
2024-01-18,B01,6.0,5394.0,899.0,0
2024-01-19,B01,12.0,10788.0,899.0,0
2024-01-20,B01,7.0,6293.0,899.0,0
2024-01-21,B01,10.0,8990.0,899.0,0
2024-01-22,B01,15.0,11460.0,764.0,1
2024-01-23,B01,8.0,6112.0,764.0,1
2024-01-24,B01,11.0,8404.0,764.0,1
2024-01-25,B01,6.0,4584.0,764.0,1
2024-01-26,B01,11.0,8404.0,764.0,1
2024-01-27,B01,9.0,6876.0,764.0,1
2024-01-28,B01,7.0,5348.0,764.0,1
2024-01-29,B01,3.0,2697.0,899.0,0
2024-01-30,B01,4.0,3596.0,899.0,0
2024-01-31,B01,7.0,6293.0,899.0,0
2024-02-01,B01,14.0,12586.0,899.0,0
2024-02-02,B01,5.0,4495.0,899.0,0
2024-02-03,B01,15.0,13485.0,899.0,0
2024-02-04,B01,12.0,10788.0,899.0,0
2024-02-05,B01,5.0,4495.0,899.0,0
2024-02-06,B01,9.0,8091.0,899.0,0
2024-02-07,B01,11.0,9889.0,899.0,0
2024-02-08,B01,5.0,4495.0,899.0,0
2024-02-09,B01,5.0,4495.0,899.0,0
2024-02-10,B01,4.0,3596.0,899.0,0
2024-02-11,B01,13.0,11687.0,899.0,0
2024-02-12,B01,5.0,4495.0,899.0,0
2024-02-13,B01,7.0,6293.0,899.0,0
2024-02-14,B01,5.0,4495.0,899.0,0
2024-02-15,B01,10.0,8990.0,899.0,0
2024-02-16,B01,8.0,7192.0,899.0,0
2024-02-17,B01,9.0,8091.0,899.0,0
2024-02-18,B01,7.0,6293.0,899.0,0
2024-02-19,B01,5.0,4495.0,899.0,0
2024-02-20,B01,5.0,4495.0,899.0,0
2024-02-21,B01,4.0,3596.0,899.0,0
2024-02-22,B01,8.0,7192.0,899.0,0
2024-02-23,B01,9.0,8091.0,899.0,0
2024-02-24,B01,7.0,6293.0,899.0,0
2024-02-25,B01,5.0,4495.0,899.0,0
2024-02-26,B01,4.0,3596.0,899.0,0
2024-02-27,B01,6.0,5394.0,899.0,0
2024-02-28,B01,6.0,5394.0,899.0,0
2024-02-29,B01,6.0,5394.0,899.0,0
2024-03-01,B01,6.0,5394.0,899.0,0
2024-03-02,B01,10.0,8990.0,899.0,0
2024-03-03,B01,3.0,2697.0,899.0,0
2024-03-04,B01,3.0,2697.0,899.0,0
2024-03-05,B01,7.0,6293.0,899.0,0
2024-03-06,B01,6.0,5394.0,899.0,0
2024-03-07,B01,2.0,1798.0,899.0,0
2024-03-08,B01,6.0,5394.0,899.0,0
2024-03-09,B01,7.0,6293.0,899.0,0
2024-03-10,B01,3.0,2697.0,899.0,0
2024-03-11,B01,5.0,4495.0,899.0,0
2024-03-12,B01,5.0,4495.0,899.0,0
2024-03-13,B01,2.0,1798.0,899.0,0
2024-03-14,B01,6.0,5394.0,899.0,0
2024-03-15,B01,6.0,5394.0,899.0,0
2024-03-16,B01,7.0,6293.0,899.0,0
2024-03-17,B01,6.0,5394.0,899.0,0
2024-03-18,B01,6.0,5394.0,899.0,0
2024-03-19,B01,5.0,4495.0,899.0,0
2024-03-20,B01,9.0,8091.0,899.0,0
2024-03-21,B01,7.0,6293.0,899.0,0
2024-03-22,B01,3.0,2697.0,899.0,0
2024-03-23,B01,4.0,3596.0,899.0,0
2024-03-24,B01,5.0,4495.0,899.0,0
2024-03-25,B01,2.0,1798.0,899.0,0
2024-03-26,B01,5.0,4495.0,899.0,0
2024-03-27,B01,6.0,5394.0,899.0,0
2024-03-28,B01,9.0,8091.0,899.0,0
2024-03-29,B01,6.0,5394.0,899.0,0
2024-03-30,B01,5.0,4495.0,899.0,0
2024-03-31,B01,6.0,5394.0,899.0,0
2024-04-01,B01,3.0,2697.0,899.0,0
2024-04-02,B01,6.0,5394.0,899.0,0
2024-04-03,B01,2.0,1798.0,899.0,0
2024-04-04,B01,3.0,2697.0,899.0,0
2024-04-05,B01,4.0,3596.0,899.0,0
2024-04-06,B01,2.0,1798.0,899.0,0
2024-04-07,B01,3.0,2697.0,899.0,0
2024-04-08,B01,4.0,3596.0,899.0,0
2024-04-09,B01,5.0,4495.0,899.0,0
2024-04-10,B01,8.0,7192.0,899.0,0
2024-04-11,B01,3.0,2697.0,899.0,0
2024-04-12,B01,5.0,4495.0,899.0,0
2024-04-13,B01,3.0,2697.0,899.0,0
2024-04-14,B01,5.0,4495.0,899.0,0
2024-04-15,B01,4.0,3596.0,899.0,0
2024-04-16,B01,5.0,4495.0,899.0,0
2024-04-17,B01,4.0,3596.0,899.0,0
2024-04-18,B01,6.0,5394.0,899.0,0
2024-04-19,B01,5.0,4495.0,899.0,0
2024-04-20,B01,6.0,5394.0,899.0,0
2024-04-21,B01,3.0,2697.0,899.0,0
2024-04-22,B01,4.0,3596.0,899.0,0
2024-04-23,B01,4.0,3596.0,899.0,0
2024-04-24,B01,5.0,4495.0,899.0,0
2024-04-25,B01,5.0,4495.0,899.0,0
2024-04-26,B01,2.0,1798.0,899.0,0
2024-04-27,B01,5.0,4495.0,899.0,0
2024-04-28,B01,3.0,2697.0,899.0,0
2024-04-29,B01,3.0,2697.0,899.0,0
2024-04-30,B01,1.0,899.0,899.0,0
2024-05-01,B01,3.0,2697.0,899.0,0
2024-05-02,B01,4.0,3596.0,899.0,0
2024-05-03,B01,6.0,5394.0,899.0,0
2024-05-04,B01,1.0,899.0,899.0,0
2024-05-05,B01,5.0,4495.0,899.0,0
2024-05-06,B01,2.0,1798.0,899.0,0
2024-05-07,B01,4.0,3596.0,899.0,0
2024-05-08,B01,2.0,1798.0,899.0,0
2024-05-09,B01,7.0,6293.0,899.0,0
2024-05-10,B01,5.0,3820.0,764.0,1
2024-05-11,B01,3.0,2292.0,764.0,1
2024-05-12,B01,3.0,2292.0,764.0,1
2024-05-13,B01,6.0,4584.0,764.0,1
2024-05-14,B01,5.0,3820.0,764.0,1
2024-05-15,B01,3.0,2292.0,764.0,1
2024-05-16,B01,4.0,3056.0,764.0,1
2024-05-17,B01,1.0,764.0,764.0,1
2024-05-18,B01,3.0,2292.0,764.0,1
2024-05-19,B01,6.0,4584.0,764.0,1
2024-05-20,B01,4.0,3596.0,899.0,0
2024-05-21,B01,0.0,0.0,899.0,0
2024-05-22,B01,1.0,899.0,899.0,0
2024-05-23,B01,3.0,2697.0,899.0,0
2024-05-24,B01,0.0,0.0,899.0,0
2024-05-25,B01,5.0,4495.0,899.0,0
2024-05-26,B01,5.0,4495.0,899.0,0
2024-05-27,B01,2.0,1798.0,899.0,0
2024-05-28,B01,1.0,899.0,899.0,0
2024-05-29,B01,5.0,4495.0,899.0,0
2024-05-30,B01,1.0,899.0,899.0,0
2024-05-31,B01,4.0,3596.0,899.0,0
2024-06-01,B01,2.0,1798.0,899.0,0
2024-06-02,B01,2.0,1798.0,899.0,0
2024-06-03,B01,3.0,2697.0,899.0,0
2024-06-04,B01,3.0,2697.0,899.0,0
2024-06-05,B01,2.0,1798.0,899.0,0
2024-06-06,B01,2.0,1798.0,899.0,0
2024-06-07,B01,2.0,1798.0,899.0,0
2024-06-08,B01,4.0,3596.0,899.0,0
2024-06-09,B01,5.0,4495.0,899.0,0
2024-06-10,B01,4.0,3596.0,899.0,0
2024-06-11,B01,2.0,1798.0,899.0,0
2024-06-12,B01,4.0,3596.0,899.0,0
2024-06-13,B01,0.0,0.0,899.0,0
2024-06-14,B01,3.0,2697.0,899.0,0
2024-06-15,B01,3.0,2697.0,899.0,0
2024-06-16,B01,1.0,899.0,899.0,0
2024-06-17,B01,3.0,2697.0,899.0,0
2024-06-18,B01,0.0,0.0,899.0,0
2024-06-19,B01,1.0,899.0,899.0,0
2024-06-20,B01,8.0,7192.0,899.0,0
2024-06-21,B01,3.0,2697.0,899.0,0
2024-06-22,B01,1.0,899.0,899.0,0
2024-06-23,B01,5.0,4495.0,899.0,0
2024-06-24,B01,0.0,0.0,899.0,0
2024-06-25,B01,4.0,3596.0,899.0,0
2024-06-26,B01,1.0,899.0,899.0,0
2024-06-27,B01,1.0,899.0,899.0,0
2024-06-28,B01,8.0,7192.0,899.0,0
2024-06-29,B01,3.0,2697.0,899.0,0
2024-06-30,B01,5.0,4495.0,899.0,0
2024-07-01,B01,1.0,899.0,899.0,0
2024-07-02,B01,2.0,1798.0,899.0,0
2024-07-03,B01,1.0,899.0,899.0,0
2024-07-04,B01,1.0,899.0,899.0,0
2024-07-05,B01,4.0,3596.0,899.0,0
2024-07-06,B01,4.0,3596.0,899.0,0
2024-07-07,B01,3.0,2697.0,899.0,0
2024-07-08,B01,4.0,3596.0,899.0,0
2024-07-09,B01,3.0,2697.0,899.0,0
2024-07-10,B01,0.0,0.0,899.0,0
2024-07-11,B01,2.0,1798.0,899.0,0
2024-07-12,B01,1.0,899.0,899.0,0
2024-07-13,B01,3.0,2697.0,899.0,0
2024-07-14,B01,4.0,3596.0,899.0,0
2024-07-15,B01,1.0,899.0,899.0,0
2024-07-16,B01,4.0,3596.0,899.0,0
2024-07-17,B01,4.0,3596.0,899.0,0
2024-07-18,B01,4.0,3596.0,899.0,0
2024-07-19,B01,2.0,1798.0,899.0,0
2024-07-20,B01,4.0,3596.0,899.0,0
2024-07-21,B01,4.0,3596.0,899.0,0
2024-07-22,B01,2.0,1798.0,899.0,0
2024-07-23,B01,1.0,899.0,899.0,0
2024-07-24,B01,4.0,3596.0,899.0,0
2024-07-25,B01,1.0,899.0,899.0,0
2024-07-26,B01,3.0,2697.0,899.0,0
2024-07-27,B01,0.0,0.0,899.0,0
2024-07-28,B01,3.0,2697.0,899.0,0
2024-07-29,B01,2.0,1798.0,899.0,0
2024-07-30,B01,4.0,3596.0,899.0,0
2024-07-31,B01,6.0,5394.0,899.0,0
2024-08-01,B01,5.0,4495.0,899.0,0
2024-08-02,B01,4.0,3596.0,899.0,0
2024-08-03,B01,3.0,2697.0,899.0,0
2024-08-04,B01,1.0,899.0,899.0,0
2024-08-05,B01,3.0,2697.0,899.0,0
2024-08-06,B01,4.0,3596.0,899.0,0
2024-08-07,B01,3.0,2697.0,899.0,0
2024-08-08,B01,1.0,899.0,899.0,0
2024-08-09,B01,2.0,1798.0,899.0,0
2024-08-10,B01,10.0,8990.0,899.0,0
2024-08-11,B01,4.0,3596.0,899.0,0
2024-08-12,B01,3.0,2697.0,899.0,0
2024-08-13,B01,3.0,2697.0,899.0,0
2024-08-14,B01,3.0,2697.0,899.0,0
2024-08-15,B01,1.0,899.0,899.0,0
2024-08-16,B01,2.0,1798.0,899.0,0
2024-08-17,B01,1.0,899.0,899.0,0
2024-08-18,B01,5.0,4495.0,899.0,0
2024-08-19,B01,2.0,1798.0,899.0,0
2024-08-20,B01,5.0,4495.0,899.0,0
2024-08-21,B01,8.0,7192.0,899.0,0
2024-08-22,B01,2.0,1798.0,899.0,0
2024-08-23,B01,2.0,1798.0,899.0,0
2024-08-24,B01,5.0,4495.0,899.0,0
2024-08-25,B01,5.0,4495.0,899.0,0
2024-08-26,B01,3.0,2697.0,899.0,0
2024-08-27,B01,3.0,2697.0,899.0,0
2024-08-28,B01,2.0,1798.0,899.0,0
2024-08-29,B01,5.0,4495.0,899.0,0
2024-08-30,B01,2.0,1798.0,899.0,0
2024-08-31,B01,4.0,3596.0,899.0,0
2024-09-01,B01,1.0,899.0,899.0,0
2024-09-02,B01,3.0,2697.0,899.0,0
2024-09-03,B01,5.0,4495.0,899.0,0
2024-09-04,B01,5.0,4495.0,899.0,0
2024-09-05,B01,1.0,899.0,899.0,0
2024-09-06,B01,5.0,4495.0,899.0,0
2024-09-07,B01,6.0,5394.0,899.0,0
2024-09-08,B01,4.0,3596.0,899.0,0
2024-09-09,B01,5.0,4495.0,899.0,0
2024-09-10,B01,4.0,3596.0,899.0,0
2024-09-11,B01,7.0,6293.0,899.0,0
2024-09-12,B01,8.0,7192.0,899.0,0
2024-09-13,B01,8.0,7192.0,899.0,0
2024-09-14,B01,7.0,6293.0,899.0,0
2024-09-15,B01,5.0,4495.0,899.0,0
2024-09-16,B01,6.0,5394.0,899.0,0
2024-09-17,B01,5.0,4495.0,899.0,0
2024-09-18,B01,7.0,6293.0,899.0,0
2024-09-19,B01,4.0,3596.0,899.0,0
2024-09-20,B01,5.0,4495.0,899.0,0
2024-09-21,B01,7.0,6293.0,899.0,0
2024-09-22,B01,5.0,4495.0,899.0,0
2024-09-23,B01,5.0,4495.0,899.0,0
2024-09-24,B01,7.0,6293.0,899.0,0
2024-09-25,B01,6.0,5394.0,899.0,0
2024-09-26,B01,7.0,6293.0,899.0,0
2024-09-27,B01,7.0,6293.0,899.0,0
2024-09-28,B01,2.0,1798.0,899.0,0
2024-09-29,B01,1.0,899.0,899.0,0
2024-09-30,B01,8.0,7192.0,899.0,0
2024-10-01,B01,5.0,4495.0,899.0,0
2024-10-02,B01,8.0,7192.0,899.0,0
2024-10-03,B01,7.0,6293.0,899.0,0
2024-10-04,B01,3.0,2697.0,899.0,0
2024-10-05,B01,4.0,3596.0,899.0,0
2024-10-06,B01,10.0,8990.0,899.0,0
2024-10-07,B01,12.0,10788.0,899.0,0
2024-10-08,B01,10.0,8990.0,899.0,0
2024-10-09,B01,5.0,4495.0,899.0,0
2024-10-10,B01,8.0,7192.0,899.0,0
2024-10-11,B01,9.0,8091.0,899.0,0
2024-10-12,B01,10.0,8990.0,899.0,0
2024-10-13,B01,5.0,4495.0,899.0,0
2024-10-14,B01,7.0,6293.0,899.0,0
2024-10-15,B01,6.0,5394.0,899.0,0
2024-10-16,B01,5.0,4495.0,899.0,0
2024-10-17,B01,3.0,2697.0,899.0,0
2024-10-18,B01,4.0,3596.0,899.0,0
2024-10-19,B01,8.0,7192.0,899.0,0
2024-10-20,B01,,5394.0,899.0,0
2024-10-21,B01,6.0,5394.0,899.0,0
2024-10-22,B01,8.0,7192.0,899.0,0
2024-10-23,B01,9.0,8091.0,899.0,0
2024-10-24,B01,17.0,15283.0,899.0,0
2024-10-25,B01,9.0,8091.0,899.0,0
2024-10-26,B01,11.0,9889.0,899.0,0
2024-10-27,B01,4.0,3596.0,899.0,0
2024-10-28,B01,12.0,9168.0,764.0,1
2024-10-29,B01,9.0,6876.0,764.0,1
2024-10-30,B01,8.0,6112.0,764.0,1
2024-10-31,B01,8.0,6112.0,764.0,1
2024-11-01,B01,,7640.0,764.0,1
2024-11-02,B01,10.0,7640.0,764.0,1
2024-11-03,B01,16.0,12224.0,764.0,1
2024-11-04,B01,5.0,4495.0,899.0,0
2024-11-05,B01,8.0,7192.0,899.0,0
2024-11-06,B01,10.0,8990.0,899.0,0
2024-11-07,B01,12.0,10788.0,899.0,0
2024-11-08,B01,7.0,6293.0,899.0,0
2024-11-09,B01,16.0,14384.0,899.0,0
2024-11-10,B01,6.0,5394.0,899.0,0
2024-11-11,B01,8.0,7192.0,899.0,0
2024-11-12,B01,7.0,6293.0,899.0,0
2024-11-13,B01,4.0,3596.0,899.0,0
2024-11-14,B01,9.0,8091.0,899.0,0
2024-11-15,B01,9.0,8091.0,899.0,0
2024-11-16,B01,12.0,10788.0,899.0,0
2024-11-17,B01,13.0,11687.0,899.0,0
2024-11-18,B01,8.0,7192.0,899.0,0
2024-11-19,B01,6.0,5394.0,899.0,0
2024-11-20,B01,9.0,8091.0,899.0,0
2024-11-21,B01,10.0,8990.0,899.0,0
2024-11-22,B01,15.0,13485.0,899.0,0
2024-11-23,B01,10.0,8990.0,899.0,0
2024-11-24,B01,8.0,7192.0,899.0,0
2024-11-25,B01,7.0,6293.0,899.0,0
2024-11-26,B01,15.0,13485.0,899.0,0
2024-11-27,B01,11.0,9889.0,899.0,0
2024-11-28,B01,5.0,4495.0,899.0,0
2024-11-29,B01,9.0,8091.0,899.0,0
2024-11-30,B01,9.0,8091.0,899.0,0
2024-12-01,B01,11.0,9889.0,899.0,0
2024-12-02,B01,6.0,5394.0,899.0,0
2024-12-03,B01,12.0,10788.0,899.0,0
2024-12-04,B01,9.0,8091.0,899.0,0
2024-12-05,B01,4.0,3596.0,899.0,0
2024-12-06,B01,5.0,4495.0,899.0,0
2024-12-07,B01,12.0,10788.0,899.0,0
2024-12-08,B01,13.0,11687.0,899.0,0
2024-12-09,B01,10.0,8990.0,899.0,0
2024-12-10,B01,6.0,5394.0,899.0,0
2024-12-11,B01,13.0,11687.0,899.0,0
2024-12-12,B01,7.0,6293.0,899.0,0
2024-12-13,B01,11.0,9889.0,899.0,0
2024-12-14,B01,8.0,7192.0,899.0,0
2024-12-15,B01,6.0,5394.0,899.0,0
2024-12-16,B01,7.0,6293.0,899.0,0
2024-12-17,B01,8.0,7192.0,899.0,0
2024-12-18,B01,10.0,8990.0,899.0,0
2024-12-19,B01,8.0,7192.0,899.0,0
2024-12-20,B01,7.0,6293.0,899.0,0
2024-12-21,B01,9.0,8091.0,899.0,0
2024-12-22,B01,7.0,6293.0,899.0,0
2024-12-23,B01,6.0,5394.0,899.0,0
2024-12-24,B01,8.0,7192.0,899.0,0
2024-12-25,B01,3.0,2697.0,899.0,0
2024-12-26,B01,9.0,8091.0,899.0,0
2024-12-27,B01,9.0,8091.0,899.0,0
2024-12-28,B01,12.0,10788.0,899.0,0
2024-12-29,B01,10.0,8990.0,899.0,0
2024-12-30,B01,9.0,8091.0,899.0,0
2024-12-31,B01,9.0,8091.0,899.0,0
2025-01-01,B01,12.0,10788.0,899.0,0
2025-01-02,B01,8.0,7192.0,899.0,0
2025-01-03,B01,11.0,9889.0,899.0,0
2025-01-04,B01,6.0,5394.0,899.0,0
2025-01-05,B01,5.0,4495.0,899.0,0
2025-01-06,B01,6.0,5394.0,899.0,0
2025-01-07,B01,12.0,10788.0,899.0,0
2025-01-08,B01,11.0,9889.0,899.0,0
2025-01-09,B01,7.0,6293.0,899.0,0
2025-01-10,B01,9.0,8091.0,899.0,0
2025-01-11,B01,6.0,5394.0,899.0,0
2025-01-12,B01,13.0,11687.0,899.0,0
2025-01-13,B01,5.0,4495.0,899.0,0
2025-01-14,B01,10.0,8990.0,899.0,0
2025-01-15,B01,6.0,5394.0,899.0,0
2025-01-16,B01,3.0,2697.0,899.0,0
2025-01-17,B01,9.0,8091.0,899.0,0
2025-01-18,B01,12.0,10788.0,899.0,0
2025-01-19,B01,4.0,3596.0,899.0,0
2025-01-20,B01,9.0,8091.0,899.0,0
2025-01-21,B01,2.0,1798.0,899.0,0
2025-01-22,B01,9.0,6876.0,764.0,1
2025-01-23,B01,12.0,9168.0,764.0,1
2025-01-24,B01,15.0,11460.0,764.0,1
2025-01-25,B01,14.0,10696.0,764.0,1
2025-01-26,B01,13.0,9932.0,764.0,1
2025-01-27,B01,7.0,5348.0,764.0,1
2025-01-28,B01,14.0,10696.0,764.0,1
2025-01-29,B01,6.0,5394.0,899.0,0
2025-01-30,B01,4.0,3596.0,899.0,0
2025-01-31,B01,4.0,3596.0,899.0,0
2025-02-01,B01,9.0,8091.0,899.0,0
2025-02-02,B01,7.0,6293.0,899.0,0
2025-02-03,B01,3.0,2697.0,899.0,0
2025-02-04,B01,5.0,4495.0,899.0,0
2025-02-05,B01,9.0,8091.0,899.0,0
2025-02-06,B01,7.0,6293.0,899.0,0
2025-02-07,B01,8.0,7192.0,899.0,0
2025-02-08,B01,14.0,12586.0,899.0,0
2025-02-09,B01,8.0,7192.0,899.0,0
2025-02-10,B01,9.0,8091.0,899.0,0
2025-02-11,B01,4.0,3596.0,899.0,0
2025-02-12,B01,15.0,13485.0,899.0,0
2025-02-13,B01,9.0,8091.0,899.0,0
2025-02-14,B01,9.0,8091.0,899.0,0
2025-02-15,B01,3.0,2697.0,899.0,0
2025-02-16,B01,12.0,10788.0,899.0,0
2025-02-17,B01,4.0,3596.0,899.0,0
2025-02-18,B01,5.0,4495.0,899.0,0
2025-02-19,B01,3.0,2697.0,899.0,0
2025-02-20,B01,7.0,6293.0,899.0,0
2025-02-21,B01,4.0,3596.0,899.0,0
2025-02-22,B01,4.0,3596.0,899.0,0
2025-02-23,B01,6.0,5394.0,899.0,0
2025-02-24,B01,6.0,5394.0,899.0,0
2025-02-25,B01,6.0,5394.0,899.0,0
2025-02-26,B01,8.0,7192.0,899.0,0
2025-02-27,B01,4.0,3596.0,899.0,0
2025-02-28,B01,5.0,4495.0,899.0,0
2025-03-01,B01,8.0,7192.0,899.0,0
2025-03-02,B01,12.0,10788.0,899.0,0
2025-03-03,B01,4.0,3596.0,899.0,0
2025-03-04,B01,5.0,4495.0,899.0,0
2025-03-05,B01,6.0,5394.0,899.0,0
2025-03-06,B01,8.0,7192.0,899.0,0
2025-03-07,B01,5.0,4495.0,899.0,0
2025-03-08,B01,4.0,3596.0,899.0,0
2025-03-09,B01,8.0,7192.0,899.0,0
2025-03-10,B01,10.0,8990.0,899.0,0
2025-03-11,B01,11.0,9889.0,899.0,0
2025-03-12,B01,15.0,13485.0,899.0,0
2025-03-13,B01,6.0,5394.0,899.0,0
2025-03-14,B01,7.0,6293.0,899.0,0
2025-03-15,B01,6.0,5394.0,899.0,0
2025-03-16,B01,2.0,1798.0,899.0,0
2025-03-17,B01,5.0,4495.0,899.0,0
2025-03-18,B01,5.0,4495.0,899.0,0
2025-03-19,B01,3.0,2697.0,899.0,0
2025-03-20,B01,11.0,9889.0,899.0,0
2025-03-21,B01,8.0,7192.0,899.0,0
2025-03-22,B01,10.0,8990.0,899.0,0
2025-03-23,B01,8.0,7192.0,899.0,0
2025-03-24,B01,3.0,2697.0,899.0,0
2025-03-25,B01,8.0,7192.0,899.0,0
2025-03-26,B01,2.0,1798.0,899.0,0
2025-03-27,B01,6.0,5394.0,899.0,0
2025-03-28,B01,4.0,3596.0,899.0,0
2025-03-29,B01,6.0,5394.0,899.0,0
2025-03-30,B01,6.0,5394.0,899.0,0
2025-03-31,B01,6.0,5394.0,899.0,0
2025-04-01,B01,6.0,5394.0,899.0,0
2025-04-02,B01,6.0,5394.0,899.0,0
2025-04-03,B01,4.0,3596.0,899.0,0
2025-04-04,B01,4.0,3596.0,899.0,0
2025-04-05,B01,10.0,8990.0,899.0,0
2025-04-06,B01,8.0,7192.0,899.0,0
2025-04-07,B01,4.0,3596.0,899.0,0
2025-04-08,B01,7.0,6293.0,899.0,0
2025-04-09,B01,3.0,2697.0,899.0,0
2025-04-10,B01,8.0,7192.0,899.0,0
2025-04-11,B01,6.0,5394.0,899.0,0
2025-04-12,B01,3.0,2697.0,899.0,0
2025-04-13,B01,6.0,5394.0,899.0,0
2025-04-14,B01,9.0,8091.0,899.0,0
2025-04-15,B01,6.0,5394.0,899.0,0
2025-04-16,B01,5.0,4495.0,899.0,0
2025-04-17,B01,7.0,6293.0,899.0,0
2025-04-18,B01,8.0,7192.0,899.0,0
2025-04-19,B01,3.0,2697.0,899.0,0
2025-04-20,B01,4.0,3596.0,899.0,0
2025-04-21,B01,6.0,5394.0,899.0,0
2025-04-22,B01,4.0,3596.0,899.0,0
2025-04-23,B01,3.0,2697.0,899.0,0
2025-04-24,B01,7.0,6293.0,899.0,0
2025-04-25,B01,5.0,4495.0,899.0,0
2025-04-26,B01,3.0,2697.0,899.0,0
2025-04-27,B01,4.0,3596.0,899.0,0
2025-04-28,B01,4.0,3596.0,899.0,0
2025-04-29,B01,10.0,8990.0,899.0,0
2025-04-30,B01,6.0,5394.0,899.0,0
2025-05-01,B01,4.0,3596.0,899.0,0
2025-05-02,B01,4.0,3596.0,899.0,0
2025-05-03,B01,7.0,6293.0,899.0,0
2025-05-04,B01,5.0,4495.0,899.0,0
2025-05-05,B01,1.0,899.0,899.0,0
2025-05-06,B01,1.0,899.0,899.0,0
2025-05-07,B01,5.0,4495.0,899.0,0
2025-05-08,B01,0.0,0.0,899.0,0
2025-05-09,B01,4.0,3596.0,899.0,0
2025-05-10,B01,5.0,3820.0,764.0,1
2025-05-11,B01,3.0,2292.0,764.0,1
2025-05-12,B01,3.0,2292.0,764.0,1
2025-05-13,B01,10.0,7640.0,764.0,1
2025-05-14,B01,8.0,6112.0,764.0,1
2025-05-15,B01,3.0,2292.0,764.0,1
2025-05-16,B01,5.0,3820.0,764.0,1
2025-05-17,B01,4.0,3056.0,764.0,1
2025-05-18,B01,6.0,4584.0,764.0,1
2025-05-19,B01,3.0,2292.0,764.0,1
2025-05-20,B01,2.0,1798.0,899.0,0
2025-05-21,B01,6.0,5394.0,899.0,0
2025-05-22,B01,5.0,4495.0,899.0,0
2025-05-23,B01,0.0,0.0,899.0,0
2025-05-24,B01,3.0,2697.0,899.0,0
2025-05-25,B01,5.0,4495.0,899.0,0
2025-05-26,B01,5.0,4495.0,899.0,0
2025-05-27,B01,5.0,4495.0,899.0,0
2025-05-28,B01,3.0,2697.0,899.0,0
2025-05-29,B01,1.0,899.0,899.0,0
2025-05-30,B01,2.0,1798.0,899.0,0
2025-05-31,B01,3.0,2697.0,899.0,0
2025-06-01,B01,4.0,3596.0,899.0,0
2025-06-02,B01,2.0,1798.0,899.0,0
2025-06-03,B01,4.0,3596.0,899.0,0
2025-06-04,B01,3.0,2697.0,899.0,0
2025-06-05,B01,8.0,7192.0,899.0,0
2025-06-06,B01,2.0,1798.0,899.0,0
2025-06-07,B01,3.0,2697.0,899.0,0
2025-06-08,B01,3.0,2697.0,899.0,0
2025-06-09,B01,0.0,0.0,899.0,0
2025-06-10,B01,1.0,899.0,899.0,0
2025-06-11,B01,2.0,1798.0,899.0,0
2025-06-12,B01,3.0,2697.0,899.0,0
2025-06-13,B01,4.0,3596.0,899.0,0
2025-06-14,B01,4.0,3596.0,899.0,0
2025-06-15,B01,1.0,899.0,899.0,0
2025-06-16,B01,1.0,899.0,899.0,0
2025-06-17,B01,2.0,1798.0,899.0,0
2025-06-18,B01,3.0,2697.0,899.0,0
2025-06-19,B01,4.0,3596.0,899.0,0
2025-06-20,B01,0.0,0.0,899.0,0
2025-06-21,B01,4.0,3596.0,899.0,0
2025-06-22,B01,1.0,899.0,899.0,0
2025-06-23,B01,2.0,1798.0,899.0,0
2025-06-24,B01,3.0,2697.0,899.0,0
2025-06-25,B01,0.0,0.0,899.0,0
2025-06-26,B01,4.0,3596.0,899.0,0
2025-06-27,B01,3.0,2697.0,899.0,0
2025-06-28,B01,3.0,2697.0,899.0,0
2025-06-29,B01,5.0,4495.0,899.0,0
2025-06-30,B01,4.0,3596.0,899.0,0
2025-07-01,B01,3.0,2697.0,899.0,0
2025-07-02,B01,3.0,2697.0,899.0,0
2025-07-03,B01,1.0,899.0,899.0,0
2025-07-04,B01,6.0,5394.0,899.0,0
2025-07-05,B01,4.0,3596.0,899.0,0
2025-07-06,B01,5.0,4495.0,899.0,0
2025-07-07,B01,3.0,2697.0,899.0,0
2025-07-08,B01,1.0,899.0,899.0,0
2025-07-09,B01,4.0,3596.0,899.0,0
2025-07-10,B01,3.0,2697.0,899.0,0
2025-07-11,B01,4.0,3596.0,899.0,0
2025-07-12,B01,5.0,4495.0,899.0,0
2025-07-13,B01,3.0,2697.0,899.0,0
2025-07-14,B01,0.0,0.0,899.0,0
2025-07-15,B01,0.0,0.0,899.0,0
2025-07-16,B01,3.0,2697.0,899.0,0
2025-07-17,B01,1.0,899.0,899.0,0
2025-07-18,B01,0.0,0.0,899.0,0
2025-07-19,B01,3.0,2697.0,899.0,0
2025-07-20,B01,4.0,3596.0,899.0,0
2025-07-21,B01,3.0,2697.0,899.0,0
2025-07-22,B01,5.0,4495.0,899.0,0
2025-07-23,B01,5.0,4495.0,899.0,0
2025-07-24,B01,4.0,3596.0,899.0,0
2025-07-25,B01,3.0,2697.0,899.0,0
2025-07-26,B01,6.0,5394.0,899.0,0
2025-07-27,B01,5.0,4495.0,899.0,0
2025-07-28,B01,4.0,3596.0,899.0,0
2025-07-29,B01,7.0,6293.0,899.0,0
2025-07-30,B01,5.0,4495.0,899.0,0
2025-07-31,B01,5.0,4495.0,899.0,0
2025-08-01,B01,7.0,6293.0,899.0,0
2025-08-02,B01,7.0,6293.0,899.0,0
2025-08-03,B01,3.0,2697.0,899.0,0
2025-08-04,B01,2.0,1798.0,899.0,0
2025-08-05,B01,1.0,899.0,899.0,0
2025-08-06,B01,3.0,2697.0,899.0,0
2025-08-07,B01,2.0,1798.0,899.0,0
2025-08-08,B01,4.0,3596.0,899.0,0
2025-08-09,B01,2.0,1798.0,899.0,0
2025-08-10,B01,2.0,1798.0,899.0,0
2025-08-11,B01,2.0,1798.0,899.0,0
2025-08-12,B01,5.0,4495.0,899.0,0
2025-08-13,B01,3.0,2697.0,899.0,0
2025-08-14,B01,5.0,4495.0,899.0,0
2025-08-15,B01,7.0,6293.0,899.0,0
2025-08-16,B01,8.0,7192.0,899.0,0
2025-08-17,B01,3.0,2697.0,899.0,0
2025-08-18,B01,4.0,3596.0,899.0,0
2025-08-19,B01,4.0,3596.0,899.0,0
2025-08-20,B01,7.0,6293.0,899.0,0
2025-08-21,B01,7.0,6293.0,899.0,0
2025-08-22,B01,5.0,4495.0,899.0,0
2025-08-23,B01,4.0,3596.0,899.0,0
2025-08-24,B01,9.0,8091.0,899.0,0
2025-08-25,B01,4.0,3596.0,899.0,0
2025-08-26,B01,3.0,2697.0,899.0,0
2025-08-27,B01,4.0,3596.0,899.0,0
2025-08-28,B01,3.0,2697.0,899.0,0
2025-08-29,B01,7.0,6293.0,899.0,0
2025-08-30,B01,3.0,2697.0,899.0,0
2025-08-31,B01,5.0,4495.0,899.0,0
2025-09-01,B01,5.0,4495.0,899.0,0
2025-09-02,B01,8.0,7192.0,899.0,0
2025-09-03,B01,4.0,3596.0,899.0,0
2025-09-04,B01,4.0,3596.0,899.0,0
2025-09-05,B01,5.0,4495.0,899.0,0
2025-09-06,B01,7.0,6293.0,899.0,0
2025-09-07,B01,5.0,4495.0,899.0,0
2025-09-08,B01,6.0,5394.0,899.0,0
2025-09-09,B01,4.0,3596.0,899.0,0
2025-09-10,B01,6.0,5394.0,899.0,0
2025-09-11,B01,8.0,7192.0,899.0,0
2025-09-12,B01,8.0,7192.0,899.0,0
2025-09-13,B01,8.0,7192.0,899.0,0
2025-09-14,B01,11.0,9889.0,899.0,0
2025-09-15,B01,5.0,4495.0,899.0,0
2025-09-16,B01,2.0,1798.0,899.0,0
2025-09-17,B01,6.0,5394.0,899.0,0
2025-09-18,B01,3.0,2697.0,899.0,0
2025-09-19,B01,8.0,7192.0,899.0,0
2025-09-20,B01,6.0,5394.0,899.0,0
2025-09-21,B01,7.0,6293.0,899.0,0
2025-09-22,B01,6.0,5394.0,899.0,0
2025-09-23,B01,7.0,6293.0,899.0,0
2025-09-24,B01,9.0,8091.0,899.0,0
2025-09-25,B01,3.0,2697.0,899.0,0
2025-09-26,B01,8.0,7192.0,899.0,0
2025-09-27,B01,10.0,8990.0,899.0,0
2025-09-28,B01,10.0,8990.0,899.0,0
2025-09-29,B01,3.0,2697.0,899.0,0
2025-09-30,B01,5.0,4495.0,899.0,0
2025-10-01,B01,6.0,5394.0,899.0,0
2025-10-02,B01,3.0,2697.0,899.0,0
2025-10-03,B01,10.0,8990.0,899.0,0
2025-10-04,B01,7.0,6293.0,899.0,0
2025-10-05,B01,10.0,8990.0,899.0,0
2025-10-06,B01,0.0,0.0,899.0,0
2025-10-07,B01,2.0,1798.0,899.0,0
2025-10-08,B01,5.0,4495.0,899.0,0
2025-10-09,B01,10.0,8990.0,899.0,0
2025-10-10,B01,4.0,3596.0,899.0,0
2025-10-11,B01,6.0,5394.0,899.0,0
2025-10-12,B01,7.0,6293.0,899.0,0
2025-10-13,B01,6.0,5394.0,899.0,0
2025-10-14,B01,3.0,2697.0,899.0,0
2025-10-15,B01,9.0,6876.0,764.0,1
2025-10-16,B01,6.0,4584.0,764.0,1
2025-10-17,B01,5.0,3820.0,764.0,1
2025-10-18,B01,15.0,11460.0,764.0,1
2025-10-19,B01,15.0,11460.0,764.0,1
2025-10-20,B01,8.0,6112.0,764.0,1
2025-10-21,B01,6.0,4584.0,764.0,1
2025-10-22,B01,4.0,3596.0,899.0,0
2025-10-23,B01,9.0,8091.0,899.0,0
2025-10-24,B01,6.0,5394.0,899.0,0
2025-10-25,B01,14.0,12586.0,899.0,0
2025-10-26,B01,8.0,7192.0,899.0,0
2025-10-27,B01,11.0,9889.0,899.0,0
2025-10-28,B01,12.0,10788.0,899.0,0
2025-10-29,B01,12.0,10788.0,899.0,0
2025-10-30,B01,2.0,1798.0,899.0,0
2025-10-31,B01,15.0,13485.0,899.0,0
2025-11-01,B01,8.0,7192.0,899.0,0
2025-11-02,B01,9.0,8091.0,899.0,0
2025-11-03,B01,13.0,11687.0,899.0,0
2025-11-04,B01,9.0,8091.0,899.0,0
2025-11-05,B01,9.0,8091.0,899.0,0
2025-11-06,B01,7.0,6293.0,899.0,0
2025-11-07,B01,4.0,3596.0,899.0,0
2025-11-08,B01,6.0,5394.0,899.0,0
2025-11-09,B01,13.0,11687.0,899.0,0
2025-11-10,B01,5.0,4495.0,899.0,0
2025-11-11,B01,10.0,8990.0,899.0,0
2025-11-12,B01,4.0,3596.0,899.0,0
2025-11-13,B01,11.0,9889.0,899.0,0
2025-11-14,B01,14.0,12586.0,899.0,0
2025-11-15,B01,12.0,10788.0,899.0,0
2025-11-16,B01,13.0,11687.0,899.0,0
2025-11-17,B01,6.0,5394.0,899.0,0
2025-11-18,B01,11.0,9889.0,899.0,0
2025-11-19,B01,5.0,4495.0,899.0,0
2025-11-20,B01,10.0,8990.0,899.0,0
2025-11-21,B01,7.0,6293.0,899.0,0
2025-11-22,B01,10.0,8990.0,899.0,0
2025-11-23,B01,7.0,6293.0,899.0,0
2025-11-24,B01,13.0,11687.0,899.0,0
2025-11-25,B01,3.0,2697.0,899.0,0
2025-11-26,B01,9.0,8091.0,899.0,0
2025-11-27,B01,8.0,7192.0,899.0,0
2025-11-28,B01,12.0,10788.0,899.0,0
2025-11-29,B01,7.0,6293.0,899.0,0
2025-11-30,B01,10.0,8990.0,899.0,0
2025-12-01,B01,7.0,6293.0,899.0,0
2025-12-02,B01,5.0,4495.0,899.0,0
2025-12-03,B01,7.0,6293.0,899.0,0
2025-12-04,B01,10.0,8990.0,899.0,0
2025-12-05,B01,14.0,12586.0,899.0,0
2025-12-06,B01,11.0,9889.0,899.0,0
2025-12-07,B01,8.0,7192.0,899.0,0
2025-12-08,B01,8.0,7192.0,899.0,0
2025-12-09,B01,4.0,3596.0,899.0,0
2025-12-10,B01,7.0,6293.0,899.0,0
2025-12-11,B01,4.0,3596.0,899.0,0
2025-12-12,B01,13.0,11687.0,899.0,0
2025-12-13,B01,6.0,5394.0,899.0,0
2025-12-14,B01,10.0,8990.0,899.0,0
2025-12-15,B01,9.0,8091.0,899.0,0
2025-12-16,B01,11.0,9889.0,899.0,0
2025-12-17,B01,13.0,11687.0,899.0,0
2025-12-18,B01,12.0,10788.0,899.0,0
2025-12-19,B01,13.0,11687.0,899.0,0
2025-12-20,B01,12.0,10788.0,899.0,0
2025-12-21,B01,6.0,5394.0,899.0,0
2025-12-22,B01,13.0,11687.0,899.0,0
2025-12-23,B01,7.0,6293.0,899.0,0
2025-12-24,B01,8.0,7192.0,899.0,0
2025-12-25,B01,12.0,10788.0,899.0,0
2025-12-26,B01,8.0,7192.0,899.0,0
2025-12-27,B01,8.0,7192.0,899.0,0
2025-12-28,B01,14.0,12586.0,899.0,0
2025-12-29,B01,16.0,14384.0,899.0,0
2025-12-30,B01,10.0,8990.0,899.0,0
2025-12-31,B01,15.0,13485.0,899.0,0
2026-01-01,B01,9.0,8091.0,899.0,0
2026-01-02,B01,12.0,10788.0,899.0,0
2026-01-03,B01,13.0,11687.0,899.0,0
2026-01-04,B01,14.0,12586.0,899.0,0
2026-01-05,B01,7.0,6293.0,899.0,0
2026-01-06,B01,9.0,8091.0,899.0,0
2026-01-07,B01,12.0,10788.0,899.0,0
2026-01-08,B01,6.0,5394.0,899.0,0
2026-01-09,B01,10.0,8990.0,899.0,0
2026-01-10,B01,13.0,11687.0,899.0,0
2026-01-11,B01,16.0,14384.0,899.0,0
2026-01-12,B01,10.0,8990.0,899.0,0
2026-01-13,B01,7.0,6293.0,899.0,0
2026-01-14,B01,9.0,8091.0,899.0,0
2026-01-15,B01,7.0,6293.0,899.0,0
2026-01-16,B01,11.0,9889.0,899.0,0
2026-01-17,B01,10.0,8990.0,899.0,0
2026-01-18,B01,8.0,7192.0,899.0,0
2026-01-19,B01,6.0,5394.0,899.0,0
2026-01-20,B01,12.0,10788.0,899.0,0
2026-01-21,B01,12.0,10788.0,899.0,0
2026-01-22,B01,13.0,9932.0,764.0,1
2026-01-23,B01,14.0,10696.0,764.0,1
2026-01-24,B01,6.0,4584.0,764.0,1
2026-01-25,B01,10.0,7640.0,764.0,1
2026-01-26,B01,11.0,8404.0,764.0,1
2026-01-27,B01,10.0,7640.0,764.0,1
2026-01-28,B01,10.0,7640.0,764.0,1
2026-01-29,B01,8.0,7192.0,899.0,0
2026-01-30,B01,4.0,3596.0,899.0,0
2026-01-31,B01,5.0,4495.0,899.0,0
2026-02-01,B01,8.0,7192.0,899.0,0
2026-02-02,B01,11.0,9889.0,899.0,0
2026-02-03,B01,6.0,5394.0,899.0,0
2026-02-04,B01,9.0,8091.0,899.0,0
2026-02-05,B01,10.0,8990.0,899.0,0
2026-02-06,B01,6.0,5394.0,899.0,0
2026-02-07,B01,9.0,8091.0,899.0,0
2026-02-08,B01,10.0,8990.0,899.0,0
2026-02-09,B01,5.0,4495.0,899.0,0
2026-02-10,B01,6.0,5394.0,899.0,0
2026-02-11,B01,4.0,3596.0,899.0,0
2026-02-12,B01,7.0,6293.0,899.0,0
2026-02-13,B01,5.0,4495.0,899.0,0
2026-02-14,B01,12.0,10788.0,899.0,0
2026-02-15,B01,6.0,5394.0,899.0,0
2026-02-16,B01,10.0,8990.0,899.0,0
2026-02-17,B01,6.0,5394.0,899.0,0
2026-02-18,B01,6.0,5394.0,899.0,0
2026-02-19,B01,9.0,8091.0,899.0,0
2026-02-20,B01,10.0,8990.0,899.0,0
2026-02-21,B01,6.0,5394.0,899.0,0
2026-02-22,B01,10.0,8990.0,899.0,0
2026-02-23,B01,10.0,8990.0,899.0,0
2026-02-24,B01,5.0,4495.0,899.0,0
2026-02-25,B01,4.0,3596.0,899.0,0
2026-02-26,B01,3.0,2697.0,899.0,0
2026-02-27,B01,7.0,6293.0,899.0,0
2026-02-28,B01,10.0,8990.0,899.0,0
2026-03-01,B01,11.0,9889.0,899.0,0
2026-03-02,B01,5.0,4495.0,899.0,0
2026-03-03,B01,5.0,4495.0,899.0,0
2026-03-04,B01,6.0,5394.0,899.0,0
2026-03-05,B01,2.0,1798.0,899.0,0
2026-03-06,B01,9.0,8091.0,899.0,0
2026-03-07,B01,10.0,8990.0,899.0,0
2026-03-08,B01,16.0,14384.0,899.0,0
2026-03-09,B01,9.0,8091.0,899.0,0
2026-03-10,B01,11.0,9889.0,899.0,0
2026-03-11,B01,5.0,4495.0,899.0,0
2026-03-12,B01,9.0,8091.0,899.0,0
2026-03-13,B01,8.0,7192.0,899.0,0
2026-03-14,B01,7.0,6293.0,899.0,0
2026-03-15,B01,9.0,8091.0,899.0,0
2026-03-16,B01,13.0,11687.0,899.0,0
2026-03-17,B01,4.0,3596.0,899.0,0
2026-03-18,B01,3.0,2697.0,899.0,0
2026-03-19,B01,7.0,6293.0,899.0,0
2026-03-20,B01,8.0,7192.0,899.0,0
2026-03-21,B01,4.0,3596.0,899.0,0
2026-03-22,B01,11.0,9889.0,899.0,0
2026-03-23,B01,12.0,10788.0,899.0,0
2026-03-24,B01,6.0,5394.0,899.0,0
2026-03-25,B01,6.0,5394.0,899.0,0
2026-03-26,B01,6.0,5394.0,899.0,0
2026-03-27,B01,6.0,5394.0,899.0,0
2026-03-28,B01,10.0,8990.0,899.0,0
2026-03-29,B01,13.0,11687.0,899.0,0
2026-03-30,B01,9.0,8091.0,899.0,0
2026-03-31,B01,5.0,4495.0,899.0,0
2026-04-01,B01,9.0,8091.0,899.0,0
2026-04-02,B01,8.0,7192.0,899.0,0
2026-04-03,B01,8.0,7192.0,899.0,0
2026-04-04,B01,7.0,6293.0,899.0,0
2026-04-05,B01,6.0,5394.0,899.0,0
2026-04-06,B01,5.0,4495.0,899.0,0
2026-04-07,B01,4.0,3596.0,899.0,0
2026-04-08,B01,9.0,8091.0,899.0,0
2026-04-09,B01,7.0,6293.0,899.0,0
2026-04-10,B01,7.0,6293.0,899.0,0
2026-04-11,B01,7.0,6293.0,899.0,0
2026-04-12,B01,6.0,5394.0,899.0,0
2026-04-13,B01,8.0,7192.0,899.0,0
2026-04-14,B01,4.0,3596.0,899.0,0
2026-04-15,B01,1.0,899.0,899.0,0
2026-04-16,B01,4.0,3596.0,899.0,0
2026-04-17,B01,0.0,0.0,899.0,0
2026-04-18,B01,5.0,4495.0,899.0,0
2026-04-19,B01,0.0,0.0,899.0,0
2026-04-20,B01,1.0,899.0,899.0,0
2026-04-21,B01,7.0,6293.0,899.0,0
2026-04-22,B01,1.0,899.0,899.0,0
2026-04-23,B01,2.0,1798.0,899.0,0
2026-04-24,B01,3.0,2697.0,899.0,0
2026-04-25,B01,11.0,9889.0,899.0,0
2026-04-26,B01,7.0,6293.0,899.0,0
2026-04-27,B01,4.0,3596.0,899.0,0
2026-04-28,B01,1.0,899.0,899.0,0
2026-04-29,B01,3.0,2697.0,899.0,0
2026-04-30,B01,4.0,3596.0,899.0,0
2026-05-01,B01,6.0,5394.0,899.0,0
2026-05-02,B01,5.0,4495.0,899.0,0
2026-05-03,B01,8.0,7192.0,899.0,0
2026-05-04,B01,7.0,6293.0,899.0,0
2026-05-05,B01,6.0,5394.0,899.0,0
2026-05-06,B01,4.0,3596.0,899.0,0
2026-05-07,B01,4.0,3596.0,899.0,0
2026-05-08,B01,4.0,3596.0,899.0,0
2026-05-09,B01,8.0,7192.0,899.0,0
2026-05-10,B01,7.0,5348.0,764.0,1
2026-05-11,B01,3.0,2292.0,764.0,1
2026-05-12,B01,4.0,3056.0,764.0,1
2026-05-13,B01,7.0,5348.0,764.0,1
2026-05-14,B01,1.0,764.0,764.0,1
2026-05-15,B01,6.0,4584.0,764.0,1
2026-05-16,B01,8.0,6112.0,764.0,1
2026-05-17,B01,3.0,2292.0,764.0,1
2026-05-18,B01,5.0,3820.0,764.0,1
2026-05-19,B01,2.0,1528.0,764.0,1
2026-05-20,B01,1.0,899.0,899.0,0
2026-05-21,B01,1.0,899.0,899.0,0
2026-05-22,B01,0.0,0.0,899.0,0
2026-05-23,B01,4.0,3596.0,899.0,0
2026-05-24,B01,0.0,0.0,899.0,0
2026-05-25,B01,2.0,1798.0,899.0,0
2026-05-26,B01,2.0,1798.0,899.0,0
2026-05-27,B01,3.0,2697.0,899.0,0
2026-05-28,B01,6.0,5394.0,899.0,0
2026-05-29,B01,4.0,3596.0,899.0,0
2026-05-30,B01,6.0,5394.0,899.0,0
2026-05-31,B01,11.0,9889.0,899.0,0
2026-06-01,B01,4.0,3596.0,899.0,0
2026-06-02,B01,7.0,6293.0,899.0,0
2026-06-03,B01,2.0,1798.0,899.0,0
2026-06-04,B01,3.0,2697.0,899.0,0
2026-06-05,B01,2.0,1798.0,899.0,0
2026-06-06,B01,3.0,2697.0,899.0,0
2026-06-07,B01,1.0,899.0,899.0,0
2026-06-08,B01,6.0,5394.0,899.0,0
2026-06-09,B01,3.0,2697.0,899.0,0
2026-06-10,B01,4.0,3596.0,899.0,0
2026-06-11,B01,2.0,1798.0,899.0,0
2026-06-12,B01,3.0,2697.0,899.0,0
2026-06-13,B01,5.0,4495.0,899.0,0
2026-06-14,B01,3.0,2697.0,899.0,0
2026-06-15,B01,4.0,3596.0,899.0,0
2026-06-16,B01,2.0,1798.0,899.0,0
2026-06-17,B01,0.0,0.0,899.0,0
2026-06-18,B01,5.0,4495.0,899.0,0
2026-06-19,B01,4.0,3596.0,899.0,0
2026-06-20,B01,4.0,3596.0,899.0,0
2026-06-21,B01,3.0,2697.0,899.0,0
2026-06-22,B01,4.0,3596.0,899.0,0
2026-06-23,B01,6.0,5394.0,899.0,0
2026-06-24,B01,2.0,1798.0,899.0,0
2026-06-25,B01,4.0,3596.0,899.0,0
2026-06-26,B01,5.0,4495.0,899.0,0
2026-06-27,B01,4.0,3596.0,899.0,0
2026-06-28,B01,5.0,4495.0,899.0,0
2026-06-29,B01,3.0,2697.0,899.0,0
2026-06-30,B01,2.0,1798.0,899.0,0
2026-07-01,B01,2.0,1798.0,899.0,0
2026-07-02,B01,3.0,2697.0,899.0,0
2026-07-03,B01,4.0,3596.0,899.0,0
2026-07-04,B01,4.0,3596.0,899.0,0
2026-07-05,B01,7.0,6293.0,899.0,0
2026-07-06,B01,0.0,0.0,899.0,0
2026-07-07,B01,7.0,6293.0,899.0,0
2026-07-08,B01,2.0,1798.0,899.0,0
2026-07-09,B01,5.0,4495.0,899.0,0
2026-07-10,B01,1.0,899.0,899.0,0
2026-07-11,B01,3.0,2697.0,899.0,0
2026-07-12,B01,6.0,5394.0,899.0,0
2026-07-13,B01,3.0,2697.0,899.0,0
2026-07-14,B01,3.0,2697.0,899.0,0
2026-07-15,B01,5.0,4495.0,899.0,0
2026-07-16,B01,4.0,3596.0,899.0,0
2026-07-17,B01,8.0,7192.0,899.0,0
2026-07-18,B01,5.0,4495.0,899.0,0
2026-07-19,B01,5.0,4495.0,899.0,0
2026-07-20,B01,2.0,1798.0,899.0,0
2026-07-21,B01,4.0,3596.0,899.0,0
2026-07-22,B01,2.0,1798.0,899.0,0
2026-07-23,B01,5.0,4495.0,899.0,0
2026-07-24,B01,1.0,899.0,899.0,0
2026-07-25,B01,3.0,2697.0,899.0,0
2026-07-26,B01,2.0,1798.0,899.0,0
2026-07-27,B01,2.0,1798.0,899.0,0
2026-07-28,B01,5.0,4495.0,899.0,0
2026-07-29,B01,5.0,4495.0,899.0,0
2026-07-30,B01,4.0,3596.0,899.0,0
2026-07-31,B01,2.0,1798.0,899.0,0
2026-08-01,B01,4.0,3596.0,899.0,0
2026-08-02,B01,9.0,8091.0,899.0,0
2026-08-03,B01,4.0,3596.0,899.0,0
2026-08-04,B01,6.0,5394.0,899.0,0
2026-08-05,B01,9.0,8091.0,899.0,0
2026-08-06,B01,3.0,2697.0,899.0,0
2026-08-07,B01,5.0,4495.0,899.0,0
2026-08-08,B01,8.0,7192.0,899.0,0
2026-08-09,B01,4.0,3596.0,899.0,0
2026-08-10,B01,4.0,3596.0,899.0,0
2026-08-11,B01,6.0,5394.0,899.0,0
2026-08-12,B01,3.0,2697.0,899.0,0
2026-08-13,B01,5.0,4495.0,899.0,0
2026-08-14,B01,5.0,4495.0,899.0,0
2026-08-15,B01,3.0,2697.0,899.0,0
2026-08-16,B01,5.0,4495.0,899.0,0
2026-08-17,B01,6.0,5394.0,899.0,0
2026-08-18,B01,4.0,3596.0,899.0,0
2026-08-19,B01,5.0,4495.0,899.0,0
2026-08-20,B01,8.0,7192.0,899.0,0
2026-08-21,B01,5.0,4495.0,899.0,0
2026-08-22,B01,9.0,8091.0,899.0,0
2026-08-23,B01,3.0,2697.0,899.0,0
2026-08-24,B01,7.0,6293.0,899.0,0
2026-08-25,B01,7.0,6293.0,899.0,0
2026-08-26,B01,4.0,3596.0,899.0,0
2026-08-27,B01,9.0,8091.0,899.0,0
2026-08-28,B01,5.0,4495.0,899.0,0
2026-08-29,B01,9.0,8091.0,899.0,0
2026-08-30,B01,8.0,7192.0,899.0,0
2026-08-31,B01,8.0,7192.0,899.0,0
2026-09-01,B01,7.0,6293.0,899.0,0
2026-09-02,B01,4.0,3596.0,899.0,0
2026-09-03,B01,1.0,899.0,899.0,0
2026-09-04,B01,4.0,3596.0,899.0,0
2026-09-05,B01,4.0,3596.0,899.0,0
2026-09-06,B01,10.0,8990.0,899.0,0
2026-09-07,B01,5.0,4495.0,899.0,0
2026-09-08,B01,8.0,7192.0,899.0,0
2026-09-09,B01,5.0,4495.0,899.0,0
2026-09-10,B01,4.0,3596.0,899.0,0
2026-09-11,B01,6.0,5394.0,899.0,0
2026-09-12,B01,6.0,5394.0,899.0,0
2026-09-13,B01,5.0,4495.0,899.0,0
2026-09-14,B01,8.0,7192.0,899.0,0
2026-09-15,B01,7.0,6293.0,899.0,0
2026-09-16,B01,4.0,3596.0,899.0,0
2026-09-17,B01,6.0,5394.0,899.0,0
2026-09-18,B01,6.0,5394.0,899.0,0
2026-09-19,B01,2.0,1798.0,899.0,0
2026-09-20,B01,4.0,3596.0,899.0,0
2026-09-21,B01,3.0,2697.0,899.0,0
2026-09-22,B01,1.0,899.0,899.0,0
2026-09-23,B01,9.0,8091.0,899.0,0
2026-09-24,B01,4.0,3596.0,899.0,0
2026-09-25,B01,8.0,7192.0,899.0,0
2026-09-26,B01,10.0,8990.0,899.0,0
2026-09-27,B01,8.0,7192.0,899.0,0
2024-01-01,B02,5.0,1745.0,349.0,0
2024-01-02,B02,7.0,2443.0,349.0,0
2024-01-03,B02,8.0,2792.0,349.0,0
2024-01-04,B02,5.0,1745.0,349.0,0
2024-01-05,B02,3.0,1047.0,349.0,0
2024-01-06,B02,5.0,1745.0,349.0,0
2024-01-07,B02,6.0,2094.0,349.0,0
2024-01-08,B02,9.0,3141.0,349.0,0
2024-01-09,B02,2.0,698.0,349.0,0
2024-01-10,B02,6.0,2094.0,349.0,0
2024-01-11,B02,4.0,1396.0,349.0,0
2024-01-12,B02,7.0,2443.0,349.0,0
2024-01-13,B02,5.0,1745.0,349.0,0
2024-01-14,B02,10.0,3490.0,349.0,0
2024-01-15,B02,9.0,3141.0,349.0,0
2024-01-16,B02,9.0,3141.0,349.0,0
2024-01-17,B02,6.0,2094.0,349.0,0
2024-01-18,B02,8.0,2792.0,349.0,0
2024-01-19,B02,6.0,2094.0,349.0,0
2024-01-20,B02,13.0,4537.0,349.0,0
2024-01-21,B02,7.0,2443.0,349.0,0
2024-01-22,B02,10.0,2970.0,297.0,1
2024-01-23,B02,7.0,2079.0,297.0,1
2024-01-24,B02,4.0,1188.0,297.0,1
2024-01-25,B02,11.0,3267.0,297.0,1
2024-01-26,B02,5.0,1485.0,297.0,1
2024-01-27,B02,5.0,1485.0,297.0,1
2024-01-28,B02,16.0,4752.0,297.0,1
2024-01-29,B02,7.0,2443.0,349.0,0
2024-01-30,B02,3.0,1047.0,349.0,0
2024-01-31,B02,10.0,3490.0,349.0,0
2024-02-01,B02,6.0,2094.0,349.0,0
2024-02-02,B02,6.0,2094.0,349.0,0
2024-02-03,B02,5.0,1745.0,349.0,0
2024-02-04,B02,5.0,1745.0,349.0,0
2024-02-05,B02,4.0,1396.0,349.0,0
2024-02-06,B02,7.0,2443.0,349.0,0
2024-02-07,B02,4.0,1396.0,349.0,0
2024-02-08,B02,1.0,349.0,349.0,0
2024-02-09,B02,5.0,1745.0,349.0,0
2024-02-10,B02,10.0,3490.0,349.0,0
2024-02-11,B02,4.0,1396.0,349.0,0
2024-02-12,B02,12.0,4188.0,349.0,0
2024-02-13,B02,6.0,2094.0,349.0,0
2024-02-14,B02,3.0,1047.0,349.0,0
2024-02-15,B02,9.0,3141.0,349.0,0
2024-02-16,B02,5.0,1745.0,349.0,0
2024-02-17,B02,8.0,2792.0,349.0,0
2024-02-18,B02,1.0,349.0,349.0,0
2024-02-19,B02,3.0,1047.0,349.0,0
2024-02-20,B02,3.0,1047.0,349.0,0
2024-02-21,B02,3.0,1047.0,349.0,0
2024-02-22,B02,5.0,1745.0,349.0,0
2024-02-23,B02,4.0,1396.0,349.0,0
2024-02-24,B02,5.0,1745.0,349.0,0
2024-02-25,B02,6.0,2094.0,349.0,0
2024-02-26,B02,12.0,4188.0,349.0,0
2024-02-27,B02,3.0,1047.0,349.0,0
2024-02-28,B02,6.0,2094.0,349.0,0
2024-02-29,B02,7.0,2443.0,349.0,0
2024-03-01,B02,5.0,1745.0,349.0,0
2024-03-02,B02,5.0,1745.0,349.0,0
2024-03-03,B02,2.0,698.0,349.0,0
2024-03-04,B02,5.0,1745.0,349.0,0
2024-03-05,B02,4.0,1396.0,349.0,0
2024-03-06,B02,4.0,1396.0,349.0,0
2024-03-07,B02,6.0,2094.0,349.0,0
2024-03-08,B02,9.0,3141.0,349.0,0
2024-03-09,B02,6.0,2094.0,349.0,0
2024-03-10,B02,8.0,2792.0,349.0,0
2024-03-11,B02,8.0,2792.0,349.0,0
2024-03-12,B02,8.0,2792.0,349.0,0
2024-03-13,B02,4.0,1396.0,349.0,0
2024-03-14,B02,5.0,1745.0,349.0,0
2024-03-15,B02,8.0,2792.0,349.0,0
2024-03-16,B02,7.0,2443.0,349.0,0
2024-03-17,B02,9.0,3141.0,349.0,0
2024-03-18,B02,12.0,4188.0,349.0,0
2024-03-19,B02,7.0,2443.0,349.0,0
2024-03-20,B02,7.0,2443.0,349.0,0
2024-03-21,B02,11.0,3839.0,349.0,0
2024-03-22,B02,5.0,1745.0,349.0,0
2024-03-23,B02,4.0,1396.0,349.0,0
2024-03-24,B02,14.0,4886.0,349.0,0
2024-03-25,B02,6.0,2094.0,349.0,0
2024-03-26,B02,9.0,3141.0,349.0,0
2024-03-27,B02,4.0,1396.0,349.0,0
2024-03-28,B02,7.0,2443.0,349.0,0
2024-03-29,B02,4.0,1396.0,349.0,0
2024-03-30,B02,9.0,3141.0,349.0,0
2024-03-31,B02,10.0,3490.0,349.0,0
2024-04-01,B02,4.0,1396.0,349.0,0
2024-04-02,B02,8.0,2792.0,349.0,0
2024-04-03,B02,0.0,0.0,349.0,0
2024-04-04,B02,7.0,2443.0,349.0,0
2024-04-05,B02,5.0,1745.0,349.0,0
2024-04-06,B02,6.0,2094.0,349.0,0
2024-04-07,B02,13.0,4537.0,349.0,0
2024-04-08,B02,3.0,1047.0,349.0,0
2024-04-09,B02,3.0,1047.0,349.0,0
2024-04-10,B02,7.0,2443.0,349.0,0
2024-04-11,B02,8.0,2792.0,349.0,0
2024-04-12,B02,2.0,698.0,349.0,0
2024-04-13,B02,8.0,2792.0,349.0,0
2024-04-14,B02,4.0,1396.0,349.0,0
2024-04-15,B02,1.0,349.0,349.0,0
2024-04-16,B02,5.0,1745.0,349.0,0
2024-04-17,B02,6.0,2094.0,349.0,0
2024-04-18,B02,2.0,698.0,349.0,0
2024-04-19,B02,7.0,2443.0,349.0,0
2024-04-20,B02,5.0,1745.0,349.0,0
2024-04-21,B02,10.0,3490.0,349.0,0
2024-04-22,B02,7.0,2443.0,349.0,0
2024-04-23,B02,8.0,2792.0,349.0,0
2024-04-24,B02,9.0,3141.0,349.0,0
2024-04-25,B02,4.0,1396.0,349.0,0
2024-04-26,B02,6.0,2094.0,349.0,0
2024-04-27,B02,7.0,2443.0,349.0,0
2024-04-28,B02,7.0,2443.0,349.0,0
2024-04-29,B02,8.0,2792.0,349.0,0
2024-04-30,B02,7.0,2443.0,349.0,0
2024-05-01,B02,9.0,3141.0,349.0,0
2024-05-02,B02,3.0,1047.0,349.0,0
2024-05-03,B02,6.0,2094.0,349.0,0
2024-05-04,B02,4.0,1396.0,349.0,0
2024-05-05,B02,7.0,2443.0,349.0,0
2024-05-06,B02,7.0,2443.0,349.0,0
2024-05-07,B02,3.0,1047.0,349.0,0
2024-05-08,B02,6.0,2094.0,349.0,0
2024-05-09,B02,7.0,2443.0,349.0,0
2024-05-10,B02,6.0,1782.0,297.0,1
2024-05-11,B02,13.0,3861.0,297.0,1
2024-05-12,B02,13.0,3861.0,297.0,1
2024-05-13,B02,8.0,2376.0,297.0,1
2024-05-14,B02,13.0,3861.0,297.0,1
2024-05-15,B02,5.0,1485.0,297.0,1
2024-05-16,B02,8.0,2376.0,297.0,1
2024-05-17,B02,10.0,2970.0,297.0,1
2024-05-18,B02,12.0,3564.0,297.0,1
2024-05-19,B02,14.0,4158.0,297.0,1
2024-05-20,B02,5.0,1745.0,349.0,0
2024-05-21,B02,9.0,3141.0,349.0,0
2024-05-22,B02,11.0,3839.0,349.0,0
2024-05-23,B02,3.0,1047.0,349.0,0
2024-05-24,B02,1.0,349.0,349.0,0
2024-05-25,B02,5.0,1745.0,349.0,0
2024-05-26,B02,4.0,1396.0,349.0,0
2024-05-27,B02,4.0,1396.0,349.0,0
2024-05-28,B02,6.0,2094.0,349.0,0
2024-05-29,B02,6.0,2094.0,349.0,0
2024-05-30,B02,5.0,1745.0,349.0,0
2024-05-31,B02,6.0,2094.0,349.0,0
2024-06-01,B02,6.0,2094.0,349.0,0
2024-06-02,B02,6.0,2094.0,349.0,0
2024-06-03,B02,4.0,1396.0,349.0,0
2024-06-04,B02,3.0,1047.0,349.0,0
2024-06-05,B02,7.0,2443.0,349.0,0
2024-06-06,B02,5.0,1745.0,349.0,0
2024-06-07,B02,5.0,1745.0,349.0,0
2024-06-08,B02,7.0,2443.0,349.0,0
2024-06-09,B02,5.0,1745.0,349.0,0
2024-06-10,B02,7.0,2443.0,349.0,0
2024-06-11,B02,,2094.0,349.0,0
2024-06-12,B02,4.0,1396.0,349.0,0
2024-06-13,B02,3.0,1047.0,349.0,0
2024-06-14,B02,5.0,1745.0,349.0,0
2024-06-15,B02,6.0,2094.0,349.0,0
2024-06-16,B02,12.0,4188.0,349.0,0
2024-06-17,B02,4.0,1396.0,349.0,0
2024-06-18,B02,8.0,2792.0,349.0,0
2024-06-19,B02,5.0,1745.0,349.0,0
2024-06-20,B02,4.0,1396.0,349.0,0
2024-06-21,B02,2.0,698.0,349.0,0
2024-06-22,B02,8.0,2792.0,349.0,0
2024-06-23,B02,6.0,2094.0,349.0,0
2024-06-24,B02,0.0,0.0,349.0,0
2024-06-25,B02,9.0,3141.0,349.0,0
2024-06-26,B02,3.0,1047.0,349.0,0
2024-06-27,B02,7.0,2443.0,349.0,0
2024-06-28,B02,7.0,2443.0,349.0,0
2024-06-29,B02,8.0,2792.0,349.0,0
2024-06-30,B02,9.0,3141.0,349.0,0
2024-07-01,B02,5.0,1745.0,349.0,0
2024-07-02,B02,9.0,3141.0,349.0,0
2024-07-03,B02,10.0,3490.0,349.0,0
2024-07-04,B02,7.0,2443.0,349.0,0
2024-07-05,B02,6.0,2094.0,349.0,0
2024-07-06,B02,5.0,1745.0,349.0,0
2024-07-07,B02,3.0,1047.0,349.0,0
2024-07-08,B02,6.0,2094.0,349.0,0
2024-07-09,B02,8.0,2792.0,349.0,0
2024-07-10,B02,5.0,1745.0,349.0,0
2024-07-11,B02,7.0,2443.0,349.0,0
2024-07-12,B02,7.0,2443.0,349.0,0
2024-07-13,B02,8.0,2792.0,349.0,0
2024-07-14,B02,5.0,1745.0,349.0,0
2024-07-15,B02,6.0,2094.0,349.0,0
2024-07-16,B02,8.0,2792.0,349.0,0
2024-07-17,B02,6.0,2094.0,349.0,0
2024-07-18,B02,2.0,698.0,349.0,0
2024-07-19,B02,3.0,1047.0,349.0,0
2024-07-20,B02,4.0,1396.0,349.0,0
2024-07-21,B02,11.0,3839.0,349.0,0
2024-07-22,B02,10.0,3490.0,349.0,0
2024-07-23,B02,4.0,1396.0,349.0,0
2024-07-24,B02,5.0,1745.0,349.0,0
2024-07-25,B02,2.0,698.0,349.0,0
2024-07-26,B02,7.0,2443.0,349.0,0
2024-07-27,B02,11.0,3839.0,349.0,0
2024-07-28,B02,10.0,3490.0,349.0,0
2024-07-29,B02,6.0,2094.0,349.0,0
2024-07-30,B02,10.0,3490.0,349.0,0
2024-07-31,B02,12.0,4188.0,349.0,0
2024-08-01,B02,6.0,2094.0,349.0,0
2024-08-02,B02,7.0,2443.0,349.0,0
2024-08-03,B02,9.0,3141.0,349.0,0
2024-08-04,B02,5.0,1745.0,349.0,0
2024-08-05,B02,10.0,3490.0,349.0,0
2024-08-06,B02,5.0,1745.0,349.0,0
2024-08-07,B02,9.0,3141.0,349.0,0
2024-08-08,B02,6.0,2094.0,349.0,0
2024-08-09,B02,9.0,3141.0,349.0,0
2024-08-10,B02,8.0,2792.0,349.0,0
2024-08-11,B02,11.0,3839.0,349.0,0
2024-08-12,B02,6.0,2094.0,349.0,0
2024-08-13,B02,10.0,3490.0,349.0,0
2024-08-14,B02,6.0,2094.0,349.0,0
2024-08-15,B02,5.0,1745.0,349.0,0
2024-08-16,B02,8.0,2792.0,349.0,0
2024-08-17,B02,7.0,2443.0,349.0,0
2024-08-18,B02,10.0,3490.0,349.0,0
2024-08-19,B02,9.0,3141.0,349.0,0
2024-08-20,B02,7.0,2443.0,349.0,0
2024-08-21,B02,11.0,3839.0,349.0,0
2024-08-22,B02,6.0,2094.0,349.0,0
2024-08-23,B02,3.0,1047.0,349.0,0
2024-08-24,B02,5.0,1745.0,349.0,0
2024-08-25,B02,9.0,3141.0,349.0,0
2024-08-26,B02,3.0,1047.0,349.0,0
2024-08-27,B02,3.0,1047.0,349.0,0
2024-08-28,B02,4.0,1396.0,349.0,0
2024-08-29,B02,4.0,1396.0,349.0,0
2024-08-30,B02,13.0,4537.0,349.0,0
2024-08-31,B02,4.0,1396.0,349.0,0
2024-09-01,B02,9.0,3141.0,349.0,0
2024-09-02,B02,9.0,3141.0,349.0,0
2024-09-03,B02,5.0,1745.0,349.0,0
2024-09-04,B02,6.0,2094.0,349.0,0
2024-09-05,B02,7.0,2443.0,349.0,0
2024-09-06,B02,8.0,2792.0,349.0,0
2024-09-07,B02,7.0,2443.0,349.0,0
2024-09-08,B02,5.0,1745.0,349.0,0
2024-09-09,B02,6.0,2094.0,349.0,0
2024-09-10,B02,7.0,2443.0,349.0,0
2024-09-11,B02,7.0,2443.0,349.0,0
2024-09-12,B02,5.0,1745.0,349.0,0
2024-09-13,B02,5.0,1745.0,349.0,0
2024-09-14,B02,8.0,2792.0,349.0,0
2024-09-15,B02,7.0,2443.0,349.0,0
2024-09-16,B02,5.0,1745.0,349.0,0
2024-09-17,B02,9.0,3141.0,349.0,0
2024-09-18,B02,7.0,2443.0,349.0,0
2024-09-19,B02,6.0,2094.0,349.0,0
2024-09-20,B02,6.0,2094.0,349.0,0
2024-09-21,B02,8.0,2792.0,349.0,0
2024-09-22,B02,12.0,4188.0,349.0,0
2024-09-23,B02,7.0,2443.0,349.0,0
2024-09-24,B02,5.0,1745.0,349.0,0
2024-09-25,B02,4.0,1396.0,349.0,0
2024-09-26,B02,8.0,2792.0,349.0,0
2024-09-27,B02,10.0,3490.0,349.0,0
2024-09-28,B02,4.0,1396.0,349.0,0
2024-09-29,B02,3.0,1047.0,349.0,0
2024-09-30,B02,9.0,3141.0,349.0,0
2024-10-01,B02,7.0,2443.0,349.0,0
2024-10-02,B02,6.0,2094.0,349.0,0
2024-10-03,B02,7.0,2443.0,349.0,0
2024-10-04,B02,7.0,2443.0,349.0,0
2024-10-05,B02,4.0,1396.0,349.0,0
2024-10-06,B02,10.0,3490.0,349.0,0
2024-10-07,B02,7.0,2443.0,349.0,0
2024-10-08,B02,4.0,1396.0,349.0,0
2024-10-09,B02,6.0,2094.0,349.0,0
2024-10-10,B02,7.0,2443.0,349.0,0
2024-10-11,B02,4.0,1396.0,349.0,0
2024-10-12,B02,6.0,2094.0,349.0,0
2024-10-13,B02,8.0,2792.0,349.0,0
2024-10-14,B02,3.0,1047.0,349.0,0
2024-10-15,B02,7.0,2443.0,349.0,0
2024-10-16,B02,6.0,2094.0,349.0,0
2024-10-17,B02,8.0,2792.0,349.0,0
2024-10-18,B02,4.0,1396.0,349.0,0
2024-10-19,B02,5.0,1745.0,349.0,0
2024-10-20,B02,4.0,1396.0,349.0,0
2024-10-21,B02,7.0,2443.0,349.0,0
2024-10-22,B02,8.0,2792.0,349.0,0
2024-10-23,B02,2.0,698.0,349.0,0
2024-10-24,B02,6.0,2094.0,349.0,0
2024-10-25,B02,1.0,349.0,349.0,0
2024-10-26,B02,8.0,2792.0,349.0,0
2024-10-27,B02,7.0,2443.0,349.0,0
2024-10-28,B02,8.0,2376.0,297.0,1
2024-10-29,B02,5.0,1485.0,297.0,1
2024-10-30,B02,8.0,2376.0,297.0,1
2024-10-31,B02,11.0,3267.0,297.0,1
2024-11-01,B02,13.0,3861.0,297.0,1
2024-11-02,B02,9.0,2673.0,297.0,1
2024-11-03,B02,6.0,1782.0,297.0,1
2024-11-04,B02,6.0,2094.0,349.0,0
2024-11-05,B02,8.0,2792.0,349.0,0
2024-11-06,B02,5.0,1745.0,349.0,0
2024-11-07,B02,5.0,1745.0,349.0,0
2024-11-08,B02,4.0,1396.0,349.0,0
2024-11-09,B02,10.0,3490.0,349.0,0
2024-11-10,B02,11.0,3839.0,349.0,0
2024-11-11,B02,6.0,2094.0,349.0,0
2024-11-12,B02,8.0,2792.0,349.0,0
2024-11-13,B02,8.0,2792.0,349.0,0
2024-11-14,B02,4.0,1396.0,349.0,0
2024-11-15,B02,8.0,2792.0,349.0,0
2024-11-16,B02,4.0,1396.0,349.0,0
2024-11-17,B02,6.0,2094.0,349.0,0
2024-11-18,B02,8.0,2792.0,349.0,0
2024-11-19,B02,8.0,2792.0,349.0,0
2024-11-20,B02,3.0,1047.0,349.0,0
2024-11-21,B02,8.0,2792.0,349.0,0
2024-11-22,B02,5.0,1745.0,349.0,0
2024-11-23,B02,11.0,3839.0,349.0,0
2024-11-24,B02,8.0,2792.0,349.0,0
2024-11-25,B02,5.0,1745.0,349.0,0
2024-11-26,B02,5.0,1745.0,349.0,0
2024-11-27,B02,10.0,3490.0,349.0,0
2024-11-28,B02,7.0,2443.0,349.0,0
2024-11-29,B02,8.0,2792.0,349.0,0
2024-11-30,B02,10.0,3490.0,349.0,0
2024-12-01,B02,6.0,2094.0,349.0,0
2024-12-02,B02,11.0,3839.0,349.0,0
2024-12-03,B02,6.0,2094.0,349.0,0
2024-12-04,B02,6.0,2094.0,349.0,0
2024-12-05,B02,7.0,2443.0,349.0,0
2024-12-06,B02,10.0,3490.0,349.0,0
2024-12-07,B02,7.0,2443.0,349.0,0
2024-12-08,B02,11.0,3839.0,349.0,0
2024-12-09,B02,12.0,4188.0,349.0,0
2024-12-10,B02,8.0,2792.0,349.0,0
2024-12-11,B02,10.0,3490.0,349.0,0
2024-12-12,B02,6.0,2094.0,349.0,0
2024-12-13,B02,8.0,2792.0,349.0,0
2024-12-14,B02,10.0,3490.0,349.0,0
2024-12-15,B02,5.0,1745.0,349.0,0
2024-12-16,B02,6.0,2094.0,349.0,0
2024-12-17,B02,5.0,1745.0,349.0,0
2024-12-18,B02,5.0,1745.0,349.0,0
2024-12-19,B02,8.0,2792.0,349.0,0
2024-12-20,B02,9.0,3141.0,349.0,0
2024-12-21,B02,6.0,2094.0,349.0,0
2024-12-22,B02,4.0,1396.0,349.0,0
2024-12-23,B02,11.0,3839.0,349.0,0
2024-12-24,B02,6.0,2094.0,349.0,0
2024-12-25,B02,9.0,3141.0,349.0,0
2024-12-26,B02,4.0,1396.0,349.0,0
2024-12-27,B02,5.0,1745.0,349.0,0
2024-12-28,B02,10.0,3490.0,349.0,0
2024-12-29,B02,7.0,2443.0,349.0,0
2024-12-30,B02,9.0,3141.0,349.0,0
2024-12-31,B02,4.0,1396.0,349.0,0
2025-01-01,B02,5.0,1745.0,349.0,0
2025-01-02,B02,9.0,3141.0,349.0,0
2025-01-03,B02,7.0,2443.0,349.0,0
2025-01-04,B02,4.0,1396.0,349.0,0
2025-01-05,B02,6.0,2094.0,349.0,0
2025-01-06,B02,5.0,1745.0,349.0,0
2025-01-07,B02,7.0,2443.0,349.0,0
2025-01-08,B02,2.0,698.0,349.0,0
2025-01-09,B02,2.0,698.0,349.0,0
2025-01-10,B02,6.0,2094.0,349.0,0
2025-01-11,B02,,2792.0,349.0,0
2025-01-12,B02,10.0,3490.0,349.0,0
2025-01-13,B02,3.0,1047.0,349.0,0
2025-01-14,B02,4.0,1396.0,349.0,0
2025-01-15,B02,4.0,1396.0,349.0,0
2025-01-16,B02,7.0,2443.0,349.0,0
2025-01-17,B02,9.0,3141.0,349.0,0
2025-01-18,B02,10.0,3490.0,349.0,0
2025-01-19,B02,11.0,3839.0,349.0,0
2025-01-20,B02,8.0,2792.0,349.0,0
2025-01-21,B02,7.0,2443.0,349.0,0
2025-01-22,B02,10.0,2970.0,297.0,1
2025-01-23,B02,10.0,2970.0,297.0,1
2025-01-24,B02,5.0,1485.0,297.0,1
2025-01-25,B02,14.0,4158.0,297.0,1
2025-01-26,B02,12.0,3564.0,297.0,1
2025-01-27,B02,15.0,4455.0,297.0,1
2025-01-28,B02,11.0,3267.0,297.0,1
2025-01-29,B02,8.0,2792.0,349.0,0
2025-01-30,B02,2.0,698.0,349.0,0
2025-01-31,B02,7.0,2443.0,349.0,0
2025-02-01,B02,6.0,2094.0,349.0,0
2025-02-02,B02,8.0,2792.0,349.0,0
2025-02-03,B02,7.0,2443.0,349.0,0
2025-02-04,B02,6.0,2094.0,349.0,0
2025-02-05,B02,3.0,1047.0,349.0,0
2025-02-06,B02,5.0,1745.0,349.0,0
2025-02-07,B02,5.0,1745.0,349.0,0
2025-02-08,B02,6.0,2094.0,349.0,0
2025-02-09,B02,10.0,3490.0,349.0,0
2025-02-10,B02,8.0,2792.0,349.0,0
2025-02-11,B02,5.0,1745.0,349.0,0
2025-02-12,B02,3.0,1047.0,349.0,0
2025-02-13,B02,7.0,2443.0,349.0,0
2025-02-14,B02,6.0,2094.0,349.0,0
2025-02-15,B02,7.0,2443.0,349.0,0
2025-02-16,B02,10.0,3490.0,349.0,0
2025-02-17,B02,4.0,1396.0,349.0,0
2025-02-18,B02,5.0,1745.0,349.0,0
2025-02-19,B02,10.0,3490.0,349.0,0
2025-02-20,B02,9.0,3141.0,349.0,0
2025-02-21,B02,6.0,2094.0,349.0,0
2025-02-22,B02,3.0,1047.0,349.0,0
2025-02-23,B02,5.0,1745.0,349.0,0
2025-02-24,B02,8.0,2792.0,349.0,0
2025-02-25,B02,5.0,1745.0,349.0,0
2025-02-26,B02,5.0,1745.0,349.0,0
2025-02-27,B02,9.0,3141.0,349.0,0
2025-02-28,B02,8.0,2792.0,349.0,0
2025-03-01,B02,6.0,2094.0,349.0,0
2025-03-02,B02,6.0,2094.0,349.0,0
2025-03-03,B02,9.0,3141.0,349.0,0
2025-03-04,B02,6.0,2094.0,349.0,0
2025-03-05,B02,,4188.0,349.0,0
2025-03-06,B02,8.0,2792.0,349.0,0
2025-03-07,B02,7.0,2443.0,349.0,0
2025-03-08,B02,5.0,1745.0,349.0,0
2025-03-09,B02,10.0,3490.0,349.0,0
2025-03-10,B02,6.0,2094.0,349.0,0
2025-03-11,B02,6.0,2094.0,349.0,0
2025-03-12,B02,8.0,2792.0,349.0,0
2025-03-13,B02,9.0,3141.0,349.0,0
2025-03-14,B02,6.0,2094.0,349.0,0
2025-03-15,B02,9.0,3141.0,349.0,0
2025-03-16,B02,3.0,1047.0,349.0,0
2025-03-17,B02,7.0,2443.0,349.0,0
2025-03-18,B02,7.0,2443.0,349.0,0
2025-03-19,B02,5.0,1745.0,349.0,0
2025-03-20,B02,6.0,2094.0,349.0,0
2025-03-21,B02,3.0,1047.0,349.0,0
2025-03-22,B02,8.0,2792.0,349.0,0
2025-03-23,B02,11.0,3839.0,349.0,0
2025-03-24,B02,11.0,3839.0,349.0,0
2025-03-25,B02,8.0,2792.0,349.0,0
2025-03-26,B02,2.0,698.0,349.0,0
2025-03-27,B02,4.0,1396.0,349.0,0
2025-03-28,B02,6.0,2094.0,349.0,0
2025-03-29,B02,8.0,2792.0,349.0,0
2025-03-30,B02,3.0,1047.0,349.0,0
2025-03-31,B02,7.0,2443.0,349.0,0
2025-04-01,B02,6.0,2094.0,349.0,0
2025-04-02,B02,6.0,2094.0,349.0,0
2025-04-03,B02,3.0,1047.0,349.0,0
2025-04-04,B02,8.0,2792.0,349.0,0
2025-04-05,B02,6.0,2094.0,349.0,0
2025-04-06,B02,9.0,3141.0,349.0,0
2025-04-07,B02,9.0,3141.0,349.0,0
2025-04-08,B02,5.0,1745.0,349.0,0
2025-04-09,B02,4.0,1396.0,349.0,0
2025-04-10,B02,4.0,1396.0,349.0,0
2025-04-11,B02,9.0,3141.0,349.0,0
2025-04-12,B02,7.0,2443.0,349.0,0
2025-04-13,B02,6.0,2094.0,349.0,0
2025-04-14,B02,3.0,1047.0,349.0,0
2025-04-15,B02,9.0,3141.0,349.0,0
2025-04-16,B02,8.0,2792.0,349.0,0
2025-04-17,B02,6.0,2094.0,349.0,0
2025-04-18,B02,5.0,1745.0,349.0,0
2025-04-19,B02,6.0,2094.0,349.0,0
2025-04-20,B02,10.0,3490.0,349.0,0
2025-04-21,B02,10.0,3490.0,349.0,0
2025-04-22,B02,11.0,3839.0,349.0,0
2025-04-23,B02,5.0,1745.0,349.0,0
2025-04-24,B02,7.0,2443.0,349.0,0
2025-04-25,B02,6.0,2094.0,349.0,0
2025-04-26,B02,6.0,2094.0,349.0,0
2025-04-27,B02,9.0,3141.0,349.0,0
2025-04-28,B02,6.0,2094.0,349.0,0
2025-04-29,B02,7.0,2443.0,349.0,0
2025-04-30,B02,10.0,3490.0,349.0,0
2025-05-01,B02,5.0,1745.0,349.0,0
2025-05-02,B02,10.0,3490.0,349.0,0
2025-05-03,B02,9.0,3141.0,349.0,0
2025-05-04,B02,6.0,2094.0,349.0,0
2025-05-05,B02,14.0,4886.0,349.0,0
2025-05-06,B02,4.0,1396.0,349.0,0
2025-05-07,B02,9.0,3141.0,349.0,0
2025-05-08,B02,4.0,1396.0,349.0,0
2025-05-09,B02,7.0,2443.0,349.0,0
2025-05-10,B02,17.0,5049.0,297.0,1
2025-05-11,B02,21.0,6237.0,297.0,1
2025-05-12,B02,12.0,3564.0,297.0,1
2025-05-13,B02,11.0,3267.0,297.0,1
2025-05-14,B02,12.0,3564.0,297.0,1
2025-05-15,B02,7.0,2079.0,297.0,1
2025-05-16,B02,15.0,4455.0,297.0,1
2025-05-17,B02,14.0,4158.0,297.0,1
2025-05-18,B02,16.0,4752.0,297.0,1
2025-05-19,B02,10.0,2970.0,297.0,1
2025-05-20,B02,6.0,2094.0,349.0,0
2025-05-21,B02,9.0,3141.0,349.0,0
2025-05-22,B02,6.0,2094.0,349.0,0
2025-05-23,B02,5.0,1745.0,349.0,0
2025-05-24,B02,8.0,2792.0,349.0,0
2025-05-25,B02,13.0,4537.0,349.0,0
2025-05-26,B02,6.0,2094.0,349.0,0
2025-05-27,B02,1.0,349.0,349.0,0
2025-05-28,B02,9.0,3141.0,349.0,0
2025-05-29,B02,5.0,1745.0,349.0,0
2025-05-30,B02,7.0,2443.0,349.0,0
2025-05-31,B02,5.0,1745.0,349.0,0
2025-06-01,B02,14.0,4886.0,349.0,0
2025-06-02,B02,10.0,3490.0,349.0,0
2025-06-03,B02,8.0,2792.0,349.0,0
2025-06-04,B02,8.0,2792.0,349.0,0
2025-06-05,B02,13.0,4537.0,349.0,0
2025-06-06,B02,5.0,1745.0,349.0,0
2025-06-07,B02,11.0,3839.0,349.0,0
2025-06-08,B02,8.0,2792.0,349.0,0
2025-06-09,B02,3.0,1047.0,349.0,0
2025-06-10,B02,5.0,1745.0,349.0,0
2025-06-11,B02,9.0,3141.0,349.0,0
2025-06-12,B02,5.0,1745.0,349.0,0
2025-06-13,B02,7.0,2443.0,349.0,0
2025-06-14,B02,9.0,3141.0,349.0,0
2025-06-15,B02,11.0,3839.0,349.0,0
2025-06-16,B02,9.0,3141.0,349.0,0
2025-06-17,B02,5.0,1745.0,349.0,0
2025-06-18,B02,6.0,2094.0,349.0,0
2025-06-19,B02,8.0,2792.0,349.0,0
2025-06-20,B02,11.0,3839.0,349.0,0
2025-06-21,B02,7.0,2443.0,349.0,0
2025-06-22,B02,8.0,2792.0,349.0,0
2025-06-23,B02,7.0,2443.0,349.0,0
2025-06-24,B02,4.0,1396.0,349.0,0
2025-06-25,B02,5.0,1745.0,349.0,0
2025-06-26,B02,6.0,2094.0,349.0,0
2025-06-27,B02,10.0,3490.0,349.0,0
2025-06-28,B02,8.0,2792.0,349.0,0
2025-06-29,B02,12.0,4188.0,349.0,0
2025-06-30,B02,8.0,2792.0,349.0,0
2025-07-01,B02,7.0,2443.0,349.0,0
2025-07-02,B02,11.0,3839.0,349.0,0
2025-07-03,B02,11.0,3839.0,349.0,0
2025-07-04,B02,6.0,2094.0,349.0,0
2025-07-05,B02,6.0,2094.0,349.0,0
2025-07-06,B02,6.0,2094.0,349.0,0
2025-07-07,B02,7.0,2443.0,349.0,0
2025-07-08,B02,5.0,1745.0,349.0,0
2025-07-09,B02,3.0,1047.0,349.0,0
2025-07-10,B02,6.0,2094.0,349.0,0
2025-07-11,B02,10.0,3490.0,349.0,0
2025-07-12,B02,10.0,3490.0,349.0,0
2025-07-13,B02,8.0,2792.0,349.0,0
2025-07-14,B02,5.0,1745.0,349.0,0
2025-07-15,B02,10.0,3490.0,349.0,0
2025-07-16,B02,4.0,1396.0,349.0,0
2025-07-17,B02,4.0,1396.0,349.0,0
2025-07-18,B02,9.0,3141.0,349.0,0
2025-07-19,B02,5.0,1745.0,349.0,0
2025-07-20,B02,11.0,3839.0,349.0,0
2025-07-21,B02,4.0,1396.0,349.0,0
2025-07-22,B02,9.0,3141.0,349.0,0
2025-07-23,B02,3.0,1047.0,349.0,0
2025-07-24,B02,14.0,4886.0,349.0,0
2025-07-25,B02,3.0,1047.0,349.0,0
2025-07-26,B02,4.0,1396.0,349.0,0
2025-07-27,B02,11.0,3839.0,349.0,0
2025-07-28,B02,7.0,2443.0,349.0,0
2025-07-29,B02,5.0,1745.0,349.0,0
2025-07-30,B02,11.0,3839.0,349.0,0
2025-07-31,B02,5.0,1745.0,349.0,0
2025-08-01,B02,4.0,1396.0,349.0,0
2025-08-02,B02,9.0,3141.0,349.0,0
2025-08-03,B02,7.0,2443.0,349.0,0
2025-08-04,B02,8.0,2792.0,349.0,0
2025-08-05,B02,9.0,3141.0,349.0,0
2025-08-06,B02,8.0,2792.0,349.0,0
2025-08-07,B02,6.0,2094.0,349.0,0
2025-08-08,B02,9.0,3141.0,349.0,0
2025-08-09,B02,12.0,4188.0,349.0,0
2025-08-10,B02,7.0,2443.0,349.0,0
2025-08-11,B02,6.0,2094.0,349.0,0
2025-08-12,B02,7.0,2443.0,349.0,0
2025-08-13,B02,7.0,2443.0,349.0,0
2025-08-14,B02,10.0,3490.0,349.0,0
2025-08-15,B02,7.0,2443.0,349.0,0
2025-08-16,B02,13.0,4537.0,349.0,0
2025-08-17,B02,9.0,3141.0,349.0,0
2025-08-18,B02,7.0,2443.0,349.0,0
2025-08-19,B02,3.0,1047.0,349.0,0
2025-08-20,B02,8.0,2792.0,349.0,0
2025-08-21,B02,5.0,1745.0,349.0,0
2025-08-22,B02,5.0,1745.0,349.0,0
2025-08-23,B02,5.0,1745.0,349.0,0
2025-08-24,B02,8.0,2792.0,349.0,0
2025-08-25,B02,7.0,2443.0,349.0,0
2025-08-26,B02,8.0,2792.0,349.0,0
2025-08-27,B02,9.0,3141.0,349.0,0
2025-08-28,B02,7.0,2443.0,349.0,0
2025-08-29,B02,8.0,2792.0,349.0,0
2025-08-30,B02,9.0,3141.0,349.0,0
2025-08-31,B02,13.0,4537.0,349.0,0
2025-09-01,B02,3.0,1047.0,349.0,0
2025-09-02,B02,7.0,2443.0,349.0,0
2025-09-03,B02,3.0,1047.0,349.0,0
2025-09-04,B02,3.0,1047.0,349.0,0
2025-09-05,B02,1.0,349.0,349.0,0
2025-09-06,B02,14.0,4886.0,349.0,0
2025-09-07,B02,10.0,3490.0,349.0,0
2025-09-08,B02,7.0,2443.0,349.0,0
2025-09-09,B02,8.0,2792.0,349.0,0
2025-09-10,B02,6.0,2094.0,349.0,0
2025-09-11,B02,9.0,3141.0,349.0,0
2025-09-12,B02,9.0,3141.0,349.0,0
2025-09-13,B02,8.0,2792.0,349.0,0
2025-09-14,B02,8.0,2792.0,349.0,0
2025-09-15,B02,3.0,1047.0,349.0,0
2025-09-16,B02,5.0,1745.0,349.0,0
2025-09-17,B02,11.0,3839.0,349.0,0
2025-09-18,B02,7.0,2443.0,349.0,0
2025-09-19,B02,8.0,2792.0,349.0,0
2025-09-20,B02,9.0,3141.0,349.0,0
2025-09-21,B02,5.0,1745.0,349.0,0
2025-09-22,B02,7.0,2443.0,349.0,0
2025-09-23,B02,6.0,2094.0,349.0,0
2025-09-24,B02,10.0,3490.0,349.0,0
2025-09-25,B02,9.0,3141.0,349.0,0
2025-09-26,B02,7.0,2443.0,349.0,0
2025-09-27,B02,3.0,1047.0,349.0,0
2025-09-28,B02,7.0,2443.0,349.0,0
2025-09-29,B02,9.0,3141.0,349.0,0
2025-09-30,B02,10.0,3490.0,349.0,0
2025-10-01,B02,5.0,1745.0,349.0,0
2025-10-02,B02,8.0,2792.0,349.0,0
2025-10-03,B02,10.0,3490.0,349.0,0
2025-10-04,B02,3.0,1047.0,349.0,0
2025-10-05,B02,6.0,2094.0,349.0,0
2025-10-06,B02,7.0,2443.0,349.0,0
2025-10-07,B02,3.0,1047.0,349.0,0
2025-10-08,B02,8.0,2792.0,349.0,0
2025-10-09,B02,7.0,2443.0,349.0,0
2025-10-10,B02,4.0,1396.0,349.0,0
2025-10-11,B02,12.0,4188.0,349.0,0
2025-10-12,B02,10.0,3490.0,349.0,0
2025-10-13,B02,6.0,2094.0,349.0,0
2025-10-14,B02,6.0,2094.0,349.0,0
2025-10-15,B02,8.0,2376.0,297.0,1
2025-10-16,B02,18.0,5346.0,297.0,1
2025-10-17,B02,7.0,2079.0,297.0,1
2025-10-18,B02,9.0,2673.0,297.0,1
2025-10-19,B02,12.0,3564.0,297.0,1
2025-10-20,B02,12.0,3564.0,297.0,1
2025-10-21,B02,13.0,3861.0,297.0,1
2025-10-22,B02,10.0,3490.0,349.0,0
2025-10-23,B02,8.0,2792.0,349.0,0
2025-10-24,B02,10.0,3490.0,349.0,0
2025-10-25,B02,7.0,2443.0,349.0,0
2025-10-26,B02,8.0,2792.0,349.0,0
2025-10-27,B02,5.0,1745.0,349.0,0
2025-10-28,B02,10.0,3490.0,349.0,0
2025-10-29,B02,3.0,1047.0,349.0,0
2025-10-30,B02,2.0,698.0,349.0,0
2025-10-31,B02,10.0,3490.0,349.0,0
2025-11-01,B02,4.0,1396.0,349.0,0
2025-11-02,B02,7.0,2443.0,349.0,0
2025-11-03,B02,8.0,2792.0,349.0,0
2025-11-04,B02,10.0,3490.0,349.0,0
2025-11-05,B02,5.0,1745.0,349.0,0
2025-11-06,B02,14.0,4886.0,349.0,0
2025-11-07,B02,11.0,3839.0,349.0,0
2025-11-08,B02,7.0,2443.0,349.0,0
2025-11-09,B02,10.0,3490.0,349.0,0
2025-11-10,B02,12.0,4188.0,349.0,0
2025-11-11,B02,6.0,2094.0,349.0,0
2025-11-12,B02,6.0,2094.0,349.0,0
2025-11-13,B02,11.0,3839.0,349.0,0
2025-11-14,B02,7.0,2443.0,349.0,0
2025-11-15,B02,8.0,2792.0,349.0,0
2025-11-16,B02,6.0,2094.0,349.0,0
2025-11-17,B02,7.0,2443.0,349.0,0
2025-11-18,B02,9.0,3141.0,349.0,0
2025-11-19,B02,13.0,4537.0,349.0,0
2025-11-20,B02,8.0,2792.0,349.0,0
2025-11-21,B02,5.0,1745.0,349.0,0
2025-11-22,B02,7.0,2443.0,349.0,0
2025-11-23,B02,4.0,1396.0,349.0,0
2025-11-24,B02,9.0,3141.0,349.0,0
2025-11-25,B02,8.0,2792.0,349.0,0
2025-11-26,B02,8.0,2792.0,349.0,0
2025-11-27,B02,3.0,1047.0,349.0,0
2025-11-28,B02,8.0,2792.0,349.0,0
2025-11-29,B02,5.0,1745.0,349.0,0
2025-11-30,B02,6.0,2094.0,349.0,0
2025-12-01,B02,7.0,2443.0,349.0,0
2025-12-02,B02,6.0,2094.0,349.0,0
2025-12-03,B02,9.0,3141.0,349.0,0
2025-12-04,B02,8.0,2792.0,349.0,0
2025-12-05,B02,5.0,1745.0,349.0,0
2025-12-06,B02,10.0,3490.0,349.0,0
2025-12-07,B02,5.0,1745.0,349.0,0
2025-12-08,B02,14.0,4886.0,349.0,0
2025-12-09,B02,4.0,1396.0,349.0,0
2025-12-10,B02,6.0,2094.0,349.0,0
2025-12-11,B02,5.0,1745.0,349.0,0
2025-12-12,B02,4.0,1396.0,349.0,0
2025-12-13,B02,12.0,4188.0,349.0,0
2025-12-14,B02,9.0,3141.0,349.0,0
2025-12-15,B02,7.0,2443.0,349.0,0
2025-12-16,B02,11.0,3839.0,349.0,0
2025-12-17,B02,5.0,1745.0,349.0,0
2025-12-18,B02,11.0,3839.0,349.0,0
2025-12-19,B02,9.0,3141.0,349.0,0
2025-12-20,B02,9.0,3141.0,349.0,0
2025-12-21,B02,15.0,5235.0,349.0,0
2025-12-22,B02,6.0,2094.0,349.0,0
2025-12-23,B02,3.0,1047.0,349.0,0
2025-12-24,B02,6.0,2094.0,349.0,0
2025-12-25,B02,10.0,3490.0,349.0,0
2025-12-26,B02,7.0,2443.0,349.0,0
2025-12-27,B02,9.0,3141.0,349.0,0
2025-12-28,B02,6.0,2094.0,349.0,0
2025-12-29,B02,5.0,1745.0,349.0,0
2025-12-30,B02,9.0,3141.0,349.0,0
2025-12-31,B02,8.0,2792.0,349.0,0
2026-01-01,B02,10.0,3490.0,349.0,0
2026-01-02,B02,6.0,2094.0,349.0,0
2026-01-03,B02,4.0,1396.0,349.0,0
2026-01-04,B02,7.0,2443.0,349.0,0
2026-01-05,B02,10.0,3490.0,349.0,0
2026-01-06,B02,7.0,2443.0,349.0,0
2026-01-07,B02,8.0,2792.0,349.0,0
2026-01-08,B02,9.0,3141.0,349.0,0
2026-01-09,B02,7.0,2443.0,349.0,0
2026-01-10,B02,8.0,2792.0,349.0,0
2026-01-11,B02,7.0,2443.0,349.0,0
2026-01-12,B02,7.0,2443.0,349.0,0
2026-01-13,B02,3.0,1047.0,349.0,0
2026-01-14,B02,4.0,1396.0,349.0,0
2026-01-15,B02,7.0,2443.0,349.0,0
2026-01-16,B02,13.0,4537.0,349.0,0
2026-01-17,B02,7.0,2443.0,349.0,0
2026-01-18,B02,8.0,2792.0,349.0,0
2026-01-19,B02,9.0,3141.0,349.0,0
2026-01-20,B02,7.0,2443.0,349.0,0
2026-01-21,B02,9.0,3141.0,349.0,0
2026-01-22,B02,9.0,2673.0,297.0,1
2026-01-23,B02,11.0,3267.0,297.0,1
2026-01-24,B02,13.0,3861.0,297.0,1
2026-01-25,B02,15.0,4455.0,297.0,1
2026-01-26,B02,11.0,3267.0,297.0,1
2026-01-27,B02,9.0,2673.0,297.0,1
2026-01-28,B02,9.0,2673.0,297.0,1
2026-01-29,B02,8.0,2792.0,349.0,0
2026-01-30,B02,8.0,2792.0,349.0,0
2026-01-31,B02,6.0,2094.0,349.0,0
2026-02-01,B02,6.0,2094.0,349.0,0
2026-02-02,B02,3.0,1047.0,349.0,0
2026-02-03,B02,14.0,4886.0,349.0,0
2026-02-04,B02,5.0,1745.0,349.0,0
2026-02-05,B02,5.0,1745.0,349.0,0
2026-02-06,B02,13.0,4537.0,349.0,0
2026-02-07,B02,7.0,2443.0,349.0,0
2026-02-08,B02,8.0,2792.0,349.0,0
2026-02-09,B02,7.0,2443.0,349.0,0
2026-02-10,B02,4.0,1396.0,349.0,0
2026-02-11,B02,7.0,2443.0,349.0,0
2026-02-12,B02,4.0,1396.0,349.0,0
2026-02-13,B02,5.0,1745.0,349.0,0
2026-02-14,B02,15.0,5235.0,349.0,0
2026-02-15,B02,9.0,3141.0,349.0,0
2026-02-16,B02,10.0,3490.0,349.0,0
2026-02-17,B02,8.0,2792.0,349.0,0
2026-02-18,B02,5.0,1745.0,349.0,0
2026-02-19,B02,11.0,3839.0,349.0,0
2026-02-20,B02,4.0,1396.0,349.0,0
2026-02-21,B02,8.0,2792.0,349.0,0
2026-02-22,B02,12.0,4188.0,349.0,0
2026-02-23,B02,13.0,4537.0,349.0,0
2026-02-24,B02,9.0,3141.0,349.0,0
2026-02-25,B02,13.0,4537.0,349.0,0
2026-02-26,B02,10.0,3490.0,349.0,0
2026-02-27,B02,10.0,3490.0,349.0,0
2026-02-28,B02,11.0,3839.0,349.0,0
2026-03-01,B02,9.0,3141.0,349.0,0
2026-03-02,B02,13.0,4537.0,349.0,0
2026-03-03,B02,11.0,3839.0,349.0,0
2026-03-04,B02,7.0,2443.0,349.0,0
2026-03-05,B02,4.0,1396.0,349.0,0
2026-03-06,B02,9.0,3141.0,349.0,0
2026-03-07,B02,12.0,4188.0,349.0,0
2026-03-08,B02,8.0,2792.0,349.0,0
2026-03-09,B02,4.0,1396.0,349.0,0
2026-03-10,B02,5.0,1745.0,349.0,0
2026-03-11,B02,8.0,2792.0,349.0,0
2026-03-12,B02,9.0,3141.0,349.0,0
2026-03-13,B02,5.0,1745.0,349.0,0
2026-03-14,B02,8.0,2792.0,349.0,0
2026-03-15,B02,13.0,4537.0,349.0,0
2026-03-16,B02,7.0,2443.0,349.0,0
2026-03-17,B02,2.0,698.0,349.0,0
2026-03-18,B02,5.0,1745.0,349.0,0
2026-03-19,B02,6.0,2094.0,349.0,0
2026-03-20,B02,11.0,3839.0,349.0,0
2026-03-21,B02,7.0,2443.0,349.0,0
2026-03-22,B02,8.0,2792.0,349.0,0
2026-03-23,B02,3.0,1047.0,349.0,0
2026-03-24,B02,11.0,3839.0,349.0,0
2026-03-25,B02,6.0,2094.0,349.0,0
2026-03-26,B02,7.0,2443.0,349.0,0
2026-03-27,B02,8.0,2792.0,349.0,0
2026-03-28,B02,6.0,2094.0,349.0,0
2026-03-29,B02,11.0,3839.0,349.0,0
2026-03-30,B02,9.0,3141.0,349.0,0
2026-03-31,B02,8.0,2792.0,349.0,0
2026-04-01,B02,11.0,3839.0,349.0,0
2026-04-02,B02,5.0,1745.0,349.0,0
2026-04-03,B02,8.0,2792.0,349.0,0
2026-04-04,B02,11.0,3839.0,349.0,0
2026-04-05,B02,10.0,3490.0,349.0,0
2026-04-06,B02,15.0,5235.0,349.0,0
2026-04-07,B02,6.0,2094.0,349.0,0
2026-04-08,B02,8.0,2792.0,349.0,0
2026-04-09,B02,7.0,2443.0,349.0,0
2026-04-10,B02,6.0,2094.0,349.0,0
2026-04-11,B02,5.0,1745.0,349.0,0
2026-04-12,B02,9.0,3141.0,349.0,0
2026-04-13,B02,6.0,2094.0,349.0,0
2026-04-14,B02,7.0,2443.0,349.0,0
2026-04-15,B02,10.0,3490.0,349.0,0
2026-04-16,B02,8.0,2792.0,349.0,0
2026-04-17,B02,6.0,2094.0,349.0,0
2026-04-18,B02,12.0,4188.0,349.0,0
2026-04-19,B02,8.0,2792.0,349.0,0
2026-04-20,B02,6.0,2094.0,349.0,0
2026-04-21,B02,4.0,1396.0,349.0,0
2026-04-22,B02,8.0,2792.0,349.0,0
2026-04-23,B02,5.0,1745.0,349.0,0
2026-04-24,B02,7.0,2443.0,349.0,0
2026-04-25,B02,8.0,2792.0,349.0,0
2026-04-26,B02,7.0,2443.0,349.0,0
2026-04-27,B02,8.0,2792.0,349.0,0
2026-04-28,B02,5.0,1745.0,349.0,0
2026-04-29,B02,3.0,1047.0,349.0,0
2026-04-30,B02,6.0,2094.0,349.0,0
2026-05-01,B02,11.0,3839.0,349.0,0
2026-05-02,B02,8.0,2792.0,349.0,0
2026-05-03,B02,9.0,3141.0,349.0,0
2026-05-04,B02,3.0,1047.0,349.0,0
2026-05-05,B02,10.0,3490.0,349.0,0
2026-05-06,B02,7.0,2443.0,349.0,0
2026-05-07,B02,6.0,2094.0,349.0,0
2026-05-08,B02,15.0,5235.0,349.0,0
2026-05-09,B02,10.0,3490.0,349.0,0
2026-05-10,B02,14.0,4158.0,297.0,1
2026-05-11,B02,9.0,2673.0,297.0,1
2026-05-12,B02,11.0,3267.0,297.0,1
2026-05-13,B02,9.0,2673.0,297.0,1
2026-05-14,B02,10.0,2970.0,297.0,1
2026-05-15,B02,9.0,2673.0,297.0,1
2026-05-16,B02,11.0,3267.0,297.0,1
2026-05-17,B02,11.0,3267.0,297.0,1
2026-05-18,B02,5.0,1485.0,297.0,1
2026-05-19,B02,16.0,4752.0,297.0,1
2026-05-20,B02,7.0,2443.0,349.0,0
2026-05-21,B02,8.0,2792.0,349.0,0
2026-05-22,B02,9.0,3141.0,349.0,0
2026-05-23,B02,15.0,5235.0,349.0,0
2026-05-24,B02,10.0,3490.0,349.0,0
2026-05-25,B02,6.0,2094.0,349.0,0
2026-05-26,B02,9.0,3141.0,349.0,0
2026-05-27,B02,6.0,2094.0,349.0,0
2026-05-28,B02,9.0,3141.0,349.0,0
2026-05-29,B02,5.0,1745.0,349.0,0
2026-05-30,B02,9.0,3141.0,349.0,0
2026-05-31,B02,8.0,2792.0,349.0,0
2026-06-01,B02,11.0,3839.0,349.0,0
2026-06-02,B02,4.0,1396.0,349.0,0
2026-06-03,B02,5.0,1745.0,349.0,0
2026-06-04,B02,3.0,1047.0,349.0,0
2026-06-05,B02,6.0,2094.0,349.0,0
2026-06-06,B02,5.0,1745.0,349.0,0
2026-06-07,B02,8.0,2792.0,349.0,0
2026-06-08,B02,8.0,2792.0,349.0,0
2026-06-09,B02,8.0,2792.0,349.0,0
2026-06-10,B02,11.0,3839.0,349.0,0
2026-06-11,B02,8.0,2792.0,349.0,0
2026-06-12,B02,6.0,2094.0,349.0,0
2026-06-13,B02,7.0,2443.0,349.0,0
2026-06-14,B02,6.0,2094.0,349.0,0
2026-06-15,B02,9.0,3141.0,349.0,0
2026-06-16,B02,7.0,2443.0,349.0,0
2026-06-17,B02,11.0,3839.0,349.0,0
2026-06-18,B02,13.0,4537.0,349.0,0
2026-06-19,B02,5.0,1745.0,349.0,0
2026-06-20,B02,7.0,2443.0,349.0,0
2026-06-21,B02,8.0,2792.0,349.0,0
2026-06-22,B02,3.0,1047.0,349.0,0
2026-06-23,B02,8.0,2792.0,349.0,0
2026-06-24,B02,6.0,2094.0,349.0,0
2026-06-25,B02,6.0,2094.0,349.0,0
2026-06-26,B02,10.0,3490.0,349.0,0
2026-06-27,B02,8.0,2792.0,349.0,0
2026-06-28,B02,9.0,3141.0,349.0,0
2026-06-29,B02,8.0,2792.0,349.0,0
2026-06-30,B02,8.0,2792.0,349.0,0
2026-07-01,B02,8.0,2792.0,349.0,0
2026-07-02,B02,8.0,2792.0,349.0,0
2026-07-03,B02,7.0,2443.0,349.0,0
2026-07-04,B02,9.0,3141.0,349.0,0
2026-07-05,B02,11.0,3839.0,349.0,0
2026-07-06,B02,10.0,3490.0,349.0,0
2026-07-07,B02,9.0,3141.0,349.0,0
2026-07-08,B02,6.0,2094.0,349.0,0
2026-07-09,B02,9.0,3141.0,349.0,0
2026-07-10,B02,,2792.0,349.0,0
2026-07-11,B02,8.0,2792.0,349.0,0
2026-07-12,B02,7.0,2443.0,349.0,0
2026-07-13,B02,5.0,1745.0,349.0,0
2026-07-14,B02,8.0,2792.0,349.0,0
2026-07-15,B02,7.0,2443.0,349.0,0
2026-07-16,B02,8.0,2792.0,349.0,0
2026-07-17,B02,11.0,3839.0,349.0,0
2026-07-18,B02,10.0,3490.0,349.0,0
2026-07-19,B02,10.0,3490.0,349.0,0
2026-07-20,B02,9.0,3141.0,349.0,0
2026-07-21,B02,4.0,1396.0,349.0,0
2026-07-22,B02,9.0,3141.0,349.0,0
2026-07-23,B02,7.0,2443.0,349.0,0
2026-07-24,B02,7.0,2443.0,349.0,0
2026-07-25,B02,10.0,3490.0,349.0,0
2026-07-26,B02,11.0,3839.0,349.0,0
2026-07-27,B02,11.0,3839.0,349.0,0
2026-07-28,B02,9.0,3141.0,349.0,0
2026-07-29,B02,9.0,3141.0,349.0,0
2026-07-30,B02,5.0,1745.0,349.0,0
2026-07-31,B02,8.0,2792.0,349.0,0
2026-08-01,B02,8.0,2792.0,349.0,0
2026-08-02,B02,4.0,1396.0,349.0,0
2026-08-03,B02,8.0,2792.0,349.0,0
2026-08-04,B02,6.0,2094.0,349.0,0
2026-08-05,B02,14.0,4886.0,349.0,0
2026-08-06,B02,8.0,2792.0,349.0,0
2026-08-07,B02,8.0,2792.0,349.0,0
2026-08-08,B02,11.0,3839.0,349.0,0
2026-08-09,B02,10.0,3490.0,349.0,0
2026-08-10,B02,5.0,1745.0,349.0,0
2026-08-11,B02,,2443.0,349.0,0
2026-08-12,B02,11.0,3839.0,349.0,0
2026-08-13,B02,8.0,2792.0,349.0,0
2026-08-14,B02,8.0,2792.0,349.0,0
2026-08-15,B02,8.0,2792.0,349.0,0
2026-08-16,B02,13.0,4537.0,349.0,0
2026-08-17,B02,7.0,2443.0,349.0,0
2026-08-18,B02,10.0,3490.0,349.0,0
2026-08-19,B02,10.0,3490.0,349.0,0
2026-08-20,B02,8.0,2792.0,349.0,0
2026-08-21,B02,8.0,2792.0,349.0,0
2026-08-22,B02,7.0,2443.0,349.0,0
2026-08-23,B02,7.0,2443.0,349.0,0
2026-08-24,B02,9.0,3141.0,349.0,0
2026-08-25,B02,13.0,4537.0,349.0,0
2026-08-26,B02,7.0,2443.0,349.0,0
2026-08-27,B02,4.0,1396.0,349.0,0
2026-08-28,B02,6.0,2094.0,349.0,0
2026-08-29,B02,5.0,1745.0,349.0,0
2026-08-30,B02,9.0,3141.0,349.0,0
2026-08-31,B02,10.0,3490.0,349.0,0
2026-09-01,B02,9.0,3141.0,349.0,0
2026-09-02,B02,8.0,2792.0,349.0,0
2026-09-03,B02,9.0,3141.0,349.0,0
2026-09-04,B02,9.0,3141.0,349.0,0
2026-09-05,B02,8.0,2792.0,349.0,0
2026-09-06,B02,10.0,3490.0,349.0,0
2026-09-07,B02,7.0,2443.0,349.0,0
2026-09-08,B02,5.0,1745.0,349.0,0
2026-09-09,B02,8.0,2792.0,349.0,0
2026-09-10,B02,9.0,3141.0,349.0,0
2026-09-11,B02,8.0,2792.0,349.0,0
2026-09-12,B02,4.0,1396.0,349.0,0
2026-09-13,B02,7.0,2443.0,349.0,0
2026-09-14,B02,9.0,3141.0,349.0,0
2026-09-15,B02,5.0,1745.0,349.0,0
2026-09-16,B02,11.0,3839.0,349.0,0
2026-09-17,B02,6.0,2094.0,349.0,0
2026-09-18,B02,9.0,3141.0,349.0,0
2026-09-19,B02,7.0,2443.0,349.0,0
2026-09-20,B02,10.0,3490.0,349.0,0
2026-09-21,B02,6.0,2094.0,349.0,0
2026-09-22,B02,7.0,2443.0,349.0,0
2026-09-23,B02,5.0,1745.0,349.0,0
2026-09-24,B02,9.0,3141.0,349.0,0
2026-09-25,B02,6.0,2094.0,349.0,0
2026-09-26,B02,10.0,3490.0,349.0,0
2026-09-27,B02,2.0,698.0,349.0,0
2024-01-01,B03,8.0,7992.0,999.0,0
2024-01-02,B03,6.0,5994.0,999.0,0
2024-01-03,B03,4.0,3996.0,999.0,0
2024-01-04,B03,7.0,6993.0,999.0,0
2024-01-05,B03,6.0,5994.0,999.0,0
2024-01-06,B03,8.0,7992.0,999.0,0
2024-01-07,B03,7.0,6993.0,999.0,0
2024-01-08,B03,4.0,3996.0,999.0,0
2024-01-09,B03,10.0,9990.0,999.0,0
2024-01-10,B03,7.0,6993.0,999.0,0
2024-01-11,B03,8.0,7992.0,999.0,0
2024-01-12,B03,5.0,4995.0,999.0,0
2024-01-13,B03,8.0,7992.0,999.0,0
2024-01-14,B03,6.0,5994.0,999.0,0
2024-01-15,B03,4.0,3996.0,999.0,0
2024-01-16,B03,5.0,4995.0,999.0,0
2024-01-17,B03,5.0,4995.0,999.0,0
2024-01-18,B03,7.0,6993.0,999.0,0
2024-01-19,B03,5.0,4995.0,999.0,0
2024-01-20,B03,8.0,7992.0,999.0,0
2024-01-21,B03,11.0,10989.0,999.0,0
2024-01-22,B03,14.0,11886.0,849.0,1
2024-01-23,B03,13.0,11037.0,849.0,1
2024-01-24,B03,11.0,9339.0,849.0,1
2024-01-25,B03,9.0,7641.0,849.0,1
2024-01-26,B03,7.0,5943.0,849.0,1
2024-01-27,B03,11.0,9339.0,849.0,1
2024-01-28,B03,7.0,5943.0,849.0,1
2024-01-29,B03,1.0,999.0,999.0,0
2024-01-30,B03,6.0,5994.0,999.0,0
2024-01-31,B03,3.0,2997.0,999.0,0
2024-02-01,B03,7.0,6993.0,999.0,0
2024-02-02,B03,8.0,7992.0,999.0,0
2024-02-03,B03,8.0,7992.0,999.0,0
2024-02-04,B03,5.0,4995.0,999.0,0
2024-02-05,B03,7.0,6993.0,999.0,0
2024-02-06,B03,10.0,9990.0,999.0,0
2024-02-07,B03,5.0,4995.0,999.0,0
2024-02-08,B03,5.0,4995.0,999.0,0
2024-02-09,B03,7.0,6993.0,999.0,0
2024-02-10,B03,8.0,7992.0,999.0,0
2024-02-11,B03,10.0,9990.0,999.0,0
2024-02-12,B03,4.0,3996.0,999.0,0
2024-02-13,B03,4.0,3996.0,999.0,0
2024-02-14,B03,4.0,3996.0,999.0,0
2024-02-15,B03,7.0,6993.0,999.0,0
2024-02-16,B03,3.0,2997.0,999.0,0
2024-02-17,B03,3.0,2997.0,999.0,0
2024-02-18,B03,6.0,5994.0,999.0,0
2024-02-19,B03,8.0,7992.0,999.0,0
2024-02-20,B03,2.0,1998.0,999.0,0
2024-02-21,B03,4.0,3996.0,999.0,0
2024-02-22,B03,9.0,8991.0,999.0,0
2024-02-23,B03,2.0,1998.0,999.0,0
2024-02-24,B03,3.0,2997.0,999.0,0
2024-02-25,B03,4.0,3996.0,999.0,0
2024-02-26,B03,7.0,6993.0,999.0,0
2024-02-27,B03,2.0,1998.0,999.0,0
2024-02-28,B03,2.0,1998.0,999.0,0
2024-02-29,B03,3.0,2997.0,999.0,0
2024-03-01,B03,3.0,2997.0,999.0,0
2024-03-02,B03,4.0,3996.0,999.0,0
2024-03-03,B03,9.0,8991.0,999.0,0
2024-03-04,B03,4.0,3996.0,999.0,0
2024-03-05,B03,6.0,5994.0,999.0,0
2024-03-06,B03,5.0,4995.0,999.0,0
2024-03-07,B03,6.0,5994.0,999.0,0
2024-03-08,B03,5.0,4995.0,999.0,0
2024-03-09,B03,5.0,4995.0,999.0,0
2024-03-10,B03,4.0,3996.0,999.0,0
2024-03-11,B03,5.0,4995.0,999.0,0
2024-03-12,B03,5.0,4995.0,999.0,0
2024-03-13,B03,7.0,6993.0,999.0,0
2024-03-14,B03,4.0,3996.0,999.0,0
2024-03-15,B03,8.0,7992.0,999.0,0
2024-03-16,B03,9.0,8991.0,999.0,0
2024-03-17,B03,6.0,5994.0,999.0,0
2024-03-18,B03,2.0,1998.0,999.0,0
2024-03-19,B03,4.0,3996.0,999.0,0
2024-03-20,B03,2.0,1998.0,999.0,0
2024-03-21,B03,5.0,4995.0,999.0,0
2024-03-22,B03,4.0,3996.0,999.0,0
2024-03-23,B03,5.0,4995.0,999.0,0
2024-03-24,B03,5.0,4995.0,999.0,0
2024-03-25,B03,5.0,4995.0,999.0,0
2024-03-26,B03,5.0,4995.0,999.0,0
2024-03-27,B03,3.0,2997.0,999.0,0
2024-03-28,B03,2.0,1998.0,999.0,0
2024-03-29,B03,3.0,2997.0,999.0,0
2024-03-30,B03,4.0,3996.0,999.0,0
2024-03-31,B03,3.0,2997.0,999.0,0
2024-04-01,B03,8.0,7992.0,999.0,0
2024-04-02,B03,5.0,4995.0,999.0,0
2024-04-03,B03,4.0,3996.0,999.0,0
2024-04-04,B03,2.0,1998.0,999.0,0
2024-04-05,B03,4.0,3996.0,999.0,0
2024-04-06,B03,3.0,2997.0,999.0,0
2024-04-07,B03,6.0,5994.0,999.0,0
2024-04-08,B03,2.0,1998.0,999.0,0
2024-04-09,B03,2.0,1998.0,999.0,0
2024-04-10,B03,3.0,2997.0,999.0,0
2024-04-11,B03,2.0,1998.0,999.0,0
2024-04-12,B03,5.0,4995.0,999.0,0
2024-04-13,B03,6.0,5994.0,999.0,0
2024-04-14,B03,1.0,999.0,999.0,0
2024-04-15,B03,5.0,4995.0,999.0,0
2024-04-16,B03,2.0,1998.0,999.0,0
2024-04-17,B03,7.0,6993.0,999.0,0
2024-04-18,B03,1.0,999.0,999.0,0
2024-04-19,B03,0.0,0.0,999.0,0
2024-04-20,B03,2.0,1998.0,999.0,0
2024-04-21,B03,4.0,3996.0,999.0,0
2024-04-22,B03,4.0,3996.0,999.0,0
2024-04-23,B03,1.0,999.0,999.0,0
2024-04-24,B03,2.0,1998.0,999.0,0
2024-04-25,B03,3.0,2997.0,999.0,0
2024-04-26,B03,1.0,999.0,999.0,0
2024-04-27,B03,1.0,999.0,999.0,0
2024-04-28,B03,3.0,2997.0,999.0,0
2024-04-29,B03,1.0,999.0,999.0,0
2024-04-30,B03,3.0,2997.0,999.0,0
2024-05-01,B03,1.0,999.0,999.0,0
2024-05-02,B03,2.0,1998.0,999.0,0
2024-05-03,B03,3.0,2997.0,999.0,0
2024-05-04,B03,5.0,4995.0,999.0,0
2024-05-05,B03,2.0,1998.0,999.0,0
2024-05-06,B03,2.0,1998.0,999.0,0
2024-05-07,B03,2.0,1998.0,999.0,0
2024-05-08,B03,1.0,999.0,999.0,0
2024-05-09,B03,3.0,2997.0,999.0,0
2024-05-10,B03,7.0,5943.0,849.0,1
2024-05-11,B03,8.0,6792.0,849.0,1
2024-05-12,B03,6.0,5094.0,849.0,1
2024-05-13,B03,3.0,2547.0,849.0,1
2024-05-14,B03,2.0,1698.0,849.0,1
2024-05-15,B03,5.0,4245.0,849.0,1
2024-05-16,B03,4.0,3396.0,849.0,1
2024-05-17,B03,5.0,4245.0,849.0,1
2024-05-18,B03,3.0,2547.0,849.0,1
2024-05-19,B03,3.0,2547.0,849.0,1
2024-05-20,B03,2.0,1998.0,999.0,0
2024-05-21,B03,2.0,1998.0,999.0,0
2024-05-22,B03,3.0,2997.0,999.0,0
2024-05-23,B03,0.0,0.0,999.0,0
2024-05-24,B03,2.0,1998.0,999.0,0
2024-05-25,B03,1.0,999.0,999.0,0
2024-05-26,B03,3.0,2997.0,999.0,0
2024-05-27,B03,1.0,999.0,999.0,0
2024-05-28,B03,3.0,2997.0,999.0,0
2024-05-29,B03,2.0,1998.0,999.0,0
2024-05-30,B03,0.0,0.0,999.0,0
2024-05-31,B03,2.0,1998.0,999.0,0
2024-06-01,B03,3.0,2997.0,999.0,0
2024-06-02,B03,3.0,2997.0,999.0,0
2024-06-03,B03,3.0,2997.0,999.0,0
2024-06-04,B03,0.0,0.0,999.0,0
2024-06-05,B03,1.0,999.0,999.0,0
2024-06-06,B03,3.0,2997.0,999.0,0
2024-06-07,B03,3.0,2997.0,999.0,0
2024-06-08,B03,2.0,1998.0,999.0,0
2024-06-09,B03,2.0,1998.0,999.0,0
2024-06-10,B03,2.0,1998.0,999.0,0
2024-06-11,B03,3.0,2997.0,999.0,0
2024-06-12,B03,1.0,999.0,999.0,0
2024-06-13,B03,1.0,999.0,999.0,0
2024-06-14,B03,2.0,1998.0,999.0,0
2024-06-15,B03,4.0,3996.0,999.0,0
2024-06-16,B03,5.0,4995.0,999.0,0
2024-06-17,B03,1.0,999.0,999.0,0
2024-06-18,B03,1.0,999.0,999.0,0
2024-06-19,B03,1.0,999.0,999.0,0
2024-06-20,B03,2.0,1998.0,999.0,0
2024-06-21,B03,2.0,1998.0,999.0,0
2024-06-22,B03,1.0,999.0,999.0,0
2024-06-23,B03,6.0,5994.0,999.0,0
2024-06-24,B03,1.0,999.0,999.0,0
2024-06-25,B03,1.0,999.0,999.0,0
2024-06-26,B03,3.0,2997.0,999.0,0
2024-06-27,B03,1.0,999.0,999.0,0
2024-06-28,B03,3.0,2997.0,999.0,0
2024-06-29,B03,3.0,2997.0,999.0,0
2024-06-30,B03,2.0,1998.0,999.0,0
2024-07-01,B03,3.0,2997.0,999.0,0
2024-07-02,B03,2.0,1998.0,999.0,0
2024-07-03,B03,2.0,1998.0,999.0,0
2024-07-04,B03,1.0,999.0,999.0,0
2024-07-05,B03,0.0,0.0,999.0,0
2024-07-06,B03,2.0,1998.0,999.0,0
2024-07-07,B03,3.0,2997.0,999.0,0
2024-07-08,B03,2.0,1998.0,999.0,0
2024-07-09,B03,2.0,1998.0,999.0,0
2024-07-10,B03,3.0,2997.0,999.0,0
2024-07-11,B03,3.0,2997.0,999.0,0
2024-07-12,B03,1.0,999.0,999.0,0
2024-07-13,B03,0.0,0.0,999.0,0
2024-07-14,B03,5.0,4995.0,999.0,0
2024-07-15,B03,2.0,1998.0,999.0,0
2024-07-16,B03,3.0,2997.0,999.0,0
2024-07-17,B03,2.0,1998.0,999.0,0
2024-07-18,B03,0.0,0.0,999.0,0
2024-07-19,B03,1.0,999.0,999.0,0
2024-07-20,B03,0.0,0.0,999.0,0
2024-07-21,B03,4.0,3996.0,999.0,0
2024-07-22,B03,2.0,1998.0,999.0,0
2024-07-23,B03,6.0,5994.0,999.0,0
2024-07-24,B03,4.0,3996.0,999.0,0
2024-07-25,B03,3.0,2997.0,999.0,0
2024-07-26,B03,6.0,5994.0,999.0,0
2024-07-27,B03,1.0,999.0,999.0,0
2024-07-28,B03,4.0,3996.0,999.0,0
2024-07-29,B03,2.0,1998.0,999.0,0
2024-07-30,B03,4.0,3996.0,999.0,0
2024-07-31,B03,7.0,6993.0,999.0,0
2024-08-01,B03,1.0,999.0,999.0,0
2024-08-02,B03,4.0,3996.0,999.0,0
2024-08-03,B03,6.0,5994.0,999.0,0
2024-08-04,B03,1.0,999.0,999.0,0
2024-08-05,B03,2.0,1998.0,999.0,0
2024-08-06,B03,8.0,7992.0,999.0,0
2024-08-07,B03,4.0,3996.0,999.0,0
2024-08-08,B03,4.0,3996.0,999.0,0
2024-08-09,B03,0.0,0.0,999.0,0
2024-08-10,B03,4.0,3996.0,999.0,0
2024-08-11,B03,2.0,1998.0,999.0,0
2024-08-12,B03,5.0,4995.0,999.0,0
2024-08-13,B03,5.0,4995.0,999.0,0
2024-08-14,B03,4.0,3996.0,999.0,0
2024-08-15,B03,3.0,2997.0,999.0,0
2024-08-16,B03,1.0,999.0,999.0,0
2024-08-17,B03,2.0,1998.0,999.0,0
2024-08-18,B03,4.0,3996.0,999.0,0
2024-08-19,B03,0.0,0.0,999.0,0
2024-08-20,B03,2.0,1998.0,999.0,0
2024-08-21,B03,2.0,1998.0,999.0,0
2024-08-22,B03,0.0,0.0,999.0,0
2024-08-23,B03,1.0,999.0,999.0,0
2024-08-24,B03,1.0,999.0,999.0,0
2024-08-25,B03,6.0,5994.0,999.0,0
2024-08-26,B03,4.0,3996.0,999.0,0
2024-08-27,B03,2.0,1998.0,999.0,0
2024-08-28,B03,6.0,5994.0,999.0,0
2024-08-29,B03,4.0,3996.0,999.0,0
2024-08-30,B03,0.0,0.0,999.0,0
2024-08-31,B03,0.0,0.0,999.0,0
2024-09-01,B03,4.0,3996.0,999.0,0
2024-09-02,B03,4.0,3996.0,999.0,0
2024-09-03,B03,4.0,3996.0,999.0,0
2024-09-04,B03,2.0,1998.0,999.0,0
2024-09-05,B03,2.0,1998.0,999.0,0
2024-09-06,B03,7.0,6993.0,999.0,0
2024-09-07,B03,5.0,4995.0,999.0,0
2024-09-08,B03,4.0,3996.0,999.0,0
2024-09-09,B03,10.0,9990.0,999.0,0
2024-09-10,B03,2.0,1998.0,999.0,0
2024-09-11,B03,5.0,4995.0,999.0,0
2024-09-12,B03,2.0,1998.0,999.0,0
2024-09-13,B03,6.0,5994.0,999.0,0
2024-09-14,B03,4.0,3996.0,999.0,0
2024-09-15,B03,6.0,5994.0,999.0,0
2024-09-16,B03,4.0,3996.0,999.0,0
2024-09-17,B03,3.0,2997.0,999.0,0
2024-09-18,B03,5.0,4995.0,999.0,0
2024-09-19,B03,6.0,5994.0,999.0,0
2024-09-20,B03,5.0,4995.0,999.0,0
2024-09-21,B03,7.0,6993.0,999.0,0
2024-09-22,B03,2.0,1998.0,999.0,0
2024-09-23,B03,3.0,2997.0,999.0,0
2024-09-24,B03,6.0,5994.0,999.0,0
2024-09-25,B03,7.0,6993.0,999.0,0
2024-09-26,B03,8.0,7992.0,999.0,0
2024-09-27,B03,4.0,3996.0,999.0,0
2024-09-28,B03,6.0,5994.0,999.0,0
2024-09-29,B03,9.0,8991.0,999.0,0
2024-09-30,B03,4.0,3996.0,999.0,0
2024-10-01,B03,4.0,3996.0,999.0,0
2024-10-02,B03,6.0,5994.0,999.0,0
2024-10-03,B03,2.0,1998.0,999.0,0
2024-10-04,B03,2.0,1998.0,999.0,0
2024-10-05,B03,6.0,5994.0,999.0,0
2024-10-06,B03,6.0,5994.0,999.0,0
2024-10-07,B03,7.0,6993.0,999.0,0
2024-10-08,B03,7.0,6993.0,999.0,0
2024-10-09,B03,2.0,1998.0,999.0,0
2024-10-10,B03,6.0,5994.0,999.0,0
2024-10-11,B03,5.0,4995.0,999.0,0
2024-10-12,B03,4.0,3996.0,999.0,0
2024-10-13,B03,6.0,5994.0,999.0,0
2024-10-14,B03,4.0,3996.0,999.0,0
2024-10-15,B03,9.0,8991.0,999.0,0
2024-10-16,B03,7.0,6993.0,999.0,0
2024-10-17,B03,7.0,6993.0,999.0,0
2024-10-18,B03,4.0,3996.0,999.0,0
2024-10-19,B03,6.0,5994.0,999.0,0
2024-10-20,B03,7.0,6993.0,999.0,0
2024-10-21,B03,9.0,8991.0,999.0,0
2024-10-22,B03,10.0,9990.0,999.0,0
2024-10-23,B03,6.0,5994.0,999.0,0
2024-10-24,B03,3.0,2997.0,999.0,0
2024-10-25,B03,4.0,3996.0,999.0,0
2024-10-26,B03,7.0,6993.0,999.0,0
2024-10-27,B03,11.0,10989.0,999.0,0
2024-10-28,B03,9.0,7641.0,849.0,1
2024-10-29,B03,6.0,5094.0,849.0,1
2024-10-30,B03,10.0,8490.0,849.0,1
2024-10-31,B03,6.0,5094.0,849.0,1
2024-11-01,B03,5.0,4245.0,849.0,1
2024-11-02,B03,12.0,10188.0,849.0,1
2024-11-03,B03,9.0,7641.0,849.0,1
2024-11-04,B03,5.0,4995.0,999.0,0
2024-11-05,B03,4.0,3996.0,999.0,0
2024-11-06,B03,7.0,6993.0,999.0,0
2024-11-07,B03,6.0,5994.0,999.0,0
2024-11-08,B03,5.0,4995.0,999.0,0
2024-11-09,B03,9.0,8991.0,999.0,0
2024-11-10,B03,8.0,7992.0,999.0,0
2024-11-11,B03,5.0,4995.0,999.0,0
2024-11-12,B03,7.0,6993.0,999.0,0
2024-11-13,B03,3.0,2997.0,999.0,0
2024-11-14,B03,2.0,1998.0,999.0,0
2024-11-15,B03,8.0,7992.0,999.0,0
2024-11-16,B03,4.0,3996.0,999.0,0
2024-11-17,B03,9.0,8991.0,999.0,0
2024-11-18,B03,7.0,6993.0,999.0,0
2024-11-19,B03,6.0,5994.0,999.0,0
2024-11-20,B03,0.0,0.0,999.0,0
2024-11-21,B03,5.0,4995.0,999.0,0
2024-11-22,B03,12.0,11988.0,999.0,0
2024-11-23,B03,12.0,11988.0,999.0,0
2024-11-24,B03,5.0,4995.0,999.0,0
2024-11-25,B03,8.0,7992.0,999.0,0
2024-11-26,B03,7.0,6993.0,999.0,0
2024-11-27,B03,8.0,7992.0,999.0,0
2024-11-28,B03,6.0,5994.0,999.0,0
2024-11-29,B03,6.0,5994.0,999.0,0
2024-11-30,B03,6.0,5994.0,999.0,0
2024-12-01,B03,12.0,11988.0,999.0,0
2024-12-02,B03,3.0,2997.0,999.0,0
2024-12-03,B03,7.0,6993.0,999.0,0
2024-12-04,B03,5.0,4995.0,999.0,0
2024-12-05,B03,7.0,6993.0,999.0,0
2024-12-06,B03,10.0,9990.0,999.0,0
2024-12-07,B03,7.0,6993.0,999.0,0
2024-12-08,B03,8.0,7992.0,999.0,0
2024-12-09,B03,11.0,10989.0,999.0,0
2024-12-10,B03,9.0,8991.0,999.0,0
2024-12-11,B03,8.0,7992.0,999.0,0
2024-12-12,B03,7.0,6993.0,999.0,0
2024-12-13,B03,7.0,6993.0,999.0,0
2024-12-14,B03,5.0,4995.0,999.0,0
2024-12-15,B03,5.0,4995.0,999.0,0
2024-12-16,B03,6.0,5994.0,999.0,0
2024-12-17,B03,6.0,5994.0,999.0,0
2024-12-18,B03,6.0,5994.0,999.0,0
2024-12-19,B03,8.0,7992.0,999.0,0
2024-12-20,B03,5.0,4995.0,999.0,0
2024-12-21,B03,5.0,4995.0,999.0,0
2024-12-22,B03,8.0,7992.0,999.0,0
2024-12-23,B03,7.0,6993.0,999.0,0
2024-12-24,B03,5.0,4995.0,999.0,0
2024-12-25,B03,4.0,3996.0,999.0,0
2024-12-26,B03,12.0,11988.0,999.0,0
2024-12-27,B03,9.0,8991.0,999.0,0
2024-12-28,B03,9.0,8991.0,999.0,0
2024-12-29,B03,6.0,5994.0,999.0,0
2024-12-30,B03,9.0,8991.0,999.0,0
2024-12-31,B03,5.0,4995.0,999.0,0
2025-01-01,B03,6.0,5994.0,999.0,0
2025-01-02,B03,8.0,7992.0,999.0,0
2025-01-03,B03,9.0,8991.0,999.0,0
2025-01-04,B03,9.0,8991.0,999.0,0
2025-01-05,B03,8.0,7992.0,999.0,0
2025-01-06,B03,3.0,2997.0,999.0,0
2025-01-07,B03,7.0,6993.0,999.0,0
2025-01-08,B03,11.0,10989.0,999.0,0
2025-01-09,B03,6.0,5994.0,999.0,0
2025-01-10,B03,5.0,4995.0,999.0,0
2025-01-11,B03,8.0,7992.0,999.0,0
2025-01-12,B03,11.0,10989.0,999.0,0
2025-01-13,B03,5.0,4995.0,999.0,0
2025-01-14,B03,3.0,2997.0,999.0,0
2025-01-15,B03,7.0,6993.0,999.0,0
2025-01-16,B03,2.0,1998.0,999.0,0
2025-01-17,B03,5.0,4995.0,999.0,0
2025-01-18,B03,7.0,6993.0,999.0,0
2025-01-19,B03,8.0,7992.0,999.0,0
2025-01-20,B03,7.0,6993.0,999.0,0
2025-01-21,B03,6.0,5994.0,999.0,0
2025-01-22,B03,8.0,6792.0,849.0,1
2025-01-23,B03,4.0,3396.0,849.0,1
2025-01-24,B03,13.0,11037.0,849.0,1
2025-01-25,B03,6.0,5094.0,849.0,1
2025-01-26,B03,10.0,8490.0,849.0,1
2025-01-27,B03,13.0,11037.0,849.0,1
2025-01-28,B03,12.0,10188.0,849.0,1
2025-01-29,B03,7.0,6993.0,999.0,0
2025-01-30,B03,6.0,5994.0,999.0,0
2025-01-31,B03,6.0,5994.0,999.0,0
2025-02-01,B03,5.0,4995.0,999.0,0
2025-02-02,B03,5.0,4995.0,999.0,0
2025-02-03,B03,7.0,6993.0,999.0,0
2025-02-04,B03,4.0,3996.0,999.0,0
2025-02-05,B03,6.0,5994.0,999.0,0
2025-02-06,B03,3.0,2997.0,999.0,0
2025-02-07,B03,7.0,6993.0,999.0,0
2025-02-08,B03,6.0,5994.0,999.0,0
2025-02-09,B03,4.0,3996.0,999.0,0
2025-02-10,B03,8.0,7992.0,999.0,0
2025-02-11,B03,3.0,2997.0,999.0,0
2025-02-12,B03,6.0,5994.0,999.0,0
2025-02-13,B03,6.0,5994.0,999.0,0
2025-02-14,B03,5.0,4995.0,999.0,0
2025-02-15,B03,6.0,5994.0,999.0,0
2025-02-16,B03,12.0,11988.0,999.0,0
2025-02-17,B03,4.0,3996.0,999.0,0
2025-02-18,B03,8.0,7992.0,999.0,0
2025-02-19,B03,10.0,9990.0,999.0,0
2025-02-20,B03,4.0,3996.0,999.0,0
2025-02-21,B03,5.0,4995.0,999.0,0
2025-02-22,B03,5.0,4995.0,999.0,0
2025-02-23,B03,6.0,5994.0,999.0,0
2025-02-24,B03,7.0,6993.0,999.0,0
2025-02-25,B03,10.0,9990.0,999.0,0
2025-02-26,B03,11.0,10989.0,999.0,0
2025-02-27,B03,8.0,7992.0,999.0,0
2025-02-28,B03,4.0,3996.0,999.0,0
2025-03-01,B03,7.0,6993.0,999.0,0
2025-03-02,B03,7.0,6993.0,999.0,0
2025-03-03,B03,2.0,1998.0,999.0,0
2025-03-04,B03,2.0,1998.0,999.0,0
2025-03-05,B03,3.0,2997.0,999.0,0
2025-03-06,B03,6.0,5994.0,999.0,0
2025-03-07,B03,5.0,4995.0,999.0,0
2025-03-08,B03,4.0,3996.0,999.0,0
2025-03-09,B03,7.0,6993.0,999.0,0
2025-03-10,B03,4.0,3996.0,999.0,0
2025-03-11,B03,3.0,2997.0,999.0,0
2025-03-12,B03,4.0,3996.0,999.0,0
2025-03-13,B03,4.0,3996.0,999.0,0
2025-03-14,B03,6.0,5994.0,999.0,0
2025-03-15,B03,2.0,1998.0,999.0,0
2025-03-16,B03,2.0,1998.0,999.0,0
2025-03-17,B03,5.0,4995.0,999.0,0
2025-03-18,B03,4.0,3996.0,999.0,0
2025-03-19,B03,4.0,3996.0,999.0,0
2025-03-20,B03,5.0,4995.0,999.0,0
2025-03-21,B03,6.0,5994.0,999.0,0
2025-03-22,B03,6.0,5994.0,999.0,0
2025-03-23,B03,3.0,2997.0,999.0,0
2025-03-24,B03,3.0,2997.0,999.0,0
2025-03-25,B03,4.0,3996.0,999.0,0
2025-03-26,B03,8.0,7992.0,999.0,0
2025-03-27,B03,5.0,4995.0,999.0,0
2025-03-28,B03,4.0,3996.0,999.0,0
2025-03-29,B03,4.0,3996.0,999.0,0
2025-03-30,B03,7.0,6993.0,999.0,0
2025-03-31,B03,5.0,4995.0,999.0,0
2025-04-01,B03,2.0,1998.0,999.0,0
2025-04-02,B03,7.0,6993.0,999.0,0
2025-04-03,B03,5.0,4995.0,999.0,0
2025-04-04,B03,2.0,1998.0,999.0,0
2025-04-05,B03,4.0,3996.0,999.0,0
2025-04-06,B03,3.0,2997.0,999.0,0
2025-04-07,B03,4.0,3996.0,999.0,0
2025-04-08,B03,2.0,1998.0,999.0,0
2025-04-09,B03,2.0,1998.0,999.0,0
2025-04-10,B03,4.0,3996.0,999.0,0
2025-04-11,B03,1.0,999.0,999.0,0
2025-04-12,B03,5.0,4995.0,999.0,0
2025-04-13,B03,4.0,3996.0,999.0,0
2025-04-14,B03,4.0,3996.0,999.0,0
2025-04-15,B03,3.0,2997.0,999.0,0
2025-04-16,B03,1.0,999.0,999.0,0
2025-04-17,B03,3.0,2997.0,999.0,0
2025-04-18,B03,2.0,1998.0,999.0,0
2025-04-19,B03,5.0,4995.0,999.0,0
2025-04-20,B03,3.0,2997.0,999.0,0
2025-04-21,B03,5.0,4995.0,999.0,0
2025-04-22,B03,3.0,2997.0,999.0,0
2025-04-23,B03,3.0,2997.0,999.0,0
2025-04-24,B03,3.0,2997.0,999.0,0
2025-04-25,B03,5.0,4995.0,999.0,0
2025-04-26,B03,4.0,3996.0,999.0,0
2025-04-27,B03,3.0,2997.0,999.0,0
2025-04-28,B03,7.0,6993.0,999.0,0
2025-04-29,B03,2.0,1998.0,999.0,0
2025-04-30,B03,4.0,3996.0,999.0,0
2025-05-01,B03,7.0,6993.0,999.0,0
2025-05-02,B03,1.0,999.0,999.0,0
2025-05-03,B03,3.0,2997.0,999.0,0
2025-05-04,B03,6.0,5994.0,999.0,0
2025-05-05,B03,4.0,3996.0,999.0,0
2025-05-06,B03,0.0,0.0,999.0,0
2025-05-07,B03,3.0,2997.0,999.0,0
2025-05-08,B03,3.0,2997.0,999.0,0
2025-05-09,B03,4.0,3996.0,999.0,0
2025-05-10,B03,3.0,2547.0,849.0,1
2025-05-11,B03,7.0,5943.0,849.0,1
2025-05-12,B03,6.0,5094.0,849.0,1
2025-05-13,B03,6.0,5094.0,849.0,1
2025-05-14,B03,2.0,1698.0,849.0,1
2025-05-15,B03,1.0,849.0,849.0,1
2025-05-16,B03,2.0,1698.0,849.0,1
2025-05-17,B03,4.0,3396.0,849.0,1
2025-05-18,B03,6.0,5094.0,849.0,1
2025-05-19,B03,2.0,1698.0,849.0,1
2025-05-20,B03,1.0,999.0,999.0,0
2025-05-21,B03,1.0,999.0,999.0,0
2025-05-22,B03,4.0,3996.0,999.0,0
2025-05-23,B03,3.0,2997.0,999.0,0
2025-05-24,B03,2.0,1998.0,999.0,0
2025-05-25,B03,10.0,9990.0,999.0,0
2025-05-26,B03,3.0,2997.0,999.0,0
2025-05-27,B03,1.0,999.0,999.0,0
2025-05-28,B03,3.0,2997.0,999.0,0
2025-05-29,B03,3.0,2997.0,999.0,0
2025-05-30,B03,1.0,999.0,999.0,0
2025-05-31,B03,4.0,3996.0,999.0,0
2025-06-01,B03,2.0,1998.0,999.0,0
2025-06-02,B03,1.0,999.0,999.0,0
2025-06-03,B03,1.0,999.0,999.0,0
2025-06-04,B03,0.0,0.0,999.0,0
2025-06-05,B03,0.0,0.0,999.0,0
2025-06-06,B03,3.0,2997.0,999.0,0
2025-06-07,B03,2.0,1998.0,999.0,0
2025-06-08,B03,3.0,2997.0,999.0,0
2025-06-09,B03,0.0,0.0,999.0,0
2025-06-10,B03,2.0,1998.0,999.0,0
2025-06-11,B03,2.0,1998.0,999.0,0
2025-06-12,B03,6.0,5994.0,999.0,0
2025-06-13,B03,2.0,1998.0,999.0,0
2025-06-14,B03,5.0,4995.0,999.0,0
2025-06-15,B03,2.0,1998.0,999.0,0
2025-06-16,B03,0.0,0.0,999.0,0
2025-06-17,B03,1.0,999.0,999.0,0
2025-06-18,B03,0.0,0.0,999.0,0
2025-06-19,B03,2.0,1998.0,999.0,0
2025-06-20,B03,1.0,999.0,999.0,0
2025-06-21,B03,0.0,0.0,999.0,0
2025-06-22,B03,3.0,2997.0,999.0,0
2025-06-23,B03,3.0,2997.0,999.0,0
2025-06-24,B03,7.0,6993.0,999.0,0
2025-06-25,B03,4.0,3996.0,999.0,0
2025-06-26,B03,3.0,2997.0,999.0,0
2025-06-27,B03,2.0,1998.0,999.0,0
2025-06-28,B03,1.0,999.0,999.0,0
2025-06-29,B03,2.0,1998.0,999.0,0
2025-06-30,B03,0.0,0.0,999.0,0
2025-07-01,B03,2.0,1998.0,999.0,0
2025-07-02,B03,1.0,999.0,999.0,0
2025-07-03,B03,3.0,2997.0,999.0,0
2025-07-04,B03,5.0,4995.0,999.0,0
2025-07-05,B03,2.0,1998.0,999.0,0
2025-07-06,B03,4.0,3996.0,999.0,0
2025-07-07,B03,4.0,3996.0,999.0,0
2025-07-08,B03,3.0,2997.0,999.0,0
2025-07-09,B03,2.0,1998.0,999.0,0
2025-07-10,B03,1.0,999.0,999.0,0
2025-07-11,B03,1.0,999.0,999.0,0
2025-07-12,B03,3.0,2997.0,999.0,0
2025-07-13,B03,5.0,4995.0,999.0,0
2025-07-14,B03,1.0,999.0,999.0,0
2025-07-15,B03,3.0,2997.0,999.0,0
2025-07-16,B03,0.0,0.0,999.0,0
2025-07-17,B03,5.0,4995.0,999.0,0
2025-07-18,B03,6.0,5994.0,999.0,0
2025-07-19,B03,3.0,2997.0,999.0,0
2025-07-20,B03,2.0,1998.0,999.0,0
2025-07-21,B03,1.0,999.0,999.0,0
2025-07-22,B03,4.0,3996.0,999.0,0
2025-07-23,B03,4.0,3996.0,999.0,0
2025-07-24,B03,5.0,4995.0,999.0,0
2025-07-25,B03,3.0,2997.0,999.0,0
2025-07-26,B03,2.0,1998.0,999.0,0
2025-07-27,B03,5.0,4995.0,999.0,0
2025-07-28,B03,1.0,999.0,999.0,0
2025-07-29,B03,3.0,2997.0,999.0,0
2025-07-30,B03,3.0,2997.0,999.0,0
2025-07-31,B03,3.0,2997.0,999.0,0
2025-08-01,B03,8.0,7992.0,999.0,0
2025-08-02,B03,2.0,1998.0,999.0,0
2025-08-03,B03,3.0,2997.0,999.0,0
2025-08-04,B03,0.0,0.0,999.0,0
2025-08-05,B03,3.0,2997.0,999.0,0
2025-08-06,B03,5.0,4995.0,999.0,0
2025-08-07,B03,2.0,1998.0,999.0,0
2025-08-08,B03,2.0,1998.0,999.0,0
2025-08-09,B03,4.0,3996.0,999.0,0
2025-08-10,B03,5.0,4995.0,999.0,0
2025-08-11,B03,6.0,5994.0,999.0,0
2025-08-12,B03,0.0,0.0,999.0,0
2025-08-13,B03,6.0,5994.0,999.0,0
2025-08-14,B03,3.0,2997.0,999.0,0
2025-08-15,B03,1.0,999.0,999.0,0
2025-08-16,B03,4.0,3996.0,999.0,0
2025-08-17,B03,3.0,2997.0,999.0,0
2025-08-18,B03,3.0,2997.0,999.0,0
2025-08-19,B03,8.0,7992.0,999.0,0
2025-08-20,B03,5.0,4995.0,999.0,0
2025-08-21,B03,5.0,4995.0,999.0,0
2025-08-22,B03,1.0,999.0,999.0,0
2025-08-23,B03,4.0,3996.0,999.0,0
2025-08-24,B03,3.0,2997.0,999.0,0
2025-08-25,B03,3.0,2997.0,999.0,0
2025-08-26,B03,2.0,1998.0,999.0,0
2025-08-27,B03,5.0,4995.0,999.0,0
2025-08-28,B03,4.0,3996.0,999.0,0
2025-08-29,B03,6.0,5994.0,999.0,0
2025-08-30,B03,4.0,3996.0,999.0,0
2025-08-31,B03,4.0,3996.0,999.0,0
2025-09-01,B03,4.0,3996.0,999.0,0
2025-09-02,B03,7.0,6993.0,999.0,0
2025-09-03,B03,4.0,3996.0,999.0,0
2025-09-04,B03,5.0,4995.0,999.0,0
2025-09-05,B03,0.0,0.0,999.0,0
2025-09-06,B03,6.0,5994.0,999.0,0
2025-09-07,B03,3.0,2997.0,999.0,0
2025-09-08,B03,3.0,2997.0,999.0,0
2025-09-09,B03,4.0,3996.0,999.0,0
2025-09-10,B03,8.0,7992.0,999.0,0
2025-09-11,B03,5.0,4995.0,999.0,0
2025-09-12,B03,2.0,1998.0,999.0,0
2025-09-13,B03,3.0,2997.0,999.0,0
2025-09-14,B03,8.0,7992.0,999.0,0
2025-09-15,B03,3.0,2997.0,999.0,0
2025-09-16,B03,3.0,2997.0,999.0,0
2025-09-17,B03,4.0,3996.0,999.0,0
2025-09-18,B03,3.0,2997.0,999.0,0
2025-09-19,B03,5.0,4995.0,999.0,0
2025-09-20,B03,7.0,6993.0,999.0,0
2025-09-21,B03,6.0,5994.0,999.0,0
2025-09-22,B03,9.0,8991.0,999.0,0
2025-09-23,B03,11.0,10989.0,999.0,0
2025-09-24,B03,3.0,2997.0,999.0,0
2025-09-25,B03,7.0,6993.0,999.0,0
2025-09-26,B03,7.0,6993.0,999.0,0
2025-09-27,B03,3.0,2997.0,999.0,0
2025-09-28,B03,5.0,4995.0,999.0,0
2025-09-29,B03,7.0,6993.0,999.0,0
2025-09-30,B03,7.0,6993.0,999.0,0
2025-10-01,B03,2.0,1998.0,999.0,0
2025-10-02,B03,4.0,3996.0,999.0,0
2025-10-03,B03,6.0,5994.0,999.0,0
2025-10-04,B03,5.0,4995.0,999.0,0
2025-10-05,B03,7.0,6993.0,999.0,0
2025-10-06,B03,10.0,9990.0,999.0,0
2025-10-07,B03,4.0,3996.0,999.0,0
2025-10-08,B03,10.0,9990.0,999.0,0
2025-10-09,B03,2.0,1998.0,999.0,0
2025-10-10,B03,9.0,8991.0,999.0,0
2025-10-11,B03,8.0,7992.0,999.0,0
2025-10-12,B03,7.0,6993.0,999.0,0
2025-10-13,B03,9.0,8991.0,999.0,0
2025-10-14,B03,7.0,6993.0,999.0,0
2025-10-15,B03,11.0,9339.0,849.0,1
2025-10-16,B03,7.0,5943.0,849.0,1
2025-10-17,B03,13.0,11037.0,849.0,1
2025-10-18,B03,5.0,4245.0,849.0,1
2025-10-19,B03,9.0,7641.0,849.0,1
2025-10-20,B03,5.0,4245.0,849.0,1
2025-10-21,B03,10.0,8490.0,849.0,1
2025-10-22,B03,5.0,4995.0,999.0,0
2025-10-23,B03,8.0,7992.0,999.0,0
2025-10-24,B03,7.0,6993.0,999.0,0
2025-10-25,B03,6.0,5994.0,999.0,0
2025-10-26,B03,11.0,10989.0,999.0,0
2025-10-27,B03,6.0,5994.0,999.0,0
2025-10-28,B03,8.0,7992.0,999.0,0
2025-10-29,B03,9.0,8991.0,999.0,0
2025-10-30,B03,6.0,5994.0,999.0,0
2025-10-31,B03,8.0,7992.0,999.0,0
2025-11-01,B03,3.0,2997.0,999.0,0
2025-11-02,B03,8.0,7992.0,999.0,0
2025-11-03,B03,8.0,7992.0,999.0,0
2025-11-04,B03,7.0,6993.0,999.0,0
2025-11-05,B03,5.0,4995.0,999.0,0
2025-11-06,B03,10.0,9990.0,999.0,0
2025-11-07,B03,3.0,2997.0,999.0,0
2025-11-08,B03,7.0,6993.0,999.0,0
2025-11-09,B03,5.0,4995.0,999.0,0
2025-11-10,B03,5.0,4995.0,999.0,0
2025-11-11,B03,6.0,5994.0,999.0,0
2025-11-12,B03,7.0,6993.0,999.0,0
2025-11-13,B03,3.0,2997.0,999.0,0
2025-11-14,B03,10.0,9990.0,999.0,0
2025-11-15,B03,18.0,17982.0,999.0,0
2025-11-16,B03,9.0,8991.0,999.0,0
2025-11-17,B03,11.0,10989.0,999.0,0
2025-11-18,B03,10.0,9990.0,999.0,0
2025-11-19,B03,5.0,4995.0,999.0,0
2025-11-20,B03,10.0,9990.0,999.0,0
2025-11-21,B03,7.0,6993.0,999.0,0
2025-11-22,B03,6.0,5994.0,999.0,0
2025-11-23,B03,8.0,7992.0,999.0,0
2025-11-24,B03,11.0,10989.0,999.0,0
2025-11-25,B03,7.0,6993.0,999.0,0
2025-11-26,B03,5.0,4995.0,999.0,0
2025-11-27,B03,6.0,5994.0,999.0,0
2025-11-28,B03,6.0,5994.0,999.0,0
2025-11-29,B03,15.0,14985.0,999.0,0
2025-11-30,B03,6.0,5994.0,999.0,0
2025-12-01,B03,4.0,3996.0,999.0,0
2025-12-02,B03,4.0,3996.0,999.0,0
2025-12-03,B03,7.0,6993.0,999.0,0
2025-12-04,B03,7.0,6993.0,999.0,0
2025-12-05,B03,10.0,9990.0,999.0,0
2025-12-06,B03,10.0,9990.0,999.0,0
2025-12-07,B03,7.0,6993.0,999.0,0
2025-12-08,B03,6.0,5994.0,999.0,0
2025-12-09,B03,10.0,9990.0,999.0,0
2025-12-10,B03,4.0,3996.0,999.0,0
2025-12-11,B03,7.0,6993.0,999.0,0
2025-12-12,B03,7.0,6993.0,999.0,0
2025-12-13,B03,8.0,7992.0,999.0,0
2025-12-14,B03,8.0,7992.0,999.0,0
2025-12-15,B03,8.0,7992.0,999.0,0
2025-12-16,B03,14.0,13986.0,999.0,0
2025-12-17,B03,10.0,9990.0,999.0,0
2025-12-18,B03,16.0,15984.0,999.0,0
2025-12-19,B03,10.0,9990.0,999.0,0
2025-12-20,B03,6.0,5994.0,999.0,0
2025-12-21,B03,7.0,6993.0,999.0,0
2025-12-22,B03,6.0,5994.0,999.0,0
2025-12-23,B03,6.0,5994.0,999.0,0
2025-12-24,B03,11.0,10989.0,999.0,0
2025-12-25,B03,8.0,7992.0,999.0,0
2025-12-26,B03,10.0,9990.0,999.0,0
2025-12-27,B03,13.0,12987.0,999.0,0
2025-12-28,B03,12.0,11988.0,999.0,0
2025-12-29,B03,4.0,3996.0,999.0,0
2025-12-30,B03,7.0,6993.0,999.0,0
2025-12-31,B03,9.0,8991.0,999.0,0
2026-01-01,B03,10.0,9990.0,999.0,0
2026-01-02,B03,8.0,7992.0,999.0,0
2026-01-03,B03,9.0,8991.0,999.0,0
2026-01-04,B03,14.0,13986.0,999.0,0
2026-01-05,B03,5.0,4995.0,999.0,0
2026-01-06,B03,9.0,8991.0,999.0,0
2026-01-07,B03,8.0,7992.0,999.0,0
2026-01-08,B03,6.0,5994.0,999.0,0
2026-01-09,B03,7.0,6993.0,999.0,0
2026-01-10,B03,8.0,7992.0,999.0,0
2026-01-11,B03,11.0,10989.0,999.0,0
2026-01-12,B03,8.0,7992.0,999.0,0
2026-01-13,B03,6.0,5994.0,999.0,0
2026-01-14,B03,7.0,6993.0,999.0,0
2026-01-15,B03,8.0,7992.0,999.0,0
2026-01-16,B03,6.0,5994.0,999.0,0
2026-01-17,B03,7.0,6993.0,999.0,0
2026-01-18,B03,6.0,5994.0,999.0,0
2026-01-19,B03,11.0,10989.0,999.0,0
2026-01-20,B03,5.0,4995.0,999.0,0
2026-01-21,B03,7.0,6993.0,999.0,0
2026-01-22,B03,11.0,9339.0,849.0,1
2026-01-23,B03,5.0,4245.0,849.0,1
2026-01-24,B03,9.0,7641.0,849.0,1
2026-01-25,B03,10.0,8490.0,849.0,1
2026-01-26,B03,19.0,16131.0,849.0,1
2026-01-27,B03,7.0,5943.0,849.0,1
2026-01-28,B03,6.0,5094.0,849.0,1
2026-01-29,B03,11.0,10989.0,999.0,0
2026-01-30,B03,8.0,7992.0,999.0,0
2026-01-31,B03,12.0,11988.0,999.0,0
2026-02-01,B03,9.0,8991.0,999.0,0
2026-02-02,B03,6.0,5994.0,999.0,0
2026-02-03,B03,7.0,6993.0,999.0,0
2026-02-04,B03,6.0,5994.0,999.0,0
2026-02-05,B03,2.0,1998.0,999.0,0
2026-02-06,B03,7.0,6993.0,999.0,0
2026-02-07,B03,14.0,13986.0,999.0,0
2026-02-08,B03,11.0,10989.0,999.0,0
2026-02-09,B03,3.0,2997.0,999.0,0
2026-02-10,B03,10.0,9990.0,999.0,0
2026-02-11,B03,7.0,6993.0,999.0,0
2026-02-12,B03,10.0,9990.0,999.0,0
2026-02-13,B03,7.0,6993.0,999.0,0
2026-02-14,B03,4.0,3996.0,999.0,0
2026-02-15,B03,6.0,5994.0,999.0,0
2026-02-16,B03,7.0,6993.0,999.0,0
2026-02-17,B03,8.0,7992.0,999.0,0
2026-02-18,B03,8.0,7992.0,999.0,0
2026-02-19,B03,10.0,9990.0,999.0,0
2026-02-20,B03,6.0,5994.0,999.0,0
2026-02-21,B03,9.0,8991.0,999.0,0
2026-02-22,B03,12.0,11988.0,999.0,0
2026-02-23,B03,7.0,6993.0,999.0,0
2026-02-24,B03,8.0,7992.0,999.0,0
2026-02-25,B03,6.0,5994.0,999.0,0
2026-02-26,B03,9.0,8991.0,999.0,0
2026-02-27,B03,3.0,2997.0,999.0,0
2026-02-28,B03,9.0,8991.0,999.0,0
2026-03-01,B03,9.0,8991.0,999.0,0
2026-03-02,B03,1.0,999.0,999.0,0
2026-03-03,B03,4.0,3996.0,999.0,0
2026-03-04,B03,5.0,4995.0,999.0,0
2026-03-05,B03,6.0,5994.0,999.0,0
2026-03-06,B03,5.0,4995.0,999.0,0
2026-03-07,B03,2.0,1998.0,999.0,0
2026-03-08,B03,10.0,9990.0,999.0,0
2026-03-09,B03,9.0,8991.0,999.0,0
2026-03-10,B03,6.0,5994.0,999.0,0
2026-03-11,B03,10.0,9990.0,999.0,0
2026-03-12,B03,6.0,5994.0,999.0,0
2026-03-13,B03,4.0,3996.0,999.0,0
2026-03-14,B03,4.0,3996.0,999.0,0
2026-03-15,B03,6.0,5994.0,999.0,0
2026-03-16,B03,6.0,5994.0,999.0,0
2026-03-17,B03,7.0,6993.0,999.0,0
2026-03-18,B03,3.0,2997.0,999.0,0
2026-03-19,B03,9.0,8991.0,999.0,0
2026-03-20,B03,8.0,7992.0,999.0,0
2026-03-21,B03,7.0,6993.0,999.0,0
2026-03-22,B03,5.0,4995.0,999.0,0
2026-03-23,B03,5.0,4995.0,999.0,0
2026-03-24,B03,2.0,1998.0,999.0,0
2026-03-25,B03,4.0,3996.0,999.0,0
2026-03-26,B03,2.0,1998.0,999.0,0
2026-03-27,B03,2.0,1998.0,999.0,0
2026-03-28,B03,3.0,2997.0,999.0,0
2026-03-29,B03,5.0,4995.0,999.0,0
2026-03-30,B03,4.0,3996.0,999.0,0
2026-03-31,B03,4.0,3996.0,999.0,0
2026-04-01,B03,1.0,999.0,999.0,0
2026-04-02,B03,4.0,3996.0,999.0,0
2026-04-03,B03,5.0,4995.0,999.0,0
2026-04-04,B03,2.0,1998.0,999.0,0
2026-04-05,B03,4.0,3996.0,999.0,0
2026-04-06,B03,7.0,6993.0,999.0,0
2026-04-07,B03,3.0,2997.0,999.0,0
2026-04-08,B03,7.0,6993.0,999.0,0
2026-04-09,B03,6.0,5994.0,999.0,0
2026-04-10,B03,3.0,2997.0,999.0,0
2026-04-11,B03,6.0,5994.0,999.0,0
2026-04-12,B03,2.0,1998.0,999.0,0
2026-04-13,B03,8.0,7992.0,999.0,0
2026-04-14,B03,4.0,3996.0,999.0,0
2026-04-15,B03,6.0,5994.0,999.0,0
2026-04-16,B03,5.0,4995.0,999.0,0
2026-04-17,B03,2.0,1998.0,999.0,0
2026-04-18,B03,5.0,4995.0,999.0,0
2026-04-19,B03,2.0,1998.0,999.0,0
2026-04-20,B03,4.0,3996.0,999.0,0
2026-04-21,B03,1.0,999.0,999.0,0
2026-04-22,B03,2.0,1998.0,999.0,0
2026-04-23,B03,1.0,999.0,999.0,0
2026-04-24,B03,1.0,999.0,999.0,0
2026-04-25,B03,6.0,5994.0,999.0,0
2026-04-26,B03,3.0,2997.0,999.0,0
2026-04-27,B03,5.0,4995.0,999.0,0
2026-04-28,B03,4.0,3996.0,999.0,0
2026-04-29,B03,4.0,3996.0,999.0,0
2026-04-30,B03,4.0,3996.0,999.0,0
2026-05-01,B03,4.0,3996.0,999.0,0
2026-05-02,B03,5.0,4995.0,999.0,0
2026-05-03,B03,7.0,6993.0,999.0,0
2026-05-04,B03,1.0,999.0,999.0,0
2026-05-05,B03,3.0,2997.0,999.0,0
2026-05-06,B03,3.0,2997.0,999.0,0
2026-05-07,B03,2.0,1998.0,999.0,0
2026-05-08,B03,2.0,1998.0,999.0,0
2026-05-09,B03,2.0,1998.0,999.0,0
2026-05-10,B03,6.0,5094.0,849.0,1
2026-05-11,B03,1.0,849.0,849.0,1
2026-05-12,B03,2.0,1698.0,849.0,1
2026-05-13,B03,1.0,849.0,849.0,1
2026-05-14,B03,7.0,5943.0,849.0,1
2026-05-15,B03,4.0,3396.0,849.0,1
2026-05-16,B03,4.0,3396.0,849.0,1
2026-05-17,B03,11.0,9339.0,849.0,1
2026-05-18,B03,1.0,849.0,849.0,1
2026-05-19,B03,7.0,5943.0,849.0,1
2026-05-20,B03,2.0,1998.0,999.0,0
2026-05-21,B03,0.0,0.0,999.0,0
2026-05-22,B03,4.0,3996.0,999.0,0
2026-05-23,B03,1.0,999.0,999.0,0
2026-05-24,B03,5.0,4995.0,999.0,0
2026-05-25,B03,2.0,1998.0,999.0,0
2026-05-26,B03,4.0,3996.0,999.0,0
2026-05-27,B03,4.0,3996.0,999.0,0
2026-05-28,B03,2.0,1998.0,999.0,0
2026-05-29,B03,3.0,2997.0,999.0,0
2026-05-30,B03,2.0,1998.0,999.0,0
2026-05-31,B03,3.0,2997.0,999.0,0
2026-06-01,B03,3.0,2997.0,999.0,0
2026-06-02,B03,4.0,3996.0,999.0,0
2026-06-03,B03,1.0,999.0,999.0,0
2026-06-04,B03,1.0,999.0,999.0,0
2026-06-05,B03,1.0,999.0,999.0,0
2026-06-06,B03,4.0,3996.0,999.0,0
2026-06-07,B03,1.0,999.0,999.0,0
2026-06-08,B03,2.0,1998.0,999.0,0
2026-06-09,B03,3.0,2997.0,999.0,0
2026-06-10,B03,2.0,1998.0,999.0,0
2026-06-11,B03,4.0,3996.0,999.0,0
2026-06-12,B03,3.0,2997.0,999.0,0
2026-06-13,B03,5.0,4995.0,999.0,0
2026-06-14,B03,2.0,1998.0,999.0,0
2026-06-15,B03,1.0,999.0,999.0,0
2026-06-16,B03,2.0,1998.0,999.0,0
2026-06-17,B03,5.0,4995.0,999.0,0
2026-06-18,B03,1.0,999.0,999.0,0
2026-06-19,B03,1.0,999.0,999.0,0
2026-06-20,B03,1.0,999.0,999.0,0
2026-06-21,B03,2.0,1998.0,999.0,0
2026-06-22,B03,2.0,1998.0,999.0,0
2026-06-23,B03,1.0,999.0,999.0,0
2026-06-24,B03,3.0,2997.0,999.0,0
2026-06-25,B03,2.0,1998.0,999.0,0
2026-06-26,B03,3.0,2997.0,999.0,0
2026-06-27,B03,4.0,3996.0,999.0,0
2026-06-28,B03,1.0,999.0,999.0,0
2026-06-29,B03,2.0,1998.0,999.0,0
2026-06-30,B03,3.0,2997.0,999.0,0
2026-07-01,B03,1.0,999.0,999.0,0
2026-07-02,B03,4.0,3996.0,999.0,0
2026-07-03,B03,2.0,1998.0,999.0,0
2026-07-04,B03,0.0,0.0,999.0,0
2026-07-05,B03,3.0,2997.0,999.0,0
2026-07-06,B03,5.0,4995.0,999.0,0
2026-07-07,B03,3.0,2997.0,999.0,0
2026-07-08,B03,6.0,5994.0,999.0,0
2026-07-09,B03,5.0,4995.0,999.0,0
2026-07-10,B03,2.0,1998.0,999.0,0
2026-07-11,B03,3.0,2997.0,999.0,0
2026-07-12,B03,2.0,1998.0,999.0,0
2026-07-13,B03,1.0,999.0,999.0,0
2026-07-14,B03,3.0,2997.0,999.0,0
2026-07-15,B03,3.0,2997.0,999.0,0
2026-07-16,B03,1.0,999.0,999.0,0
2026-07-17,B03,2.0,1998.0,999.0,0
2026-07-18,B03,1.0,999.0,999.0,0
2026-07-19,B03,2.0,1998.0,999.0,0
2026-07-20,B03,2.0,1998.0,999.0,0
2026-07-21,B03,4.0,3996.0,999.0,0
2026-07-22,B03,3.0,2997.0,999.0,0
2026-07-23,B03,5.0,4995.0,999.0,0
2026-07-24,B03,1.0,999.0,999.0,0
2026-07-25,B03,5.0,4995.0,999.0,0
2026-07-26,B03,5.0,4995.0,999.0,0
2026-07-27,B03,6.0,5994.0,999.0,0
2026-07-28,B03,0.0,0.0,999.0,0
2026-07-29,B03,5.0,4995.0,999.0,0
2026-07-30,B03,4.0,3996.0,999.0,0
2026-07-31,B03,0.0,0.0,999.0,0
2026-08-01,B03,5.0,4995.0,999.0,0
2026-08-02,B03,8.0,7992.0,999.0,0
2026-08-03,B03,5.0,4995.0,999.0,0
2026-08-04,B03,7.0,6993.0,999.0,0
2026-08-05,B03,5.0,4995.0,999.0,0
2026-08-06,B03,2.0,1998.0,999.0,0
2026-08-07,B03,2.0,1998.0,999.0,0
2026-08-08,B03,4.0,3996.0,999.0,0
2026-08-09,B03,8.0,7992.0,999.0,0
2026-08-10,B03,4.0,3996.0,999.0,0
2026-08-11,B03,4.0,3996.0,999.0,0
2026-08-12,B03,1.0,999.0,999.0,0
2026-08-13,B03,8.0,7992.0,999.0,0
2026-08-14,B03,1.0,999.0,999.0,0
2026-08-15,B03,5.0,4995.0,999.0,0
2026-08-16,B03,4.0,3996.0,999.0,0
2026-08-17,B03,1.0,999.0,999.0,0
2026-08-18,B03,4.0,3996.0,999.0,0
2026-08-19,B03,4.0,3996.0,999.0,0
2026-08-20,B03,6.0,5994.0,999.0,0
2026-08-21,B03,6.0,5994.0,999.0,0
2026-08-22,B03,2.0,1998.0,999.0,0
2026-08-23,B03,6.0,5994.0,999.0,0
2026-08-24,B03,4.0,3996.0,999.0,0
2026-08-25,B03,6.0,5994.0,999.0,0
2026-08-26,B03,2.0,1998.0,999.0,0
2026-08-27,B03,5.0,4995.0,999.0,0
2026-08-28,B03,4.0,3996.0,999.0,0
2026-08-29,B03,6.0,5994.0,999.0,0
2026-08-30,B03,3.0,2997.0,999.0,0
2026-08-31,B03,3.0,2997.0,999.0,0
2026-09-01,B03,2.0,1998.0,999.0,0
2026-09-02,B03,2.0,1998.0,999.0,0
2026-09-03,B03,7.0,6993.0,999.0,0
2026-09-04,B03,6.0,5994.0,999.0,0
2026-09-05,B03,7.0,6993.0,999.0,0
2026-09-06,B03,3.0,2997.0,999.0,0
2026-09-07,B03,7.0,6993.0,999.0,0
2026-09-08,B03,2.0,1998.0,999.0,0
2026-09-09,B03,2.0,1998.0,999.0,0
2026-09-10,B03,1.0,999.0,999.0,0
2026-09-11,B03,5.0,4995.0,999.0,0
2026-09-12,B03,11.0,10989.0,999.0,0
2026-09-13,B03,7.0,6993.0,999.0,0
2026-09-14,B03,6.0,5994.0,999.0,0
2026-09-15,B03,4.0,3996.0,999.0,0
2026-09-16,B03,4.0,3996.0,999.0,0
2026-09-17,B03,2.0,1998.0,999.0,0
2026-09-18,B03,11.0,10989.0,999.0,0
2026-09-19,B03,5.0,4995.0,999.0,0
2026-09-20,B03,9.0,8991.0,999.0,0
2026-09-21,B03,4.0,3996.0,999.0,0
2026-09-22,B03,7.0,6993.0,999.0,0
2026-09-23,B03,7.0,6993.0,999.0,0
2026-09-24,B03,4.0,3996.0,999.0,0
2026-09-25,B03,6.0,5994.0,999.0,0
2026-09-26,B03,11.0,10989.0,999.0,0
2026-09-27,B03,11.0,10989.0,999.0,0
2024-01-08,D03,3.0,1647.0,549.0,0
2024-07-04,D03,1.0,549.0,549.0,0
2025-01-05,B01,5.0,4495.0,899.0,0
2025-11-06,D01,20.0,3980.0,199.0,0
2024-02-05,K01,3.0,1197.0,399.0,0
2025-10-26,K03,9.0,2691.0,299.0,0
2025-04-23,A01,4.0,3996.0,999.0,0
2026-06-11,A01,3.0,2997.0,999.0,0
2024-01-18,K03,5.0,1495.0,299.0,0
2026-09-27,B02,2.0,698.0,349.0,0
2025-02-14,A02,6.0,10794.0,1799.0,0
2024-06-04,D01,9.0,1791.0,199.0,0
2026-07-24,K02,4.0,596.0,149.0,0
2026-08-07,B01,5.0,4495.0,899.0,0
2025-04-24,K01,18.0,7182.0,399.0,0
2025-08-12,A02,2.0,3598.0,1799.0,0
2026-08-28,K01,15.0,5985.0,399.0,0
2024-03-26,K03,6.0,1794.0,299.0,0
2025-08-27,D04,1.0,249.0,249.0,0
2024-12-16,B02,6.0,2094.0,349.0,0
2024-12-06,D01,10.0,1990.0,199.0,0
2026-08-14,B03,1.0,999.0,999.0,0
2025-07-03,B02,11.0,3839.0,349.0,0
2024-10-11,A02,3.0,5397.0,1799.0,0
2025-05-12,B02,12.0,3564.0,297.0,1
